age,job,marital,education,default,housing,y
30,1,1,1,1,2,1
39,8,2,4,1,1,1
25,8,1,4,1,2,1
38,8,1,1,1,0,1
47,2,1,7,1,2,1
32,8,2,7,1,1,1
32,2,2,7,1,2,1
41,3,1,7,0,2,1
31,8,3,6,1,1,1
35,1,1,1,0,1,1
25,8,2,3,0,2,1
36,7,2,2,1,1,1
36,2,1,4,1,1,1
47,1,1,2,1,2,1
29,2,2,4,1,1,1
27,8,2,7,1,1,1
44,2,3,7,1,1,1
46,2,3,7,1,2,1
45,3,1,7,0,2,1
50,1,1,2,1,1,2
55,8,1,3,0,2,1
39,10,3,4,1,1,2
29,10,2,7,1,2,1
40,5,1,4,1,1,1
44,10,1,6,0,2,1
38,10,1,6,1,2,2
36,10,3,6,1,1,1
28,1,1,3,0,1,1
47,2,2,0,0,1,1
34,2,1,7,1,1,1
38,10,1,7,1,2,1
33,8,1,4,0,2,1
51,10,2,7,1,1,1
30,1,2,2,0,2,1
48,10,1,7,1,1,1
28,1,2,1,1,2,1
36,1,1,3,1,2,1
46,5,3,4,1,1,1
31,10,2,0,1,2,1
20,9,2,0,1,1,1
35,8,1,4,0,2,1
38,1,1,1,0,0,1
76,6,1,7,1,1,1
45,3,3,6,1,2,1
32,4,1,2,1,2,1
39,5,2,7,0,1,1
32,2,1,7,1,1,1
29,2,2,1,1,1,1
44,8,1,6,1,1,1
32,8,1,4,1,1,1
56,6,1,7,1,2,1
33,1,1,1,1,2,1
39,5,1,4,1,1,1
24,10,1,7,1,2,2
33,2,2,7,1,2,1
58,3,3,7,1,1,1
29,2,2,7,1,2,1
31,2,1,7,1,2,1
27,2,1,7,1,1,1
60,2,3,6,1,2,2
55,3,1,6,1,2,1
37,1,1,1,1,2,1
52,2,1,0,1,2,2
46,8,1,4,1,2,1
42,1,3,3,1,2,1
35,2,2,7,1,2,1
49,10,3,0,1,2,1
29,8,3,4,1,1,1
32,1,1,1,1,1,2
37,7,1,7,1,1,1
39,10,2,6,0,1,2
51,8,1,4,0,2,2
28,2,2,4,1,2,1
34,5,1,7,1,2,1
31,10,2,4,1,2,2
31,2,1,7,1,2,1
31,2,2,7,1,2,1
38,7,2,7,1,1,1
33,11,1,1,1,1,1
32,10,2,7,1,1,1
54,10,1,6,0,2,1
41,2,3,4,1,2,1
59,8,1,2,0,1,1
57,6,1,7,1,2,1
38,3,3,7,1,2,1
46,2,1,7,1,2,1
37,11,2,7,1,2,1
47,8,2,1,1,0,2
45,2,2,7,1,1,2
36,1,1,3,1,2,1
40,11,2,4,1,2,1
38,1,1,1,1,1,1
44,1,1,4,0,1,1
25,7,1,7,1,2,1
30,1,2,3,1,2,1
43,5,1,6,1,1,1
58,6,1,3,0,1,1
31,10,1,6,1,2,1
53,5,1,7,1,1,1
52,2,1,0,1,1,1
37,5,1,7,0,1,1
58,2,1,4,0,2,1
37,8,1,4,1,2,1
38,2,2,0,1,2,1
33,8,2,1,1,2,1
45,8,1,4,0,2,1
44,3,1,6,1,1,1
38,1,1,3,1,2,1
34,1,1,1,1,1,1
47,5,1,7,1,2,1
59,2,1,7,1,2,1
51,1,1,2,0,2,1
31,1,1,3,1,2,1
56,5,1,7,1,2,1
39,2,1,7,1,1,1
41,3,1,7,1,2,2
41,5,3,3,1,2,1
53,8,1,4,0,1,1
35,1,1,4,1,1,1
58,6,1,1,1,1,1
25,7,1,6,1,2,1
35,1,3,1,1,2,1
28,8,2,4,1,1,1
55,1,1,6,1,2,1
54,3,1,2,0,1,1
45,10,3,1,0,1,1
32,1,1,1,1,2,1
50,2,1,1,0,2,1
75,6,1,2,1,1,2
33,7,3,0,1,1,1
29,5,1,7,1,1,1
45,5,1,7,1,2,1
38,2,3,7,1,1,2
24,8,2,6,1,2,1
41,10,1,6,1,2,1
58,6,3,4,1,2,2
34,2,1,7,1,1,1
34,2,1,7,1,1,1
37,10,3,6,1,1,1
53,1,3,2,1,1,2
54,10,3,6,1,2,1
32,10,3,6,1,2,1
42,2,1,4,1,2,1
28,10,2,6,1,2,2
33,8,2,4,1,2,1
41,1,1,1,1,2,1
31,8,1,4,1,1,1
40,10,1,1,0,1,1
53,0,1,1,1,1,1
40,2,3,7,1,2,1
82,4,1,2,1,1,2
28,1,1,2,1,2,1
30,2,1,4,0,2,1
31,11,2,7,1,2,2
32,10,2,7,1,2,1
54,1,1,2,1,2,1
31,1,1,1,1,1,1
50,8,1,0,1,2,1
47,10,2,0,1,1,1
31,2,2,4,1,2,1
32,11,1,4,1,2,1
46,2,2,4,1,2,1
47,2,2,4,1,1,1
32,2,2,4,1,1,1
52,8,3,4,0,1,1
45,2,1,4,1,2,2
32,2,1,7,1,2,1
71,1,3,2,0,1,1
49,8,1,4,1,2,1
46,2,1,4,1,2,1
46,1,1,6,1,1,1
38,2,1,7,1,2,1
57,8,1,6,0,1,1
41,8,2,4,0,0,1
44,10,1,6,1,1,1
47,10,1,7,1,2,1
40,1,1,1,1,2,1
57,6,2,6,1,2,1
27,2,2,0,1,1,2
52,1,1,1,1,1,2
34,5,1,7,1,2,1
42,3,1,7,1,2,1
51,10,1,0,1,2,1
45,5,1,2,0,2,1
56,6,1,4,1,1,1
41,5,1,7,1,2,1
44,2,1,4,1,2,1
50,1,1,3,1,2,2
54,7,1,4,1,1,1
51,1,1,3,1,1,1
30,1,2,1,1,1,1
42,4,1,2,0,2,1
41,10,1,6,0,2,1
47,8,2,1,1,1,1
35,1,1,3,1,2,1
58,1,1,1,1,1,1
50,1,3,4,1,2,2
41,10,1,6,1,1,1
38,10,1,7,1,2,1
32,9,2,7,1,1,1
21,9,2,4,1,1,1
46,2,3,1,0,1,1
42,7,1,7,1,2,1
55,8,1,1,1,1,1
29,2,2,4,1,2,1
30,1,2,3,0,2,1
53,5,1,2,1,2,1
35,5,1,7,1,2,1
46,8,1,6,1,2,1
30,1,1,0,1,1,1
43,3,1,7,0,2,1
42,8,1,4,0,2,1
32,10,1,6,1,1,1
41,1,3,1,1,2,1
28,2,1,7,1,1,1
24,8,2,7,1,1,1
43,5,1,7,0,2,1
30,2,2,7,1,2,1
55,1,1,1,0,1,1
51,6,1,1,0,1,1
22,9,2,4,1,1,1
32,3,2,7,1,1,1
43,2,1,6,0,1,1
39,5,1,3,0,1,1
52,1,3,0,1,1,1
38,10,2,6,1,2,1
59,6,1,2,1,1,1
31,1,1,2,1,2,1
76,6,2,2,1,1,2
44,0,2,1,0,2,1
30,1,1,0,1,1,1
32,8,1,4,0,1,1
41,11,1,0,1,1,1
33,2,2,7,1,2,2
59,6,1,2,1,2,1
28,1,1,1,1,2,1
33,1,2,3,1,2,1
53,8,1,4,0,2,1
41,8,1,4,1,1,2
55,0,1,2,1,1,1
45,1,1,1,0,1,1
35,10,1,6,1,1,1
31,8,1,4,0,1,1
53,5,1,7,1,1,1
35,10,2,6,1,2,1
45,1,3,3,0,2,1
34,4,2,7,1,1,1
42,2,1,1,1,1,1
36,7,1,1,1,2,1
44,2,1,4,1,1,1
50,2,3,7,1,2,1
36,2,1,7,1,2,1
27,10,1,6,1,1,1
40,5,1,0,1,1,1
25,10,2,7,1,2,1
29,5,1,7,1,2,1
44,2,1,4,1,1,1
57,1,1,0,0,2,1
30,2,2,4,1,2,1
37,7,1,7,1,2,1
57,10,1,1,1,1,1
32,10,1,6,1,2,2
54,2,1,6,1,1,2
58,1,1,1,1,2,2
29,2,2,7,0,2,1
60,8,1,4,0,1,1
27,11,2,7,1,1,1
30,11,1,4,1,2,1
42,1,1,2,1,1,1
48,4,1,4,1,1,1
35,2,2,7,1,1,1
46,1,1,3,0,2,1
57,6,0,2,1,1,1
30,8,1,4,1,1,1
28,10,2,4,1,2,1
34,8,1,4,0,2,1
42,1,1,2,0,1,1
30,2,2,7,1,2,1
27,9,2,1,1,2,1
23,3,1,7,1,2,1
43,1,1,2,0,2,1
59,5,1,2,0,2,1
31,7,2,7,1,1,1
43,7,1,1,1,1,1
52,10,1,4,1,2,1
26,4,2,4,0,2,1
24,1,1,1,1,2,1
35,1,2,3,1,1,1
59,10,1,6,1,1,2
28,1,1,3,0,1,1
37,1,2,1,1,1,1
46,2,1,6,1,1,1
26,10,2,7,1,2,2
40,5,1,7,1,2,1
56,1,1,2,0,2,1
40,5,1,7,1,2,1
29,2,2,7,1,2,1
28,1,2,1,1,2,1
48,10,2,0,0,1,1
28,11,2,7,1,2,1
33,10,1,6,1,1,1
56,3,1,7,1,2,1
57,6,1,1,1,1,2
24,2,2,4,0,2,1
39,7,1,7,1,1,1
40,1,1,0,1,2,1
54,1,3,0,0,2,1
25,2,2,7,1,1,1
36,1,1,1,0,1,2
48,2,1,7,1,2,1
32,2,2,7,1,2,1
48,2,1,7,1,2,1
30,10,1,7,0,2,1
41,2,3,4,1,1,1
54,6,3,2,0,2,1
29,2,2,7,1,2,2
28,1,2,4,1,2,1
30,2,1,7,1,1,1
54,2,1,7,1,2,1
33,3,1,1,0,1,1
38,1,1,1,1,1,1
46,4,3,3,1,2,1
38,2,3,7,1,1,1
38,8,1,4,1,1,1
33,1,1,4,1,2,1
25,2,1,7,1,1,1
29,2,2,7,0,2,1
60,10,1,6,0,1,1
57,8,1,4,1,2,1
36,2,2,7,1,1,1
54,2,1,7,1,1,1
25,7,2,7,1,1,1
41,3,1,7,1,1,1
54,5,1,7,1,2,1
39,1,3,3,0,1,1
55,3,3,7,0,1,1
40,2,1,4,1,1,1
43,11,1,7,0,2,1
81,6,1,2,1,1,2
43,10,3,6,1,2,1
34,2,1,4,1,2,2
42,10,1,4,1,2,1
30,8,1,3,1,1,1
24,8,2,1,0,1,1
51,0,1,0,0,2,1
42,1,1,1,1,1,1
51,7,1,2,0,1,1
38,1,1,4,0,1,1
45,1,1,2,0,2,1
51,2,3,7,0,1,1
44,2,1,7,0,1,1
52,10,1,1,1,2,1
49,2,1,7,1,2,1
49,10,1,6,1,2,1
52,0,1,3,1,1,1
32,3,1,7,1,1,1
27,8,1,4,1,1,1
44,2,3,4,1,2,1
33,2,2,7,1,1,1
30,8,1,1,1,1,1
32,2,2,7,1,2,1
36,1,1,6,0,2,1
49,11,1,4,1,2,1
48,8,2,2,0,2,1
48,10,1,6,1,2,2
42,1,1,2,1,1,1
28,2,1,4,1,2,1
52,5,1,7,0,2,1
23,5,2,7,1,2,1
36,1,1,3,1,2,1
43,2,3,7,0,1,1
31,8,3,4,0,2,1
49,11,1,2,1,2,1
36,1,1,1,1,2,1
47,5,3,2,1,1,1
31,10,2,6,1,0,1
46,3,1,6,0,1,1
54,1,1,1,0,2,1
35,2,1,7,1,1,1
37,2,3,4,1,1,1
44,1,1,1,0,2,1
30,11,1,4,1,1,2
33,2,2,4,1,2,1
57,8,3,0,1,1,1
39,2,2,0,1,1,1
43,11,1,2,1,1,1
32,8,1,4,1,0,1
29,10,2,7,1,1,1
35,2,3,4,1,2,1
47,2,1,4,1,1,1
37,5,1,7,1,2,1
35,10,2,7,0,1,1
37,7,1,1,1,2,1
36,10,1,4,0,2,1
50,2,1,1,1,1,1
30,2,2,7,1,1,1
33,1,1,1,1,2,1
37,2,2,4,1,1,1
45,7,3,7,1,1,1
30,2,2,7,1,1,1
51,5,3,7,1,1,1
49,7,2,1,1,1,1
31,10,2,7,1,2,1
40,2,2,7,1,2,1
41,10,1,6,1,1,1
58,6,1,2,1,2,1
49,1,1,2,0,2,1
39,10,3,6,1,2,1
48,10,1,3,1,1,1
50,3,1,2,0,1,1
54,1,1,0,1,2,1
38,1,1,0,0,1,1
51,1,1,2,1,1,1
36,2,2,7,0,1,1
35,1,1,3,1,2,1
44,2,1,4,1,1,1
43,1,1,2,1,1,1
30,10,2,7,1,1,1
41,10,3,2,1,2,1
27,5,2,7,1,2,1
45,1,1,4,1,2,2
26,2,2,4,1,2,1
36,10,1,6,1,0,1
24,9,2,4,1,1,1
46,5,1,7,1,2,1
61,1,1,3,1,2,2
50,2,3,1,1,1,1
49,10,1,6,0,2,1
55,2,1,2,1,2,1
54,1,1,2,1,2,1
40,1,3,1,1,2,1
58,1,1,2,0,2,1
58,3,1,7,1,1,1
36,2,2,7,1,2,1
30,2,2,7,1,2,1
45,2,2,7,1,2,1
40,5,1,7,1,2,1
42,7,1,7,1,1,1
43,1,1,0,1,2,1
24,9,2,4,0,1,1
49,5,1,7,1,1,1
55,11,1,2,1,2,1
49,2,1,4,1,2,1
48,1,1,2,1,1,1
49,2,1,4,1,1,1
40,1,1,4,0,2,1
35,8,1,4,1,1,1
32,2,2,6,1,2,1
67,4,3,6,1,2,2
41,10,1,7,1,2,1
73,6,1,7,1,2,2
32,5,2,2,1,1,1
33,5,1,7,1,2,1
36,10,1,6,1,2,1
40,10,1,6,1,2,1
25,1,2,1,1,2,1
60,3,1,0,1,1,1
45,5,1,7,1,2,1
33,10,1,7,1,1,1
31,2,1,7,1,2,1
48,7,1,7,0,2,1
42,8,1,7,1,2,1
40,5,1,7,1,1,1
30,10,1,7,1,1,1
41,1,1,2,0,1,1
36,4,1,2,1,0,1
41,5,3,3,1,1,1
60,0,1,7,1,1,1
32,8,2,4,1,0,1
44,7,2,6,1,2,2
25,8,1,4,1,2,1
30,1,1,1,1,1,2
25,2,1,7,1,2,1
31,10,3,7,1,2,1
44,1,1,2,1,0,1
29,10,2,7,1,1,1
47,2,1,7,1,1,1
18,9,2,0,1,1,2
25,2,1,4,1,1,1
29,10,1,6,1,1,2
53,0,1,0,0,1,1
36,7,1,1,0,1,1
45,1,2,1,1,1,1
31,10,2,7,1,1,2
54,2,1,0,0,1,1
51,1,1,2,0,2,1
44,3,1,2,1,2,2
24,1,2,1,1,2,1
40,2,1,7,1,2,1
39,8,1,2,1,1,1
44,1,1,2,0,1,1
44,5,3,7,1,2,1
52,3,1,1,0,2,1
51,1,1,4,1,2,2
38,5,1,7,1,2,2
34,10,1,6,1,1,1
23,1,2,4,1,1,1
30,2,2,7,1,1,1
26,1,1,3,1,1,1
24,0,2,7,1,2,1
34,2,1,3,1,2,1
59,0,1,0,0,1,2
32,5,3,7,1,1,1
27,7,2,7,1,2,1
39,4,1,2,0,2,1
29,1,1,6,1,1,1
42,10,2,7,1,2,1
60,5,1,0,0,1,1
30,10,2,7,1,1,1
38,5,1,7,1,2,1
49,1,1,3,1,1,1
30,2,2,7,1,2,1
41,1,1,4,1,2,1
56,1,1,1,0,1,1
58,1,2,1,1,2,1
52,1,3,2,1,2,1
32,2,1,6,1,2,1
51,5,1,7,1,2,1
31,7,1,7,1,2,1
34,10,1,6,1,2,1
60,6,1,0,1,2,2
36,2,1,7,1,2,1
30,8,3,1,1,1,1
51,2,2,7,1,2,1
26,1,1,1,1,2,1
39,2,1,7,1,2,1
38,3,1,7,0,1,1
41,1,1,1,1,1,1
43,0,1,4,0,2,1
60,3,1,2,1,0,1
28,1,1,3,0,1,1
34,10,1,6,1,2,1
64,11,3,1,1,2,1
35,1,1,6,1,2,1
40,1,1,1,1,2,1
46,1,2,3,0,1,1
33,2,1,7,1,2,2
74,6,1,7,1,1,1
40,5,1,4,1,2,1
46,8,1,4,1,1,1
41,3,3,6,1,2,1
30,10,2,7,0,2,1
44,2,1,7,1,2,1
47,1,1,4,1,0,1
50,1,1,2,0,2,1
29,10,2,6,1,2,1
51,1,3,2,1,2,1
52,1,1,2,1,1,1
27,2,2,4,1,1,1
44,7,1,1,1,2,1
34,11,1,1,1,1,1
23,9,2,4,1,2,2
30,10,2,6,1,1,1
26,9,2,4,1,2,1
35,10,1,7,1,2,1
24,10,2,7,1,1,1
38,11,1,2,0,1,2
36,2,1,4,1,1,1
24,10,2,7,1,1,1
31,5,1,7,1,2,1
41,2,1,7,1,2,1
39,11,1,7,1,2,1
36,10,3,6,0,1,1
47,6,1,2,0,0,1
33,10,1,6,1,1,2
34,1,1,6,1,2,1
42,10,3,6,0,1,1
51,1,1,4,1,1,1
34,1,2,3,1,2,1
33,2,2,7,1,2,1
37,5,1,7,1,2,2
33,1,1,1,1,1,1
36,4,1,2,1,1,1
43,8,1,4,1,1,1
47,1,1,3,1,2,1
32,2,1,7,1,2,1
42,2,2,7,1,1,1
36,2,1,7,1,2,1
42,1,3,1,1,0,1
31,1,2,1,1,1,1
41,2,3,3,1,1,1
31,10,1,1,1,1,2
36,10,2,6,1,1,2
46,8,1,1,1,1,1
35,2,3,4,1,1,1
30,10,1,4,1,2,1
35,10,2,7,1,2,1
47,5,1,2,0,1,1
35,5,2,4,1,2,1
77,5,1,0,1,2,2
39,10,1,6,1,0,1
37,2,2,4,1,2,1
31,2,2,7,1,1,1
49,10,3,4,1,2,1
57,7,1,7,0,1,1
33,1,3,1,1,2,1
35,1,1,3,1,2,1
39,10,2,7,1,2,1
34,10,1,1,1,2,1
32,2,2,4,1,1,1
35,9,2,7,0,1,2
53,7,1,7,1,1,1
30,10,1,7,1,2,1
30,9,2,0,0,2,1
44,1,1,4,1,1,1
50,2,1,1,1,1,1
56,6,1,4,1,2,1
58,6,3,4,1,2,1
54,10,1,7,0,1,1
40,10,2,7,1,1,2
31,1,1,3,1,1,1
41,2,1,4,1,2,1
31,1,2,4,1,2,1
39,8,1,4,1,2,1
37,2,1,4,1,2,1
41,0,2,0,0,2,1
50,10,1,7,1,2,1
49,1,1,2,0,1,1
31,2,1,7,1,1,1
35,8,1,6,1,2,2
52,5,1,7,1,2,1
33,5,1,7,1,1,1
32,1,1,2,1,1,1
35,5,1,7,1,2,1
54,2,1,7,1,2,2
27,8,2,4,0,1,2
52,5,1,6,1,2,1
32,2,1,7,1,2,1
36,2,2,4,1,2,1
27,2,1,6,1,1,1
39,1,2,1,1,2,1
34,3,1,7,1,1,1
35,1,1,1,1,2,1
32,2,2,7,1,1,1
42,10,1,6,1,1,1
42,2,1,4,1,1,2
37,5,2,7,1,2,1
34,2,1,7,1,2,1
27,2,2,4,1,2,1
49,1,1,1,0,1,2
35,2,1,7,1,1,1
22,1,2,1,1,2,1
45,4,3,7,1,2,1
29,1,1,4,1,2,1
59,10,1,6,1,2,1
55,6,3,3,0,1,1
32,1,1,0,1,1,1
49,1,3,0,0,2,1
43,2,1,6,1,2,1
47,1,1,4,1,2,1
41,1,3,1,1,2,1
50,1,1,1,0,2,1
46,3,1,7,1,2,1
32,8,1,4,1,2,1
47,6,2,3,0,2,1
54,2,1,7,0,1,1
29,10,1,7,1,1,1
33,2,1,7,1,1,1
31,9,2,7,1,1,2
27,1,2,1,1,2,1
25,9,2,4,1,1,2
34,10,1,7,1,2,2
35,2,1,4,1,1,1
37,8,1,1,0,2,1
34,10,2,7,1,2,2
33,1,2,2,1,1,1
54,7,1,4,1,2,1
30,1,1,1,1,2,1
40,1,1,2,1,1,1
37,10,2,4,1,2,1
34,4,3,7,1,2,1
25,11,1,4,0,0,1
59,6,1,7,1,2,1
25,2,2,7,1,2,1
58,11,1,7,1,2,2
42,1,2,2,1,0,1
33,10,1,7,1,2,1
50,1,1,2,0,2,1
39,1,1,3,1,1,1
30,10,2,4,1,1,2
33,5,1,4,0,2,1
33,5,1,7,1,1,1
41,10,1,6,1,2,1
36,5,1,7,1,2,1
44,3,1,7,1,2,1
57,6,1,2,1,2,2
40,1,1,3,0,1,1
42,1,1,1,0,1,1
41,7,2,7,1,2,1
41,3,1,7,1,2,2
33,8,1,6,1,2,1
32,10,2,4,1,1,1
45,11,1,7,1,1,1
29,10,2,7,1,1,1
35,10,2,1,1,1,1
35,2,1,7,1,2,1
86,6,1,0,0,2,2
45,2,1,7,1,1,1
34,10,1,6,1,1,1
41,10,1,6,1,2,2
50,1,1,2,1,2,1
28,5,2,1,1,2,1
33,2,1,7,1,2,1
42,10,1,7,0,2,1
43,1,1,3,1,1,1
42,8,1,7,1,1,2
56,1,1,2,0,1,1
29,9,2,7,1,2,1
31,4,2,4,1,2,1
31,2,2,4,1,2,1
28,1,1,2,1,1,1
43,2,1,7,1,2,1
44,2,2,4,1,2,1
43,2,1,4,1,2,1
41,6,2,2,1,2,1
31,2,2,7,1,1,1
59,2,1,7,1,2,1
32,4,2,7,0,2,1
24,9,2,4,1,1,1
31,1,2,1,1,1,2
38,2,2,4,1,2,1
37,5,3,7,1,2,1
33,2,1,7,1,2,1
27,2,2,7,1,2,1
34,8,1,4,1,1,1
46,7,1,3,0,2,1
30,2,1,4,1,1,1
31,11,2,2,1,1,1
56,5,1,7,1,1,1
52,8,1,4,1,1,1
30,10,1,6,1,2,1
34,1,1,3,1,1,1
31,2,1,4,1,1,2
33,2,1,7,1,2,2
33,2,2,7,1,2,1
30,10,2,7,1,2,1
28,2,2,7,1,1,1
24,10,2,6,1,1,1
41,1,1,2,1,2,1
26,2,1,4,1,1,1
40,2,1,0,1,1,1
45,4,2,2,1,1,2
42,2,1,7,0,2,1
41,10,1,4,1,1,2
56,5,3,1,0,2,1
25,10,2,4,1,2,1
25,1,2,4,0,2,1
33,2,2,4,1,2,1
34,10,1,1,1,1,1
36,10,2,4,1,2,1
75,6,1,7,1,2,2
38,5,1,7,1,1,1
28,9,2,0,1,2,1
56,6,1,2,0,2,1
58,1,1,6,1,1,1
30,1,2,0,1,2,1
48,2,1,7,0,2,1
30,2,1,4,1,2,1
43,2,1,4,1,0,1
33,2,2,7,1,1,1
36,10,1,3,1,1,1
54,6,2,4,1,2,1
29,1,2,4,1,2,1
28,2,2,7,1,2,1
59,6,3,6,1,1,1
45,1,1,1,0,2,1
32,10,2,7,1,2,1
55,6,3,6,1,1,1
29,2,2,7,1,1,1
31,10,1,6,1,1,1
34,10,1,4,1,2,1
25,10,3,7,1,2,1
35,1,1,1,1,2,1
49,10,1,1,1,2,1
35,1,1,1,0,2,1
36,2,1,7,1,1,1
29,10,2,7,1,2,1
30,2,2,4,1,0,1
24,9,1,7,1,1,1
47,2,2,7,1,2,2
32,1,1,2,1,1,1
34,10,2,6,1,1,1
34,2,2,7,1,1,1
39,10,1,6,1,1,1
47,1,1,1,1,2,1
32,10,1,4,1,2,1
29,10,2,7,1,2,1
57,6,1,7,1,2,1
49,5,1,4,1,1,1
42,10,1,6,0,2,1
29,2,2,7,0,2,1
34,10,1,6,1,2,1
51,3,3,7,1,2,1
47,1,3,1,1,1,1
53,10,1,6,1,2,1
28,10,1,1,1,2,1
27,10,2,7,1,2,2
23,2,2,7,1,2,1
30,9,2,4,1,1,1
42,1,1,3,1,2,1
38,2,2,7,1,2,1
29,2,1,7,1,2,1
44,4,1,2,1,2,1
59,6,1,4,1,0,1
45,5,2,1,1,2,1
51,5,1,7,0,1,1
28,8,1,4,1,2,1
29,10,1,7,1,2,1
28,10,2,6,1,2,1
29,10,2,6,1,2,1
40,2,2,4,0,2,1
43,1,1,2,1,2,1
54,5,1,7,1,1,1
42,2,1,7,1,2,1
55,8,1,4,1,1,1
49,1,2,2,0,1,1
52,8,1,6,0,2,1
32,2,1,4,1,1,1
23,2,2,7,1,2,1
34,10,1,6,1,2,1
36,8,1,4,1,1,1
54,2,2,7,0,1,1
39,8,3,1,1,2,1
50,4,3,2,1,1,1
30,8,2,4,1,2,2
27,1,1,1,1,1,1
32,2,3,7,1,2,1
54,10,1,7,0,1,1
40,1,1,2,0,0,1
50,1,1,6,0,2,1
35,10,2,6,1,0,1
26,2,2,7,1,2,1
45,2,2,7,1,2,1
28,10,1,4,1,1,1
28,1,2,2,1,2,1
50,10,1,6,1,1,1
31,1,1,3,1,2,1
34,2,2,7,1,1,1
56,1,1,2,0,1,1
29,3,1,2,1,1,1
58,2,1,7,1,1,1
46,1,1,2,1,1,1
35,1,3,1,1,1,1
34,5,1,7,0,2,1
39,2,2,4,1,1,1
40,5,1,0,1,2,1
40,2,1,7,1,2,1
54,1,1,2,0,2,1
25,2,2,7,1,1,1
40,11,1,6,1,2,1
49,1,1,2,0,1,1
41,2,1,0,1,2,1
32,2,1,4,1,1,1
44,2,3,7,1,1,1
41,2,1,7,1,1,2
30,10,2,7,1,2,1
27,1,2,1,1,2,1
41,1,1,2,1,2,1
36,1,1,1,0,2,1
54,3,1,6,1,2,1
30,1,2,6,1,1,1
25,9,2,0,0,2,1
42,5,1,4,1,1,1
36,8,3,1,1,2,1
45,2,1,7,0,2,1
38,10,1,7,0,1,1
38,2,2,6,1,1,1
34,1,1,2,1,1,1
44,2,1,1,0,1,1
37,8,2,1,1,1,1
39,1,2,1,1,1,2
57,2,1,7,1,1,1
34,10,1,6,0,2,1
25,2,1,0,1,1,1
52,2,1,4,1,2,1
23,10,2,4,1,1,1
57,10,1,2,0,1,1
50,2,1,7,1,1,1
46,10,1,6,1,1,1
43,1,2,2,0,1,1
38,5,3,7,1,1,1
53,2,2,3,1,2,1
35,7,0,7,1,1,1
28,8,1,4,1,1,1
25,1,2,1,1,2,1
56,8,3,4,0,1,1
56,10,1,7,0,1,1
33,8,2,4,1,2,1
31,4,2,6,0,2,1
48,2,3,7,1,1,2
45,7,3,7,1,2,1
24,1,1,1,1,2,1
33,1,1,1,1,2,1
38,2,1,4,0,1,1
48,4,1,2,0,1,1
28,3,1,1,0,1,1
50,7,1,2,0,0,1
29,2,1,7,1,2,1
38,1,1,3,1,1,1
18,9,2,0,1,2,1
31,11,1,1,1,2,1
34,1,1,1,1,2,1
38,2,1,7,1,2,1
57,2,2,4,1,2,1
35,10,3,0,1,2,1
77,6,3,6,1,1,1
29,1,2,1,0,2,1
46,5,1,7,1,1,1
21,9,2,4,1,2,2
43,5,1,7,1,1,1
43,2,1,1,0,1,1
31,10,1,7,1,1,1
39,9,2,0,1,2,1
44,10,2,7,1,1,1
32,8,2,4,1,2,1
43,7,2,4,0,1,1
48,8,1,4,1,1,1
28,1,2,3,1,1,1
36,1,1,1,1,2,1
52,7,3,1,1,2,1
34,8,2,4,1,2,1
37,2,1,4,1,2,1
25,2,2,7,1,1,1
48,10,3,6,1,1,1
36,7,2,6,1,2,1
27,10,2,6,1,1,1
34,1,1,1,1,2,1
42,8,1,4,1,2,1
37,1,1,1,0,2,1
41,1,1,1,0,1,1
51,1,1,1,0,2,1
27,2,1,4,0,1,1
35,2,2,7,1,2,1
31,8,3,4,1,2,1
31,1,2,1,1,2,1
31,1,1,1,1,1,1
64,0,1,0,1,2,2
33,5,1,7,1,2,1
41,1,1,2,0,2,1
34,2,2,4,1,1,1
41,2,1,1,1,2,1
36,1,1,3,1,2,1
59,6,1,6,0,2,1
56,5,1,1,1,2,2
59,6,1,6,1,1,1
32,2,2,7,1,0,1
40,10,1,1,1,2,1
38,2,1,7,1,2,2
34,2,1,6,1,2,1
41,0,1,0,1,1,1
33,2,2,4,1,1,1
31,10,2,4,1,2,1
29,1,3,1,1,2,1
38,2,2,1,0,2,1
24,2,2,4,1,2,2
34,2,2,3,1,1,1
27,2,1,4,1,2,1
32,1,1,4,1,1,1
49,2,1,4,1,2,1
36,10,3,1,1,1,1
46,1,2,1,0,2,1
47,8,3,4,1,2,1
37,8,1,4,0,2,1
31,8,1,4,1,0,1
36,10,1,7,1,2,1
30,10,2,7,1,2,2
32,3,1,4,1,2,1
54,5,1,7,1,2,1
51,1,1,1,1,1,2
28,10,3,7,1,2,1
54,5,1,7,1,1,2
31,2,1,4,0,2,1
57,2,1,3,1,1,1
49,11,1,6,1,1,1
45,1,1,3,0,2,1
33,5,1,7,0,2,1
53,8,1,7,1,1,1
26,9,2,1,1,2,2
31,10,1,7,1,1,1
32,1,1,1,1,2,1
29,10,1,4,0,1,1
31,10,2,4,1,1,1
29,9,2,0,1,1,1
49,1,1,1,0,1,1
26,2,2,7,1,2,1
43,1,1,0,0,1,1
56,6,1,1,1,2,1
29,2,2,7,1,2,1
31,10,1,1,1,2,1
50,1,1,1,0,2,1
37,10,1,6,1,2,1
42,1,1,2,0,2,1
30,8,1,1,0,2,1
25,1,1,3,0,2,1
35,7,2,7,1,1,1
37,3,1,4,0,1,1
30,3,1,4,1,2,1
33,1,1,3,0,2,2
36,10,1,7,1,1,1
46,8,1,4,1,1,1
51,11,1,3,1,1,2
33,10,2,6,1,2,2
26,3,1,0,1,1,1
40,1,3,4,0,1,1
25,1,2,4,1,1,2
38,5,1,1,0,1,2
54,2,2,7,1,1,2
50,2,1,3,1,2,1
36,5,1,7,1,2,1
43,2,2,7,1,2,1
57,5,3,7,0,1,1
38,1,1,2,1,1,1
27,2,2,4,1,2,1
35,5,1,7,1,2,1
28,10,2,4,1,2,1
57,2,1,7,0,2,1
40,1,1,2,0,1,1
43,1,1,3,1,1,1
34,10,3,6,1,2,1
67,6,1,0,1,1,1
48,2,3,4,1,2,1
35,2,2,4,1,2,1
27,2,2,7,1,1,1
25,2,2,4,1,2,1
42,10,1,6,1,2,1
47,2,3,7,1,2,1
49,3,1,7,1,2,1
36,2,2,1,1,2,2
35,10,1,6,1,1,1
29,1,1,2,1,2,1
45,10,1,6,0,1,1
53,1,1,3,1,2,1
41,2,1,7,1,1,1
50,5,1,4,0,1,1
31,5,1,1,1,1,1
46,8,1,4,1,1,1
36,1,1,4,0,1,1
43,1,2,6,1,1,1
48,3,1,1,0,2,1
31,8,1,4,1,0,1
21,8,2,4,1,2,1
56,8,1,4,0,1,1
54,5,1,3,1,1,1
44,8,1,4,0,1,1
31,11,1,7,1,1,1
50,2,1,7,1,1,2
48,2,1,7,1,2,2
26,7,2,7,1,2,1
37,8,2,1,1,2,1
37,11,0,7,1,1,1
50,8,1,0,0,1,1
47,2,1,7,1,2,1
41,1,2,1,1,1,1
32,1,2,1,1,2,1
38,8,1,1,1,1,1
48,10,1,6,1,1,1
46,1,1,2,0,2,1
48,7,1,1,0,2,1
38,0,3,4,0,2,1
38,2,1,7,1,2,1
55,6,1,2,0,1,1
27,2,1,4,1,2,1
28,8,1,4,1,2,1
29,1,2,1,1,1,1
47,8,3,2,1,1,1
34,9,2,2,0,2,1
51,8,3,4,0,1,1
40,2,3,7,1,2,1
38,2,1,4,1,2,1
42,1,1,2,1,1,1
30,11,2,7,1,2,1
36,8,1,4,0,1,1
33,2,2,4,1,1,1
47,5,1,7,1,1,1
33,2,1,7,1,2,2
30,8,2,1,1,2,1
54,2,1,4,1,1,1
47,2,1,1,1,1,1
32,10,2,7,1,2,1
32,1,1,1,1,2,1
38,7,1,1,1,2,1
38,10,2,4,1,1,1
38,0,1,0,1,2,1
53,1,1,4,1,2,1
26,11,2,1,1,2,1
27,1,1,1,1,0,1
38,2,2,7,1,1,1
41,8,1,4,0,2,2
39,7,3,4,1,1,2
48,2,3,4,1,1,1
32,1,1,3,1,2,1
35,1,1,3,1,1,1
51,1,1,1,0,2,1
35,2,2,7,1,2,1
60,1,1,2,0,2,1
28,2,2,7,1,1,1
52,5,1,4,1,2,2
35,1,1,1,1,1,1
27,2,2,7,1,1,1
34,10,1,4,1,1,1
36,1,1,2,1,1,1
28,1,1,1,0,1,1
32,2,1,7,1,2,1
49,1,3,3,0,1,2
55,2,1,1,1,2,1
50,10,1,4,1,2,2
37,2,2,7,1,1,1
35,1,3,1,1,0,1
58,0,1,1,1,2,2
32,3,1,7,1,1,1
35,6,2,1,0,2,1
35,10,2,6,1,2,1
26,2,2,4,0,1,1
47,1,1,6,1,2,1
29,1,2,1,1,1,1
37,3,2,1,1,2,1
32,10,2,4,1,1,1
46,8,1,4,1,2,1
36,8,1,4,1,1,1
35,2,1,7,1,1,2
31,7,1,7,1,2,1
29,2,2,7,1,1,2
46,4,1,2,0,1,1
85,4,3,2,0,2,1
29,10,2,1,1,1,1
31,5,2,7,1,2,1
34,1,1,2,1,2,1
29,10,2,6,1,2,1
46,2,2,7,1,2,1
29,1,3,4,1,1,2
54,1,2,2,1,1,1
26,5,2,7,1,2,1
27,2,1,6,1,2,1
57,5,1,2,0,2,1
32,10,2,7,1,2,1
35,8,1,4,1,2,1
32,1,2,4,1,0,1
59,6,1,1,1,1,1
29,1,1,1,1,2,1
37,2,1,4,1,1,1
40,2,1,4,0,1,1
55,2,1,6,1,2,1
33,4,2,7,0,2,1
36,2,2,4,1,1,1
59,2,1,4,1,1,1
34,1,2,1,1,1,1
30,7,1,6,1,1,1
29,2,1,4,1,1,1
34,1,2,1,1,1,1
47,1,2,2,0,2,1
41,3,1,2,1,2,1
30,2,2,7,1,2,1
33,2,1,4,0,2,1
33,11,2,0,1,1,1
33,8,1,4,1,0,1
59,6,1,2,1,2,1
29,8,1,1,1,2,1
36,2,1,4,1,1,1
41,2,2,0,0,2,1
55,10,1,1,0,1,1
39,3,1,6,1,2,1
48,8,1,3,1,1,1
56,2,1,7,1,2,1
63,10,1,0,1,2,1
50,7,1,1,0,1,1
42,1,1,3,0,2,1
43,11,1,7,0,1,1
32,2,1,7,1,2,1
28,1,2,1,1,1,1
26,1,1,6,1,2,1
24,2,2,4,0,2,1
38,1,3,0,1,1,1
30,8,1,4,0,2,1
29,1,2,2,1,2,1
56,5,1,7,1,1,1
36,1,2,1,1,2,2
33,2,1,4,0,2,1
47,8,1,0,1,1,1
50,4,1,2,0,1,1
41,8,1,1,1,1,1
54,3,3,0,1,1,1
32,1,1,1,1,0,1
38,2,2,7,1,1,1
34,5,2,4,1,2,1
34,1,1,1,1,1,1
55,2,1,0,1,2,1
31,7,1,7,1,1,1
43,10,1,6,1,2,1
59,11,1,2,0,2,2
53,10,1,7,1,0,2
56,11,1,6,1,1,1
32,3,1,1,0,2,1
36,1,1,1,0,2,1
42,1,1,1,1,1,1
29,2,1,7,1,2,1
33,8,1,4,0,1,1
56,10,1,0,1,1,1
31,3,3,4,1,2,1
34,5,1,4,1,2,1
33,1,1,2,1,2,1
23,4,2,2,1,1,1
26,8,2,4,0,2,1
55,5,1,7,1,1,1
47,8,3,2,1,2,1
36,1,1,6,0,2,1
33,1,1,3,0,2,1
60,6,1,2,0,2,1
49,3,1,7,1,2,1
35,2,1,4,0,0,1
47,2,3,4,1,1,1
30,1,2,1,1,1,1
27,1,2,1,1,1,1
36,2,2,4,1,1,1
46,8,3,4,1,1,1
30,3,3,3,1,1,1
88,6,3,2,1,2,1
45,8,3,4,0,1,1
30,2,1,7,1,2,1
43,10,2,1,1,2,1
48,6,1,2,0,2,1
56,11,3,7,0,2,1
42,10,2,4,0,2,1
30,10,2,7,1,2,1
56,4,3,2,0,2,1
35,10,1,4,1,0,1
39,8,2,4,0,1,1
49,11,1,4,1,2,1
30,2,1,7,1,2,1
39,2,1,7,1,1,1
32,10,2,7,1,2,1
59,2,3,4,0,1,2
38,10,1,4,1,0,1
49,10,1,6,1,2,1
28,2,1,4,1,0,1
39,10,1,4,1,2,1
37,1,1,3,1,0,1
51,8,1,1,1,2,1
31,1,1,2,0,1,1
59,10,3,1,1,2,1
46,2,3,7,1,2,1
36,1,1,1,0,1,1
28,5,2,7,1,1,2
31,2,1,7,1,2,1
26,8,2,4,1,2,1
36,1,2,1,0,2,1
50,3,1,7,1,2,1
41,11,1,1,1,2,1
50,7,1,6,1,1,1
32,1,2,4,1,1,1
56,7,1,7,1,1,1
42,2,1,4,1,2,1
38,10,1,6,0,1,1
36,2,2,7,1,1,1
45,1,1,3,1,2,1
52,6,1,2,0,0,1
55,10,1,7,1,1,1
38,7,2,7,1,1,1
71,6,1,2,1,2,1
22,8,2,2,1,1,1
30,2,2,7,1,1,2
78,6,1,4,1,2,1
30,2,3,7,1,2,1
51,1,1,3,1,2,1
35,5,3,7,1,0,1
26,9,2,0,1,2,1
34,8,1,4,1,1,1
49,5,1,7,1,2,1
50,1,3,2,1,1,1
51,3,1,7,1,1,1
57,6,1,7,1,2,1
33,2,3,7,1,2,1
35,2,1,7,1,1,1
37,2,2,4,1,1,2
39,2,2,7,1,2,1
39,8,1,4,1,1,1
20,9,2,4,1,1,1
55,1,1,6,0,2,1
27,9,2,6,1,1,1
33,2,1,4,1,1,1
24,1,1,1,0,2,1
39,5,1,7,1,1,1
55,1,1,1,1,2,1
35,0,1,1,1,1,1
55,6,3,2,0,1,2
42,7,1,4,1,1,1
50,7,3,7,1,1,1
39,5,1,7,1,2,1
40,8,2,4,1,1,1
51,8,2,4,0,1,1
59,6,0,7,0,1,1
54,10,1,4,1,1,1
42,5,1,7,0,2,1
33,10,3,6,1,2,1
26,2,2,2,1,2,1
27,5,1,7,1,1,1
30,10,2,4,1,2,1
42,7,1,4,0,2,1
53,11,1,7,1,0,1
36,5,1,7,1,0,2
29,5,2,7,1,2,1
45,8,1,6,1,0,1
35,8,2,1,1,1,1
33,1,1,4,0,2,1
38,2,1,7,1,2,1
29,1,1,3,1,1,1
32,2,1,4,1,2,1
34,10,1,6,1,0,1
36,1,1,4,1,2,1
51,5,1,7,1,1,1
34,1,1,2,1,1,1
50,10,1,7,1,2,1
54,1,1,2,0,1,1
53,5,1,7,1,1,1
52,1,1,4,1,1,1
71,6,1,4,1,1,2
52,6,1,7,1,2,1
53,10,1,6,1,1,1
36,2,2,7,1,2,1
43,2,1,4,1,2,1
31,10,2,6,1,1,1
58,2,2,7,1,1,2
46,10,1,7,1,1,1
38,1,1,3,0,1,1
34,2,1,7,1,1,1
37,8,1,4,0,2,1
40,7,2,7,1,1,1
42,1,3,4,1,1,1
40,10,2,4,1,1,1
27,11,1,4,1,2,1
57,0,1,0,0,2,1
45,8,1,4,0,2,1
46,2,3,7,1,2,1
47,2,1,7,1,2,1
56,6,1,2,0,1,1
32,3,1,4,1,2,1
54,8,1,0,1,1,1
58,8,1,4,1,1,1
30,2,1,7,1,2,1
39,1,1,3,0,1,1
41,8,1,4,0,2,1
32,2,1,7,1,2,1
32,8,1,4,1,1,1
29,5,2,7,1,2,1
43,5,3,4,1,2,1
41,8,3,1,1,2,1
30,2,1,7,1,2,1
28,8,1,4,1,0,1
35,2,2,4,1,2,1
44,1,1,3,1,2,1
25,1,1,4,0,2,1
47,1,1,1,0,2,1
32,11,1,6,1,2,2
26,9,2,4,1,1,1
35,2,2,7,1,2,1
34,1,1,1,1,1,1
57,5,3,7,1,2,1
38,1,2,3,0,1,1
33,2,2,4,1,2,1
32,2,1,4,1,1,1
47,1,1,2,0,2,1
34,1,2,3,1,1,1
36,2,2,4,1,2,1
28,10,2,6,1,2,1
72,6,3,7,1,1,1
27,8,2,1,1,2,1
43,2,3,4,1,2,1
39,3,2,7,1,2,1
27,2,2,7,1,1,2
35,2,2,7,1,2,1
34,10,1,6,1,1,1
36,8,1,4,0,2,1
39,10,1,4,1,1,2
35,5,3,4,1,2,1
56,6,1,2,1,1,1
31,2,2,7,1,2,2
31,8,2,4,1,2,1
45,2,2,7,1,1,1
20,9,2,0,1,2,1
42,1,3,1,1,1,1
39,2,1,7,1,1,1
45,1,1,2,0,1,1
50,8,1,4,1,2,1
29,2,2,7,1,1,1
38,0,1,0,0,1,1
34,3,1,2,1,2,1
36,2,1,7,1,1,1
35,2,2,7,1,1,1
41,10,1,6,0,1,1
42,2,2,7,1,2,1
39,10,1,6,1,2,1
34,1,1,3,0,1,1
52,2,1,4,1,1,1
47,2,3,7,1,2,2
59,5,1,7,1,1,1
37,8,1,4,1,1,1
33,5,1,7,1,2,1
35,1,1,1,0,2,1
33,2,1,4,1,2,1
40,10,2,7,1,2,1
39,2,1,7,0,1,1
32,10,1,7,1,2,1
29,10,2,4,1,2,1
32,2,2,4,1,1,2
35,2,3,7,1,2,1
36,2,1,7,1,2,2
38,1,1,2,1,1,1
32,2,1,7,1,2,1
32,2,2,7,1,1,1
34,7,2,4,1,2,1
42,2,2,7,1,2,2
28,10,2,1,1,1,1
53,10,1,6,1,1,1
27,8,2,1,1,1,1
43,3,1,6,1,2,1
51,11,1,6,0,2,2
35,1,2,3,1,1,1
42,2,1,7,1,2,1
36,10,2,6,1,1,1
35,1,3,1,1,1,1
38,8,1,1,1,1,1
45,1,1,3,0,1,1
24,1,2,1,1,2,1
30,10,1,7,0,2,1
31,3,3,2,1,1,1
30,5,1,7,1,2,1
68,6,1,7,1,2,2
50,1,1,3,0,1,1
32,11,1,7,1,2,1
55,8,1,4,1,1,1
31,2,1,4,0,2,1
55,8,1,2,1,1,1
37,2,1,4,1,0,1
41,1,2,2,1,0,1
34,7,2,7,1,2,1
33,1,1,1,1,1,2
42,8,1,4,1,1,1
56,2,1,7,1,1,1
46,3,1,1,1,1,1
42,2,2,4,1,1,1
33,2,3,7,1,2,1
53,10,1,6,0,2,1
43,7,1,2,1,1,1
52,8,1,3,1,1,1
40,10,2,0,1,2,1
49,4,2,7,1,1,1
41,2,1,7,1,2,1
26,1,2,2,1,2,1
39,1,3,1,0,1,1
33,1,1,1,0,1,1
36,2,2,3,1,2,1
33,1,1,1,0,1,1
36,8,1,4,0,1,1
61,7,3,7,1,1,1
40,2,1,1,1,1,1
31,10,2,6,1,1,1
41,1,1,2,1,2,1
39,8,1,4,1,2,1
39,2,3,4,1,1,1
38,5,1,7,1,2,1
47,5,1,4,1,1,1
24,2,2,4,1,2,1
45,1,3,4,0,1,1
34,10,3,0,1,1,1
51,3,1,1,1,2,1
53,0,1,6,1,1,1
24,10,2,6,1,2,1
24,8,1,4,1,1,1
35,10,1,7,0,2,1
71,6,2,7,1,2,1
27,2,2,7,1,2,1
32,8,1,4,1,1,1
56,10,3,7,0,1,1
35,8,2,4,1,2,1
35,10,2,6,1,2,1
38,8,2,1,1,2,1
52,8,2,4,1,2,1
27,2,2,7,0,2,1
35,9,2,0,0,1,1
40,10,1,6,1,1,1
38,1,1,4,1,2,1
32,5,2,7,1,1,1
35,2,1,4,1,1,1
28,1,2,6,1,2,1
25,1,1,2,1,1,1
28,2,2,7,1,1,1
31,10,1,7,1,1,2
38,10,1,7,1,1,2
53,8,1,4,0,2,1
32,10,3,6,1,2,1
73,6,1,6,1,2,1
34,2,2,4,1,2,1
64,4,1,0,1,2,2
41,10,3,7,1,2,1
51,1,1,2,0,1,2
34,10,1,7,1,1,1
50,5,1,0,1,2,1
39,6,2,4,1,1,1
34,10,1,6,1,2,1
37,4,3,1,0,2,1
40,2,1,4,0,2,1
38,2,1,7,1,2,1
41,2,3,7,1,2,1
38,2,1,7,1,2,1
47,10,3,4,1,2,1
23,1,2,1,1,2,1
30,1,2,1,1,1,1
49,10,1,7,1,2,1
51,2,1,3,0,2,1
36,10,2,6,1,2,1
49,1,1,3,1,1,1
21,9,2,6,1,1,1
34,11,1,4,1,1,1
45,1,1,2,1,2,2
54,11,1,1,1,1,2
34,8,1,4,1,1,1
36,1,1,3,1,1,1
45,2,2,6,1,1,1
37,2,1,7,1,1,1
32,1,2,1,1,2,1
51,2,1,2,0,1,1
35,1,1,3,0,1,1
36,2,2,7,1,2,1
32,2,3,1,1,2,1
34,8,1,4,1,1,1
51,10,1,7,0,2,1
24,2,2,7,1,1,1
37,8,1,4,1,2,1
37,1,1,4,1,2,1
56,1,1,2,0,2,1
27,2,2,4,1,2,1
59,6,3,1,0,2,1
54,6,1,2,1,1,2
34,1,1,4,1,1,1
36,4,1,3,1,2,1
54,1,1,6,0,2,1
30,2,1,4,1,2,1
37,5,1,7,1,2,1
46,10,1,6,1,2,1
50,8,1,1,0,2,1
35,8,2,7,1,0,1
78,6,1,2,1,1,2
27,8,2,4,1,1,2
55,10,1,7,1,1,1
51,6,1,1,1,2,1
41,10,1,6,1,2,1
54,6,1,4,1,1,1
46,2,3,4,1,2,1
30,2,1,7,1,1,1
33,1,2,1,0,2,1
38,8,3,4,1,1,1
36,1,1,4,1,1,1
36,1,1,0,1,2,1
46,10,3,6,1,2,1
40,2,1,7,1,2,1
38,1,2,7,0,1,2
35,10,1,6,1,2,1
55,1,3,2,0,1,1
49,1,1,1,0,1,1
36,2,2,4,1,1,1
42,2,1,7,1,1,1
48,2,3,0,1,2,1
40,5,2,7,1,1,1
53,10,1,6,1,2,1
42,1,1,4,0,1,1
40,2,1,7,0,2,1
38,2,2,7,1,2,1
34,2,2,7,1,2,1
36,1,2,2,1,2,1
38,2,3,7,1,1,1
32,2,1,4,1,1,1
32,8,1,2,0,1,2
49,3,1,7,1,2,1
35,2,1,4,0,1,2
38,5,1,7,1,1,1
38,10,2,7,1,2,1
28,1,2,4,1,1,1
26,10,2,6,1,2,2
27,2,2,4,1,1,1
59,6,1,3,1,2,1
26,8,2,4,1,1,1
38,10,2,6,1,2,1
39,3,2,3,1,2,1
30,8,1,0,1,2,1
40,10,1,7,0,1,1
37,2,3,7,0,2,1
31,8,1,1,1,1,1
47,2,3,7,1,2,1
54,1,1,4,1,2,1
32,5,1,7,1,2,1
41,10,1,6,1,0,1
55,10,1,6,1,1,1
80,6,1,2,1,1,2
29,10,1,6,1,1,1
32,2,2,7,1,2,2
47,2,2,7,1,1,1
49,1,3,2,0,1,1
33,1,1,3,1,1,2
51,2,1,4,1,1,1
40,3,1,7,1,2,1
44,8,3,4,1,1,2
28,7,2,1,1,2,1
46,10,1,6,1,1,1
46,3,1,7,1,2,1
52,7,1,1,0,2,1
25,9,2,4,1,1,1
31,3,2,3,0,2,1
38,1,3,0,1,1,1
52,1,1,2,1,2,1
39,2,3,7,1,1,2
44,2,3,4,1,2,2
39,2,2,4,1,2,1
54,6,1,2,1,2,2
55,6,1,7,1,2,1
46,2,3,1,1,2,1
55,1,3,2,0,2,1
45,8,1,4,1,2,1
29,1,2,1,1,1,2
46,10,3,6,1,1,1
50,0,1,0,0,2,1
39,1,1,2,0,2,1
50,2,1,7,1,1,1
34,2,1,7,1,1,1
36,3,1,7,1,1,1
29,1,2,2,1,2,1
43,4,1,2,0,1,1
42,11,1,4,0,1,1
51,4,1,0,1,2,1
26,1,2,1,1,2,1
31,9,2,0,1,2,2
47,1,1,2,0,2,1
54,1,2,1,1,2,1
40,10,1,6,1,2,1
29,2,1,7,1,1,2
39,1,1,1,0,2,1
55,1,1,2,1,1,1
43,10,1,6,1,1,1
26,7,2,7,1,1,1
33,10,3,6,1,2,1
42,3,1,2,0,2,1
36,2,1,7,1,2,1
33,1,1,3,1,2,2
36,10,2,4,1,2,1
45,0,1,0,0,1,1
39,10,1,6,1,1,1
36,2,0,7,1,2,2
28,2,1,7,1,1,1
38,1,1,1,1,1,1
49,1,1,2,0,1,1
38,5,2,7,1,1,1
36,1,2,1,1,1,1
51,1,1,7,1,2,1
57,6,1,6,0,1,1
44,8,3,4,1,2,2
27,2,2,7,1,2,2
58,5,3,7,1,2,1
28,8,2,4,1,1,1
41,2,1,7,1,1,2
34,1,1,1,1,2,1
29,8,2,4,1,2,2
55,1,3,2,0,1,1
37,10,2,7,1,2,2
18,9,2,0,1,2,1
39,1,1,6,0,2,1
36,1,1,1,1,1,1
34,1,1,1,1,1,1
35,1,1,1,1,2,1
36,11,1,7,1,1,1
55,2,1,4,1,1,2
50,1,1,2,1,1,2
37,1,1,6,1,2,1
24,9,2,4,1,1,1
57,10,1,7,0,1,1
59,6,3,4,1,2,1
32,2,2,7,1,2,1
36,7,3,6,0,2,1
48,5,1,7,1,2,2
33,2,2,7,0,0,1
43,10,3,6,1,2,1
39,1,1,0,1,1,1
26,1,2,4,1,1,1
47,2,3,4,1,2,1
24,10,2,6,1,2,1
35,7,1,7,1,1,1
26,9,2,1,1,2,1
31,11,2,7,1,2,1
33,1,2,4,1,1,2
53,2,2,4,1,2,1
43,10,1,6,1,1,2
34,10,2,6,1,2,1
41,10,2,6,1,2,1
33,1,1,3,0,1,1
33,10,1,6,1,1,1
47,10,1,0,0,2,1
29,2,1,4,1,2,1
25,1,2,1,1,1,1
35,2,1,4,0,1,1
29,10,1,6,1,2,1
57,6,1,7,1,1,1
49,11,1,3,0,1,1
35,2,1,7,1,2,1
31,1,1,3,1,1,1
43,2,1,4,1,1,1
34,1,1,3,1,2,1
38,2,2,7,1,2,1
43,2,1,7,1,2,1
38,5,1,7,1,2,1
46,1,1,6,1,1,1
39,2,2,4,0,1,1
47,3,1,6,1,1,1
25,1,2,2,1,2,1
38,5,1,4,1,1,1
36,10,1,6,1,1,1
30,2,1,7,1,2,2
34,2,2,7,1,2,2
47,7,1,7,1,0,1
46,3,1,4,1,2,1
45,2,1,1,1,2,1
38,4,1,7,1,2,1
30,4,1,4,1,2,1
31,5,3,7,1,2,1
52,2,3,4,1,1,1
48,11,3,2,1,1,1
27,1,2,3,1,1,1
43,1,1,2,0,2,1
45,1,1,3,0,1,1
32,2,1,7,1,2,1
30,2,1,7,0,2,1
60,6,1,6,1,2,1
32,2,2,1,1,2,1
32,1,1,1,1,1,1
54,3,1,7,1,2,1
53,5,1,4,1,2,1
36,2,2,0,1,1,1
27,10,2,4,1,2,1
29,1,1,3,1,1,1
55,11,2,2,0,0,1
38,2,1,4,1,2,1
28,1,2,2,0,1,1
37,2,2,4,1,2,1
37,4,1,4,0,2,1
30,10,2,7,0,2,1
32,2,2,7,1,2,1
43,10,2,7,1,2,1
35,1,2,1,1,2,1
47,1,1,0,0,1,2
42,10,1,6,1,1,2
39,1,1,3,1,2,1
41,3,1,7,1,2,2
38,2,1,6,1,1,1
29,8,2,4,0,2,1
33,1,1,1,1,2,2
41,2,2,7,1,2,1
45,5,1,1,1,2,1
35,2,1,7,1,2,1
56,6,1,3,1,2,1
30,2,2,7,1,2,1
41,5,3,7,0,2,1
41,1,1,1,0,1,1
31,10,1,6,1,1,1
29,10,2,6,1,2,1
38,0,3,4,0,2,1
48,1,1,1,1,1,1
24,9,2,4,1,2,1
53,1,3,2,1,1,1
56,7,1,1,1,2,1
32,10,2,7,0,2,1
29,2,2,7,1,1,1
32,5,1,7,1,2,1
28,9,2,4,1,2,1
33,10,2,6,1,2,1
28,10,3,7,1,1,1
43,1,1,2,0,2,1
54,5,1,7,1,2,1
31,1,2,2,1,2,1
36,2,2,4,1,2,1
56,6,1,6,1,1,1
45,10,1,4,1,2,1
54,10,1,3,1,1,1
48,8,1,4,1,2,1
60,5,1,0,0,2,1
35,2,1,7,1,2,1
27,8,2,4,1,2,1
51,2,1,7,1,2,2
40,2,2,7,1,1,1
36,2,1,4,1,2,1
34,5,1,7,1,1,1
44,8,1,4,1,2,1
37,10,2,6,1,2,1
46,1,1,0,1,2,1
52,1,1,2,1,2,1
23,2,2,7,1,1,1
39,2,1,7,1,2,1
34,10,2,6,1,2,1
36,5,3,7,1,2,2
43,1,1,3,1,2,1
45,10,2,6,1,2,1
86,6,1,0,0,2,2
34,1,1,6,1,2,1
37,3,3,4,1,1,1
32,10,1,4,1,2,1
37,10,2,7,1,2,2
66,4,1,4,1,2,1
32,10,1,1,1,1,1
35,8,1,1,1,2,1
30,7,1,7,1,1,2
33,8,1,4,0,1,1
57,1,1,2,1,2,1
57,6,2,2,1,2,1
47,8,3,2,0,1,1
56,8,3,4,0,1,1
38,2,1,7,1,2,1
40,2,3,4,1,2,1
59,3,1,7,0,1,1
31,7,2,7,1,1,2
34,10,2,7,1,2,1
28,11,2,1,1,1,2
40,8,1,4,1,2,1
42,10,1,4,1,2,2
49,2,1,1,1,2,1
48,2,1,4,0,2,1
41,10,2,7,0,1,1
37,10,1,7,1,2,2
39,8,1,4,1,2,1
42,8,2,3,1,2,1
32,8,1,4,1,1,1
47,2,1,4,1,2,1
35,2,1,6,1,1,1
60,2,1,1,1,2,1
30,1,1,1,0,2,1
54,3,1,1,1,1,1
39,1,1,2,0,2,1
61,0,2,2,1,2,1
43,11,1,1,0,2,1
32,10,2,7,0,1,2
48,1,1,6,1,2,1
37,3,3,7,1,1,1
34,1,1,3,1,1,1
41,2,1,7,1,2,1
36,7,1,4,0,2,1
33,8,1,4,1,1,1
36,2,1,7,1,2,1
58,4,1,2,0,1,1
40,8,1,4,1,1,1
36,5,1,7,1,2,1
49,2,3,4,1,2,1
45,1,1,0,1,2,1
36,7,2,7,1,1,2
32,11,2,6,1,2,2
55,3,3,0,1,1,1
28,1,1,1,1,2,1
76,6,1,6,0,2,2
46,5,1,7,1,2,1
28,5,2,7,1,2,1
30,10,1,4,0,2,1
52,4,2,7,1,1,1
42,10,3,1,1,1,1
51,5,3,7,1,1,1
29,10,0,4,1,2,1
47,4,3,2,0,2,1
56,10,3,7,1,1,2
33,1,2,2,1,1,1
38,1,2,4,0,1,1
32,2,2,7,1,2,1
31,9,2,0,1,1,2
35,7,1,7,1,1,1
41,1,1,3,0,1,1
41,2,1,7,1,2,2
30,8,1,4,0,1,1
36,2,2,4,1,2,1
38,7,1,4,1,2,1
28,9,2,0,0,2,1
35,2,1,7,1,2,2
42,10,2,0,1,2,1
40,11,2,2,1,1,2
31,3,2,3,0,2,1
39,10,2,7,1,1,1
37,4,1,2,1,1,1
52,4,1,3,1,2,1
33,2,1,7,1,2,1
37,11,1,7,1,1,1
34,8,2,4,1,1,1
32,2,2,7,1,1,1
56,1,1,1,0,1,1
47,8,1,4,1,2,1
41,10,2,7,1,1,1
34,2,2,7,1,2,1
35,2,1,7,0,1,1
19,9,2,4,0,2,1
28,11,2,4,1,2,1
41,1,3,3,1,2,1
27,8,2,4,0,1,1
36,1,1,1,1,2,1
35,1,1,1,1,2,1
32,8,2,1,1,1,1
43,5,1,6,1,1,1
42,2,1,7,1,1,1
30,7,2,1,1,1,1
34,2,2,7,1,1,1
26,10,1,6,1,2,1
30,10,2,6,1,1,1
61,6,1,1,1,1,1
48,2,1,7,1,2,1
38,1,1,3,1,2,1
50,1,1,0,0,1,1
32,10,1,6,1,2,1
36,10,1,4,1,1,1
28,2,1,4,1,2,1
35,5,1,7,1,1,1
37,10,2,4,1,1,1
48,1,1,3,1,2,1
35,11,1,2,1,2,1
47,10,2,6,1,2,1
29,2,2,7,1,1,2
53,7,1,7,1,2,1
27,8,1,4,0,1,1
28,8,1,4,1,2,1
52,5,3,7,1,2,1
39,2,1,3,0,1,2
56,6,2,6,0,2,1
39,10,1,6,1,1,1
33,2,1,7,1,2,1
53,10,1,6,1,2,1
32,1,1,6,1,1,1
29,11,2,7,1,2,1
36,2,1,4,1,2,1
24,10,2,6,1,1,1
49,1,1,1,1,1,1
28,2,2,7,1,2,1
51,1,1,2,0,1,1
33,11,1,4,1,2,1
34,10,2,7,1,2,1
35,10,1,6,1,1,1
39,11,2,7,1,2,2
34,5,1,7,0,1,1
29,2,2,7,1,2,1
49,1,1,1,0,1,1
32,2,2,7,1,2,1
53,7,1,1,1,2,1
51,1,2,2,0,1,1
37,10,2,7,1,1,1
29,2,2,7,1,2,1
51,5,1,2,1,1,1
30,2,2,7,1,2,2
41,5,1,0,1,2,1
39,1,1,3,1,2,2
27,1,1,2,1,2,1
26,2,1,4,1,2,2
31,1,2,1,1,2,1
49,6,3,6,1,2,1
47,10,1,6,1,2,1
39,2,1,4,1,2,1
56,10,1,6,1,1,1
42,2,1,7,1,2,1
44,2,1,4,1,2,1
52,8,1,4,1,2,1
25,8,2,4,1,1,1
36,2,2,7,1,1,1
41,1,2,1,1,1,1
37,10,2,4,1,2,1
38,5,1,7,1,1,1
34,1,1,2,1,1,1
31,5,2,4,1,1,1
39,10,1,6,0,2,1
36,4,3,2,1,2,1
38,1,1,1,0,0,1
39,10,3,6,1,2,1
32,2,1,4,1,2,2
51,8,1,4,1,1,1
52,2,1,4,1,2,1
55,10,1,6,1,1,1
35,2,2,7,1,1,1
41,2,1,7,1,2,1
29,1,1,4,1,1,1
38,1,1,6,1,2,1
51,10,1,4,1,1,1
35,3,2,1,1,2,1
34,2,2,4,1,2,1
47,4,1,0,1,2,1
32,10,1,6,1,2,1
39,2,1,1,0,1,1
56,7,1,7,1,1,1
31,1,1,6,1,2,2
46,10,3,7,1,2,2
44,0,1,4,0,1,1
36,1,1,2,0,1,1
31,10,3,6,1,2,2
37,1,1,4,1,2,1
32,5,2,7,1,2,1
48,2,3,4,1,1,1
51,3,1,6,0,1,1
30,11,1,0,1,2,1
37,10,1,6,0,2,1
38,1,2,4,1,2,1
36,10,1,7,1,2,1
55,1,3,2,1,1,1
51,8,1,6,0,1,1
42,2,1,7,1,1,1
29,2,1,7,1,1,1
59,7,1,7,1,2,1
31,8,2,4,1,1,1
31,2,1,6,1,1,2
34,2,1,4,1,2,1
37,2,1,4,0,2,1
25,1,2,2,1,1,1
34,7,1,7,1,0,1
37,10,1,4,1,2,1
26,1,1,2,1,1,1
24,1,2,1,1,2,1
37,8,3,1,1,2,1
28,2,2,6,1,1,1
31,1,1,1,1,1,1
32,10,2,7,1,1,1
52,6,1,2,1,1,2
41,10,1,6,1,1,1
36,1,2,3,1,1,2
32,1,1,4,1,1,1
24,8,2,6,1,2,1
48,8,3,2,1,1,1
57,2,3,4,1,1,2
36,10,2,6,1,1,1
46,8,1,4,0,2,1
55,2,3,7,1,2,1
34,2,3,7,1,1,1
37,4,1,4,0,1,1
33,5,2,7,1,2,1
29,10,2,7,1,2,1
30,2,3,4,1,1,1
33,10,1,6,1,1,1
31,1,1,1,1,1,1
47,2,1,7,1,1,1
24,9,2,4,1,1,1
30,5,1,7,1,2,1
48,1,1,4,1,2,1
29,7,1,7,1,1,1
47,10,1,1,1,1,1
32,10,1,4,1,1,1
32,8,2,0,1,1,2
48,3,1,3,1,1,1
34,10,1,7,1,1,1
42,2,2,4,1,1,1
33,10,2,6,1,2,1
28,11,2,2,1,2,1
58,6,1,2,0,1,2
43,5,1,4,1,2,1
28,10,2,7,1,2,2
37,2,2,7,1,2,2
43,1,1,2,0,2,1
30,2,2,7,1,1,1
36,7,2,7,1,1,1
50,5,1,7,1,2,1
37,7,1,1,1,2,1
30,2,2,4,1,2,1
46,10,2,7,1,1,1
34,10,2,4,1,1,1
52,2,3,3,1,2,1
54,10,1,7,0,1,1
43,8,1,7,1,2,1
35,8,1,4,1,1,1
40,3,1,2,0,2,1
32,1,1,1,1,2,1
31,10,1,6,1,2,1
41,1,1,2,1,1,1
29,1,1,4,1,2,1
53,1,1,1,1,2,1
47,2,1,4,1,2,2
51,8,1,4,0,2,1
35,10,2,6,1,2,1
51,10,1,3,1,2,1
44,1,1,3,0,2,1
59,2,1,7,1,2,1
31,5,1,7,1,1,1
31,2,3,7,1,2,1
41,10,1,6,1,1,1
32,8,1,4,0,2,1
32,4,2,4,1,1,1
56,0,2,1,1,1,1
51,2,1,7,1,2,2
53,1,1,2,0,1,1
25,10,2,6,1,2,1
33,5,1,7,1,1,1
41,1,1,1,0,1,1
28,8,2,7,1,1,1
48,5,1,1,1,2,2
28,1,2,1,1,2,1
43,8,1,1,1,1,1
29,5,2,7,1,1,1
36,1,3,4,1,2,1
30,2,2,7,1,2,2
49,2,2,3,1,2,1
55,2,1,4,1,1,1
34,5,2,7,1,2,1
29,5,1,7,1,2,1
35,2,2,7,1,2,1
40,10,1,1,0,1,1
42,4,1,7,1,1,1
34,2,2,4,1,2,1
47,10,1,4,0,2,1
39,2,1,7,1,2,1
55,10,1,3,1,2,1
44,8,1,4,0,2,1
34,1,1,3,0,1,1
45,2,1,7,1,2,1
50,2,1,7,1,2,2
55,7,1,1,1,2,1
28,2,1,4,0,1,1
30,10,1,4,1,1,1
32,4,1,2,1,2,1
31,5,1,7,1,2,1
32,8,1,4,1,2,1
39,1,1,6,1,1,1
24,2,2,4,0,2,1
57,6,1,6,1,2,2
27,10,1,7,1,2,1
44,2,1,7,1,2,2
32,2,1,7,1,2,1
37,4,1,7,1,2,1
29,2,1,7,1,1,1
31,11,2,7,1,2,2
58,1,1,2,0,2,1
32,10,2,6,1,2,1
48,8,1,2,0,2,1
42,1,1,6,1,2,1
31,2,2,7,1,1,1
41,1,1,1,0,1,1
33,7,2,2,1,2,1
45,10,1,6,1,1,1
30,2,1,7,1,1,1
30,2,2,7,1,1,1
53,7,1,1,1,2,1
32,1,2,3,0,0,1
27,2,2,7,1,2,1
46,2,1,4,1,2,1
29,2,2,7,1,1,1
43,5,1,7,1,1,1
26,2,2,7,1,1,1
47,2,1,7,1,2,1
39,1,1,1,0,1,2
29,7,2,7,1,2,1
33,2,2,7,1,1,2
56,6,1,4,1,2,1
30,10,2,7,1,2,2
32,10,1,7,1,1,1
33,8,1,6,1,1,1
49,10,1,7,1,1,1
33,1,1,3,1,2,1
58,7,1,7,1,1,1
37,2,1,6,0,2,1
48,4,1,4,1,1,1
39,10,1,3,1,1,1
53,2,2,3,1,2,1
59,4,1,2,0,1,1
40,2,1,7,0,1,1
44,1,2,1,1,2,1
39,10,1,6,1,1,2
30,7,1,7,1,2,1
48,2,1,7,1,2,1
51,10,3,4,1,2,1
29,2,1,7,1,1,1
38,1,2,4,1,1,1
30,1,1,2,0,2,1
62,6,2,7,1,2,1
30,10,2,6,1,2,1
36,2,2,4,1,2,2
32,9,2,7,1,1,1
56,11,1,1,1,2,1
39,2,1,4,1,2,1
36,2,2,4,1,1,1
36,10,1,7,1,2,1
34,1,1,3,1,2,1
21,9,2,4,1,1,2
44,1,1,1,0,2,1
31,2,1,4,1,1,2
37,2,2,6,1,1,1
37,10,1,7,1,2,1
30,1,1,1,1,2,1
47,10,3,6,1,2,1
41,2,3,4,1,1,1
33,10,1,6,1,2,1
57,10,1,6,1,2,1
29,8,2,7,1,1,1
33,2,3,7,1,1,1
40,2,3,6,1,2,1
43,10,1,7,0,0,2
27,2,2,1,1,2,1
41,5,1,7,1,1,1
58,6,1,2,0,2,1
28,1,1,1,1,1,1
55,2,3,4,1,2,2
54,7,1,7,1,1,1
56,5,3,7,1,1,1
56,11,3,4,0,2,1
40,10,1,4,1,2,1
49,5,1,7,1,1,1
30,2,2,7,1,1,1
29,9,2,6,1,1,1
31,2,2,7,1,1,1
30,2,1,4,1,1,1
34,2,3,7,1,2,1
44,3,3,2,1,1,1
32,10,2,7,1,1,1
38,4,3,7,1,1,2
37,7,1,7,1,2,1
29,10,1,7,1,1,1
30,2,2,7,1,2,1
54,5,1,7,1,2,1
43,1,1,1,1,2,1
33,2,1,7,1,1,1
32,2,2,7,0,2,1
57,6,1,6,1,2,1
29,2,1,7,1,2,1
36,3,1,0,0,2,1
48,1,1,1,1,2,2
30,1,1,1,1,2,1
45,2,1,7,1,2,1
42,1,1,3,1,2,1
31,2,2,4,1,1,1
28,8,2,0,1,2,1
53,8,1,0,1,2,2
58,2,1,7,1,2,1
32,8,1,4,1,1,1
31,11,1,7,1,1,1
53,1,1,2,1,1,1
53,2,1,1,1,1,1
32,4,1,7,1,2,1
32,8,2,3,1,0,1
43,11,1,1,1,2,1
44,4,1,2,0,1,1
45,1,1,4,0,1,1
41,1,1,0,0,1,1
64,0,1,0,1,2,1
30,7,1,7,1,2,1
31,10,1,6,1,1,2
27,2,2,4,0,1,2
38,10,1,6,1,2,1
37,2,2,7,1,1,1
50,1,1,1,0,0,1
60,10,3,6,0,2,1
50,10,3,6,1,1,1
34,2,2,4,1,1,1
45,2,1,3,1,1,1
39,8,2,6,0,2,1
36,1,1,3,0,1,1
34,5,1,4,1,2,2
31,1,3,4,1,2,2
27,9,2,7,1,2,1
35,1,1,3,1,2,1
50,10,1,7,1,1,1
53,5,1,7,1,2,1
27,1,1,2,1,2,1
57,4,1,7,1,1,1
37,1,1,1,1,0,1
59,10,1,3,0,1,1
49,4,1,6,1,1,1
32,5,1,4,1,1,1
34,11,1,1,1,2,1
25,7,2,7,1,1,1
45,1,1,1,0,2,1
34,1,1,3,0,1,1
29,2,2,7,1,1,1
53,1,1,0,0,2,1
29,10,2,6,0,2,1
39,4,1,2,1,1,1
40,2,3,4,1,2,1
27,8,2,7,1,2,2
55,11,1,1,1,2,1
32,8,1,4,1,1,1
54,2,1,6,1,2,1
39,11,1,7,0,2,1
43,10,3,6,1,1,1
41,1,3,2,1,2,1
26,2,1,4,1,1,1
52,10,1,6,1,2,1
44,2,1,7,1,1,1
38,1,1,1,0,1,1
42,8,1,7,1,0,1
44,2,1,7,1,1,1
27,2,2,3,1,2,1
28,5,1,7,1,1,2
47,4,1,7,1,2,2
34,8,1,4,1,2,1
55,1,3,2,0,2,1
34,1,1,1,1,2,1
25,2,2,7,1,1,1
31,10,2,6,1,2,1
35,2,1,4,0,2,1
50,5,1,7,1,1,1
22,1,2,1,1,1,1
48,0,1,2,0,1,1
35,1,1,2,0,1,1
34,10,1,6,1,2,1
50,1,1,2,1,2,1
25,9,2,4,1,2,1
51,3,3,7,1,2,1
32,9,2,4,0,2,1
59,5,1,7,1,2,1
37,1,1,1,0,1,1
40,1,1,2,1,1,1
26,10,2,6,1,2,1
32,2,1,4,1,1,1
33,5,2,7,1,2,2
35,7,1,2,0,1,1
32,9,2,7,1,2,1
35,2,1,4,0,1,1
31,10,2,7,1,2,2
38,1,1,1,1,1,2
30,9,2,4,1,1,2
32,8,1,4,1,2,2
44,1,1,1,1,1,1
35,2,2,7,1,2,1
48,1,1,1,0,1,1
52,6,1,7,0,1,1
41,1,1,1,1,2,1
65,4,1,2,1,1,1
43,8,3,4,1,1,1
40,1,1,6,1,1,1
30,2,1,7,1,1,1
66,6,3,4,1,1,1
44,8,2,4,1,1,1
35,2,1,4,1,2,1
57,5,1,7,0,1,1
26,1,2,3,1,1,1
39,11,1,7,1,2,1
45,8,1,3,1,0,1
35,10,2,6,1,2,2
42,4,1,7,1,1,1
36,2,2,7,1,1,1
46,2,2,7,1,1,1
35,7,1,7,1,2,1
24,2,2,4,1,2,1
50,10,1,7,1,2,1
36,2,2,7,1,1,1
39,10,2,6,1,1,1
57,1,1,2,0,2,1
42,1,1,2,1,1,1
31,1,2,7,1,1,1
41,2,2,0,1,2,2
25,1,1,2,1,1,1
58,1,1,2,1,2,1
33,7,1,7,1,1,1
42,10,2,0,1,1,1
41,5,1,7,0,1,1
49,1,3,3,1,1,1
44,1,1,1,0,2,1
52,8,1,7,1,1,1
26,1,1,1,1,1,1
43,2,1,4,0,1,1
43,10,1,7,1,2,1
26,4,1,2,1,2,1
34,1,1,3,1,2,1
24,8,2,4,1,1,1
33,7,2,7,1,1,1
38,7,2,0,1,1,1
31,1,1,2,0,1,1
32,2,3,7,1,2,1
25,7,2,0,1,1,1
26,2,2,7,1,1,1
56,6,1,2,1,1,1
38,1,1,3,1,1,1
37,2,1,4,1,2,1
22,1,2,1,1,2,2
50,1,1,1,1,1,1
34,1,1,1,1,1,1
35,10,2,7,1,2,1
48,8,3,1,1,0,1
25,2,1,4,1,1,1
39,1,2,2,1,1,1
52,10,1,6,1,2,2
48,10,1,7,1,1,1
44,1,2,1,0,2,1
30,10,2,6,1,2,1
32,5,1,4,1,1,1
52,11,1,7,1,1,1
44,1,2,6,1,1,1
29,2,2,7,1,2,2
41,2,1,7,1,1,1
26,10,1,4,1,2,1
32,2,2,7,1,2,1
31,2,2,7,1,2,1
29,2,2,1,0,2,1
58,1,1,2,0,2,1
56,10,1,2,0,0,1
23,1,2,6,1,2,1
50,10,1,6,1,2,2
29,2,1,7,1,2,2
31,2,2,7,1,2,1
48,4,1,2,1,1,1
27,1,2,0,1,0,1
24,10,3,6,1,1,1
35,10,1,4,1,1,1
42,10,1,7,0,1,1
37,2,1,4,1,1,1
33,2,1,7,1,2,1
58,5,1,7,1,1,1
54,6,1,1,1,2,1
54,10,1,6,1,2,1
39,10,2,6,1,1,1
48,2,1,1,0,1,1
34,1,3,2,1,1,1
28,1,2,1,0,1,1
30,2,2,4,1,1,1
59,6,1,6,1,2,1
29,2,2,4,0,2,1
25,2,1,4,1,1,1
47,2,3,4,1,2,1
32,2,1,7,1,1,1
30,1,1,3,1,1,1
24,10,2,7,1,1,1
58,3,1,4,1,1,1
44,5,1,7,1,1,1
36,2,1,7,1,2,1
33,7,3,1,1,2,1
31,1,2,4,1,1,1
38,2,2,7,0,2,2
35,5,1,7,1,2,1
29,1,1,1,1,1,1
58,5,1,7,1,2,1
43,1,1,2,1,2,1
55,7,1,2,0,0,1
53,5,1,7,0,2,1
38,3,1,1,1,2,1
36,10,2,6,1,1,1
56,6,1,6,1,1,1
32,2,1,7,1,1,1
48,1,1,1,1,2,1
31,10,1,7,1,1,1
50,7,1,2,0,2,1
38,8,1,4,0,2,1
34,2,2,7,0,1,1
41,1,1,2,1,2,1
51,5,1,7,1,2,1
26,2,2,4,1,1,2
34,2,2,7,1,1,2
41,10,1,7,0,2,1
41,10,1,6,1,0,2
26,1,1,1,1,2,1
32,1,1,3,0,2,2
49,1,1,3,0,1,1
39,10,1,4,1,1,1
38,1,1,1,1,0,1
52,6,3,6,1,1,1
57,7,1,7,1,1,2
38,4,1,7,1,1,1
31,2,1,4,1,1,1
57,1,1,2,0,1,1
42,7,1,6,0,0,1
32,2,1,4,1,2,1
31,1,1,1,1,2,1
32,3,1,4,1,2,1
40,5,1,0,1,2,1
58,1,1,2,0,2,2
44,2,1,7,1,2,1
46,3,1,0,0,2,1
47,2,1,3,0,2,1
44,5,1,3,1,2,1
39,2,1,4,1,1,1
38,10,1,6,1,2,2
59,1,1,2,0,1,1
49,5,3,7,1,2,1
51,2,1,7,1,1,1
55,11,1,7,1,2,1
49,10,3,4,1,2,1
44,2,1,2,0,2,1
29,1,2,4,1,2,1
49,1,1,0,1,1,1
49,10,1,6,1,1,1
45,2,3,1,0,1,1
39,1,1,1,1,1,1
35,1,1,1,0,1,1
55,3,2,0,0,1,2
30,8,2,4,1,1,1
26,5,2,7,0,2,1
37,10,2,6,1,2,1
29,7,1,3,0,2,1
54,1,1,2,1,1,1
35,10,1,7,1,1,1
41,10,2,6,1,2,1
31,10,1,6,1,1,1
30,2,1,7,1,1,1
43,10,1,6,1,2,1
31,1,1,6,1,1,1
33,2,2,7,1,2,2
30,5,3,7,1,1,1
47,2,2,7,1,1,1
32,8,1,6,1,2,1
49,5,1,7,0,2,1
41,10,1,4,1,2,1
60,1,1,6,1,1,1
42,8,1,4,1,2,1
39,8,1,4,1,2,2
52,2,1,0,1,1,1
29,1,1,3,1,2,1
40,1,2,6,1,2,1
30,8,1,4,1,1,1
38,2,1,4,1,1,1
37,2,1,4,1,1,1
60,1,3,2,0,1,1
26,1,2,1,1,2,1
37,5,1,7,1,1,1
56,8,1,4,0,1,1
44,10,1,4,1,2,1
46,2,1,4,1,1,1
59,2,1,7,1,1,2
52,8,1,4,1,2,1
40,10,3,6,1,1,1
44,8,1,4,1,2,1
35,5,1,7,1,2,1
33,10,1,6,1,1,1
38,1,1,2,1,2,1
53,3,1,2,1,2,2
56,11,3,4,1,2,1
48,1,1,4,1,2,1
45,2,3,4,1,2,1
56,2,1,7,0,1,1
48,5,1,7,1,2,2
62,2,1,4,1,1,2
24,8,2,4,1,1,2
33,2,2,4,1,1,1
49,10,3,6,1,2,1
54,4,1,6,1,1,1
57,10,3,7,1,1,1
31,2,2,4,1,1,1
51,2,1,7,1,2,1
35,2,2,2,0,1,1
50,10,2,7,1,2,2
30,2,2,7,1,2,1
30,1,1,1,1,2,1
32,1,1,3,0,1,1
45,1,2,4,0,2,1
46,2,3,4,1,2,2
48,1,1,2,1,1,1
31,3,2,7,1,1,1
40,10,1,7,1,2,1
56,1,0,2,1,1,1
42,10,1,6,1,1,2
57,2,3,7,1,1,1
47,10,1,6,0,1,1
36,10,1,7,1,2,1
53,8,1,4,1,1,1
58,7,1,1,1,1,1
36,1,1,1,1,0,1
35,2,2,7,1,2,1
34,1,1,1,0,2,1
41,2,1,3,1,1,2
30,0,1,6,1,1,1
30,10,2,6,1,2,1
37,8,2,4,1,2,1
53,8,1,1,1,2,1
34,8,0,4,1,2,1
28,2,2,7,1,2,1
29,3,2,7,1,1,1
44,2,1,7,1,2,1
56,6,1,4,1,2,2
31,8,2,4,1,1,1
40,1,2,1,1,2,1
47,1,1,4,1,2,1
37,5,2,7,1,1,1
57,6,1,7,1,2,1
37,1,2,6,1,1,1
52,7,2,2,0,2,1
34,2,2,7,1,1,1
43,8,1,4,1,1,1
34,1,2,0,1,1,1
49,2,1,7,1,1,1
25,2,2,4,1,2,1
38,8,1,4,1,1,1
40,11,3,4,1,1,1
31,10,2,7,1,1,1
29,10,1,6,1,1,1
57,2,1,7,1,2,1
38,5,1,7,1,1,1
48,2,2,7,1,2,1
32,2,2,7,1,1,2
30,7,1,7,1,2,1
52,6,3,2,0,2,1
34,8,3,4,1,1,1
60,1,1,2,1,2,1
37,10,1,6,1,1,1
47,10,3,4,1,2,1
57,2,1,0,1,2,2
28,2,1,7,1,2,1
61,2,1,7,0,2,2
33,2,1,7,1,2,2
36,10,1,6,1,1,1
53,8,1,1,0,2,1
36,1,1,0,1,1,1
31,7,1,7,1,2,1
44,5,3,1,0,2,1
37,1,1,1,1,2,1
32,10,2,7,1,2,1
44,1,1,4,0,2,1
29,5,2,7,1,2,1
37,5,3,0,1,1,1
48,6,1,2,0,1,1
33,8,2,7,1,2,2
38,1,1,3,0,2,1
41,1,1,2,0,1,1
57,4,1,2,1,2,1
35,1,1,1,1,1,1
34,1,1,1,1,2,1
50,3,1,1,1,2,1
49,5,1,7,1,1,1
28,1,1,1,1,1,1
53,2,2,0,0,1,1
52,2,1,6,1,2,1
35,2,2,6,0,2,1
65,10,1,6,1,1,1
26,1,1,1,1,2,1
56,1,3,1,1,2,1
39,4,1,1,1,2,1
23,2,2,4,1,2,1
32,2,2,7,1,1,1
35,2,2,7,1,2,1
50,5,1,7,1,1,1
52,5,1,6,1,0,1
58,6,3,7,1,2,1
37,1,3,6,1,2,1
34,2,2,7,1,1,2
54,10,1,6,1,2,1
60,2,1,7,1,1,1
30,1,1,1,1,2,1
34,1,1,1,1,1,1
30,1,1,4,1,2,1
43,1,1,1,0,2,1
37,1,1,2,1,2,1
34,10,1,4,1,1,1
30,2,1,4,1,0,1
31,10,1,3,1,2,1
41,8,1,4,1,2,2
48,2,1,7,1,1,1
21,9,2,4,1,1,2
42,2,1,0,1,1,1
38,1,1,3,1,2,1
42,7,1,7,1,2,1
40,10,1,6,0,2,1
33,2,1,7,1,1,1
37,2,3,7,0,2,1
37,1,1,4,0,1,1
38,1,2,4,1,1,2
52,5,3,7,1,1,1
44,10,2,6,1,2,1
38,10,2,4,1,1,1
24,8,2,4,1,2,1
32,10,2,6,1,2,1
32,8,1,4,1,1,1
44,8,1,0,1,1,2
39,8,2,7,0,2,1
57,1,1,2,0,2,1
50,2,1,7,1,2,2
50,8,1,2,0,2,2
36,5,1,7,0,2,1
40,8,3,4,1,1,1
47,1,1,3,1,2,1
36,9,2,0,0,2,1
33,2,2,4,1,2,1
27,2,2,4,1,2,1
60,6,1,7,0,1,1
37,3,1,7,0,2,1
35,5,1,4,1,2,1
49,2,1,2,1,2,1
40,2,3,7,1,1,1
43,1,1,1,0,2,1
47,2,1,7,1,1,2
33,5,1,7,1,1,1
40,2,2,4,1,1,1
58,1,1,2,0,2,1
46,10,3,6,1,2,1
38,1,1,3,1,2,1
47,8,3,4,1,1,1
59,2,1,6,1,2,1
35,8,1,1,1,1,1
29,2,2,7,1,2,1
50,5,1,6,1,2,1
39,5,3,7,1,2,1
32,2,2,6,1,1,1
31,10,1,7,1,1,1
24,8,1,4,1,2,1
41,8,1,4,0,2,1
22,8,2,4,1,2,1
28,7,2,7,1,1,1
41,2,1,1,1,2,1
36,1,1,1,0,1,1
53,2,3,7,1,2,1
28,3,1,2,0,2,1
62,5,3,4,1,1,2
52,2,3,7,0,2,1
28,2,3,7,1,2,2
29,1,2,3,1,1,1
39,1,3,1,1,2,1
39,10,2,7,0,1,2
60,2,1,6,1,2,2
33,10,1,6,1,2,1
32,1,1,3,1,1,1
49,7,1,6,1,2,1
31,2,1,4,1,1,1
27,4,1,4,1,2,1
38,8,1,4,1,1,1
31,2,1,7,1,1,1
40,5,2,4,1,1,1
28,2,1,4,1,2,2
56,2,1,4,1,1,1
35,2,2,7,1,1,1
56,5,1,1,1,2,1
35,10,3,6,1,2,1
46,2,3,1,1,2,1
32,1,1,1,1,2,1
45,8,2,0,1,1,2
34,5,3,3,0,2,1
56,4,3,2,1,2,1
39,10,2,6,1,1,2
24,0,2,7,1,2,1
50,5,2,7,1,2,1
43,11,3,1,1,1,1
52,6,1,4,1,2,1
59,10,1,7,1,1,1
27,1,1,2,1,2,1
33,11,1,1,1,2,1
25,8,2,4,1,1,1
47,4,1,6,1,2,1
31,1,2,4,0,2,1
43,1,1,1,0,0,1
34,1,2,1,0,1,1
50,8,1,4,1,2,1
31,2,1,7,1,2,1
45,8,3,2,1,1,1
35,10,1,6,1,2,1
59,1,1,2,0,1,2
29,10,1,7,1,1,1
28,2,2,7,1,2,1
45,2,1,4,1,2,1
47,10,2,7,1,1,1
41,7,1,7,1,2,1
42,5,1,4,1,1,1
32,10,2,7,1,2,2
32,1,1,3,1,2,1
33,1,1,4,1,1,1
43,5,1,0,0,1,1
34,1,1,7,1,1,1
59,4,1,2,0,1,1
31,2,1,7,1,2,1
24,2,2,7,1,2,1
27,1,2,1,1,1,1
37,8,1,4,1,2,1
53,7,1,7,1,2,1
31,1,1,1,1,2,2
56,10,1,6,1,1,1
35,10,1,4,1,0,1
54,6,1,6,0,1,2
39,3,1,1,0,2,1
44,5,1,1,1,2,1
49,10,1,6,1,2,1
47,5,1,2,1,1,1
30,1,2,3,1,1,1
29,2,2,4,1,1,1
39,10,2,6,1,2,1
33,3,1,7,1,2,1
32,10,1,7,1,1,1
49,10,1,0,1,1,2
32,2,1,7,1,2,1
52,2,3,4,1,2,1
28,8,3,4,0,1,2
29,2,2,7,1,2,1
47,5,1,4,1,1,1
36,2,1,4,0,1,1
23,1,2,1,1,1,2
59,10,3,2,1,2,1
45,0,2,4,1,2,1
29,1,1,3,1,1,1
74,6,3,4,1,2,1
66,6,1,2,1,2,2
46,2,1,4,1,1,1
43,1,2,0,0,1,1
46,5,1,7,1,2,1
49,2,1,4,0,1,1
28,5,2,7,1,1,1
34,11,2,7,1,1,1
43,10,1,1,0,2,1
45,1,1,2,1,1,1
46,10,3,6,1,1,1
36,5,1,7,1,1,1
44,1,1,2,1,1,1
30,10,1,7,1,2,1
42,10,1,6,0,1,1
48,2,3,7,1,1,2
34,1,2,1,0,2,1
33,8,1,2,1,1,1
40,10,1,6,1,2,1
37,8,1,4,1,1,1
30,10,2,6,1,2,1
33,5,3,7,1,2,1
32,10,2,4,1,2,1
44,10,1,3,0,2,1
58,6,3,7,1,2,1
62,10,1,0,1,2,1
42,8,2,4,1,1,1
46,8,1,1,1,1,1
37,5,1,4,1,1,2
37,1,1,6,1,2,1
46,8,1,1,1,1,2
34,2,0,7,1,2,1
46,8,1,4,1,1,1
37,5,1,7,1,1,1
47,5,1,7,1,1,1
36,2,1,7,1,1,1
32,10,1,6,1,2,1
46,3,1,4,1,2,1
51,3,3,7,0,1,1
24,9,2,2,1,2,1
53,2,1,1,0,2,1
46,11,1,3,1,2,1
51,1,1,1,0,0,1
56,10,1,0,1,2,1
35,2,2,4,1,2,1
34,10,1,6,0,2,1
38,7,1,1,1,1,1
35,8,2,6,0,2,1
32,2,1,4,0,2,1
38,1,1,1,1,1,1
44,5,3,7,1,2,1
37,11,2,6,1,1,1
59,6,1,6,1,1,2
24,1,2,0,1,1,1
35,2,1,4,0,1,1
30,2,2,7,1,2,1
33,10,2,6,1,1,1
43,1,1,2,0,2,1
41,2,1,7,1,2,1
57,2,1,6,1,0,1
49,2,1,7,1,2,1
30,3,1,6,1,2,1
45,1,3,2,1,2,1
30,3,2,7,1,2,2
41,1,1,1,1,2,1
53,5,1,7,1,2,1
29,5,2,7,1,1,1
45,10,1,7,1,1,1
24,1,2,2,1,2,1
43,2,2,7,1,1,1
45,1,1,3,1,2,1
34,8,1,4,0,1,1
35,1,2,1,0,2,1
25,1,2,1,1,1,1
58,1,1,0,1,2,1
31,2,1,4,1,0,1
30,7,2,7,1,2,1
30,1,2,3,1,2,1
37,2,3,7,0,2,2
58,6,1,2,1,1,1
34,2,2,4,1,2,1
34,1,1,1,0,1,1
43,10,1,6,1,2,1
30,9,2,6,1,1,1
35,0,1,1,1,1,1
33,2,2,7,1,1,1
45,5,1,1,1,2,1
28,8,1,4,1,1,1
29,9,2,6,1,1,1
31,2,1,7,1,2,1
27,10,2,7,1,2,2
41,1,1,3,1,2,1
29,8,2,4,1,2,1
24,8,2,1,1,2,1
34,2,2,7,1,2,1
58,5,1,7,1,1,2
52,4,1,3,1,2,1
30,9,2,7,1,1,1
39,2,1,7,1,1,1
39,3,1,4,1,1,1
32,2,1,7,1,2,1
36,1,1,1,1,2,1
30,2,1,7,1,2,2
34,1,1,4,1,2,1
34,2,2,4,1,1,1
35,11,1,7,1,1,1
39,3,1,4,1,2,1
51,11,1,4,1,0,1
29,10,1,4,1,2,2
35,10,2,1,1,2,1
46,10,1,6,1,1,1
35,10,2,6,1,1,1
23,1,2,1,1,1,1
49,2,1,7,1,1,1
33,2,2,4,1,1,1
41,10,3,6,1,2,1
48,10,1,6,1,1,1
43,10,1,6,1,2,1
76,6,1,7,1,2,1
54,2,1,4,1,1,1
43,8,1,4,1,1,1
27,1,1,2,0,1,1
55,2,1,1,0,1,1
37,10,2,7,1,2,1
29,10,2,6,1,1,1
37,8,2,1,1,1,1
30,8,1,4,1,2,1
29,2,2,4,1,2,1
30,1,2,1,0,2,1
25,2,2,4,1,2,1
34,5,2,4,1,1,1
58,5,1,2,1,2,1
26,2,2,4,1,2,1
54,3,1,6,1,1,2
51,1,3,0,0,1,1
22,2,2,7,1,2,2
48,1,1,1,1,1,2
48,10,1,4,1,0,1
53,10,1,6,1,2,1
55,1,1,2,0,2,1
59,3,3,4,0,2,1
52,7,1,2,0,1,1
36,1,1,1,1,1,1
56,8,3,4,0,2,1
35,2,2,4,1,2,1
30,2,2,7,1,2,1
45,10,2,6,1,2,1
48,2,3,7,1,2,1
36,2,2,7,1,1,1
40,1,2,1,1,2,1
32,10,3,6,1,1,1
60,3,1,2,1,2,1
37,11,1,1,1,2,1
32,7,2,7,1,1,2
58,5,1,7,1,2,1
48,3,1,1,1,2,1
31,8,2,4,1,1,1
35,7,2,4,1,2,1
41,1,1,3,1,1,1
42,1,1,0,0,1,1
55,1,3,1,1,2,1
36,2,3,4,1,2,1
29,2,2,0,1,2,2
34,3,2,6,1,1,1
55,6,1,4,1,2,2
27,1,2,2,1,1,1
32,10,1,6,1,2,1
30,8,1,4,1,2,1
39,1,1,1,0,1,1
39,1,1,0,1,2,1
39,3,3,7,1,2,1
48,2,2,7,1,2,1
33,2,2,4,1,1,1
46,8,3,2,1,1,1
51,2,2,7,0,2,1
44,1,1,2,1,1,1
26,8,2,4,1,1,1
53,10,1,6,0,2,1
42,2,1,7,1,2,1
31,11,2,6,1,1,1
32,2,2,7,1,2,1
31,2,2,1,1,1,1
31,1,2,2,1,1,2
27,2,2,7,1,2,2
50,5,1,7,1,1,1
31,8,1,4,0,2,1
39,1,1,1,0,2,1
37,1,2,6,1,1,1
58,6,1,6,0,1,1
32,3,1,1,1,1,1
43,1,2,3,1,2,2
33,2,1,7,1,2,1
29,10,2,6,1,2,1
32,3,3,7,1,2,1
42,2,2,7,1,1,1
32,10,2,6,1,2,1
29,10,1,6,1,1,1
32,2,2,6,1,2,2
51,8,1,4,1,2,1
47,2,2,7,1,1,2
36,2,1,4,1,2,1
37,1,1,6,0,1,1
48,8,3,4,0,2,1
50,5,1,7,1,2,1
40,1,1,3,0,2,1
31,2,1,7,1,1,1
39,1,1,3,1,1,1
38,2,1,4,1,2,1
58,2,3,4,1,1,1
37,10,1,6,1,1,2
34,8,1,4,1,1,1
35,10,1,4,0,2,2
39,3,1,7,1,2,1
78,6,1,1,1,2,1
43,1,2,4,1,1,1
49,10,3,7,1,2,1
32,10,1,6,1,1,1
58,3,1,7,0,1,1
42,2,1,7,1,2,1
32,1,1,6,1,1,2
31,10,1,6,1,2,1
45,8,1,6,1,2,1
43,1,1,1,0,2,1
53,1,1,2,1,1,1
42,2,1,4,1,2,1
40,10,1,6,1,1,1
41,5,1,7,0,2,1
47,1,2,1,0,1,1
53,2,1,7,1,1,1
60,6,1,7,1,2,1
32,10,2,7,1,1,1
67,6,1,2,1,1,1
49,5,3,7,1,1,1
31,2,0,4,1,1,1
31,2,2,1,1,1,1
60,2,1,4,1,2,2
33,1,1,4,1,1,1
41,7,1,7,1,2,1
45,8,1,6,1,2,1
29,8,3,4,1,1,1
39,11,1,7,1,1,1
35,2,1,4,0,2,1
33,10,2,7,1,2,1
27,11,2,7,1,1,1
32,1,1,1,0,1,1
45,1,1,1,0,1,1
36,1,1,1,0,2,1
41,8,2,0,1,2,1
40,1,1,0,1,1,1
42,5,1,7,1,1,1
31,2,2,7,1,2,1
32,1,3,1,1,1,1
32,10,1,6,1,1,1
27,1,1,4,1,1,1
35,1,1,2,1,1,1
41,2,1,7,1,2,1
45,2,1,7,1,1,1
45,2,1,7,1,1,1
44,2,1,4,0,1,1
51,10,1,6,1,1,1
50,11,1,6,1,1,1
41,1,1,2,1,1,1
29,2,1,1,1,2,1
44,5,1,1,1,1,1
30,1,1,6,1,1,2
39,4,1,2,1,2,1
39,5,1,7,1,2,1
50,1,1,2,0,1,1
43,1,1,1,1,0,1
36,1,1,0,1,1,1
80,6,3,4,1,2,2
36,2,1,4,0,2,1
29,1,1,1,1,2,1
48,1,1,3,1,2,1
51,2,1,4,1,1,1
30,2,2,4,1,1,2
24,10,2,6,1,0,2
47,2,3,4,1,1,1
36,1,1,1,1,1,1
37,2,1,4,1,2,1
31,1,1,1,1,2,2
34,3,1,7,0,2,1
69,6,1,2,1,1,1
42,2,1,7,1,1,1
34,1,1,3,0,1,2
48,1,1,1,1,2,1
41,1,1,3,1,2,1
59,1,1,2,0,1,1
50,2,1,4,1,2,1
36,2,1,4,1,2,1
38,1,1,1,1,2,1
44,1,1,1,0,1,1
35,8,2,4,1,1,1
30,2,3,7,1,2,1
32,2,1,4,1,2,1
53,5,2,6,0,1,1
36,2,2,7,1,2,1
61,2,1,7,1,2,2
51,7,1,7,1,2,1
69,6,3,7,1,2,2
30,10,2,7,1,2,1
33,2,1,7,1,0,1
53,8,3,1,1,1,1
49,1,1,6,1,1,1
35,10,1,6,1,2,1
40,8,1,4,0,2,1
42,8,1,1,1,2,1
41,7,3,7,1,1,1
31,1,1,3,1,1,1
40,5,1,7,1,1,1
53,5,1,7,1,2,1
53,3,3,7,1,2,1
48,3,1,7,1,2,1
32,1,2,1,0,1,1
27,1,1,1,0,2,1
51,4,1,2,0,2,1
39,11,1,7,1,1,1
28,9,2,1,1,2,2
31,1,1,2,1,2,1
58,2,1,7,1,1,2
54,4,3,2,1,1,1
45,2,3,7,1,2,1
36,1,1,1,1,2,1
55,2,1,7,1,1,1
51,1,1,1,1,2,1
27,1,2,4,1,2,1
41,1,3,3,1,1,1
40,7,1,7,1,1,1
28,10,2,6,1,1,1
57,1,1,2,1,1,1
37,2,1,7,1,1,2
58,4,1,2,1,1,1
34,10,1,6,1,1,1
28,10,2,7,1,2,1
57,7,1,7,1,1,1
37,8,3,4,0,2,1
37,10,1,6,0,2,1
35,2,1,4,1,1,1
42,8,1,4,0,1,1
30,9,2,4,1,1,2
25,10,2,6,1,2,2
36,2,1,7,1,1,1
49,1,1,1,0,1,1
52,2,1,4,1,1,1
31,7,3,7,1,0,1
26,11,2,7,1,2,2
56,2,1,4,1,1,1
37,3,1,7,1,2,1
32,2,2,7,1,1,1
36,1,1,1,1,2,1
36,2,1,4,1,2,1
26,1,1,1,1,1,2
48,1,1,1,1,1,1
57,1,1,2,0,2,1
45,1,1,1,1,2,1
46,10,1,7,1,2,1
38,1,1,3,1,2,1
24,7,2,7,1,2,1
38,10,2,6,1,2,1
60,6,1,7,0,2,1
44,8,3,3,1,2,2
32,1,1,1,0,1,1
38,1,1,4,1,1,1
45,2,1,4,1,1,1
44,1,2,2,1,2,1
44,1,1,3,1,2,1
31,2,2,7,1,1,1
32,1,1,3,1,1,1
45,2,1,7,1,1,1
40,10,1,4,1,2,1
45,1,1,6,1,1,1
44,10,1,6,1,1,1
43,2,2,4,1,1,2
25,9,2,4,1,1,1
47,2,1,7,0,1,1
39,2,1,4,1,2,1
32,10,1,7,1,2,1
41,10,1,1,1,1,1
58,6,1,2,1,2,1
42,8,1,6,1,2,1
50,0,1,2,0,2,1
42,5,1,7,1,2,1
53,1,1,2,0,2,2
54,4,3,7,1,2,2
31,2,1,4,1,1,2
50,4,1,1,0,2,1
48,7,3,4,1,2,1
30,10,2,7,1,1,1
43,10,1,6,1,1,1
36,1,1,1,1,1,1
37,8,1,4,1,1,1
55,2,1,7,1,2,1
47,5,1,1,1,1,1
54,10,1,6,0,2,1
26,5,2,7,1,1,1
27,2,2,6,1,2,1
32,2,2,7,1,2,1
43,4,1,2,1,2,1
26,5,2,7,1,1,2
32,8,1,4,1,2,1
32,1,1,3,1,2,1
28,1,1,1,0,1,1
33,7,2,7,1,0,1
33,10,2,6,1,2,2
42,10,1,6,1,2,1
53,8,1,1,0,2,1
70,6,1,2,0,2,1
47,5,1,7,1,2,1
43,1,1,4,1,2,1
51,1,1,2,0,2,1
34,4,1,7,1,2,1
57,6,0,2,1,2,1
30,2,2,6,1,0,2
41,10,2,7,1,2,1
36,1,1,0,0,2,1
37,2,1,7,0,2,1
28,9,2,7,0,2,1
31,5,2,7,1,2,2
58,6,1,2,0,1,1
54,2,1,4,0,2,1
48,11,1,6,1,1,2
50,1,2,1,0,2,1
38,10,2,7,1,2,1
25,9,2,0,1,1,2
37,2,1,4,1,1,1
31,10,2,7,1,1,1
28,2,2,7,1,1,1
46,10,1,6,1,2,1
31,1,1,3,1,2,1
31,5,1,4,1,2,1
30,2,2,7,1,2,1
35,2,2,7,1,2,1
30,10,1,7,1,2,2
36,1,1,1,1,0,1
34,2,1,7,0,1,1
32,10,1,6,1,1,1
43,5,1,7,1,1,1
57,1,1,2,1,1,1
41,11,3,6,1,0,1
34,1,1,2,0,1,1
32,10,1,6,1,1,2
33,2,2,6,1,2,2
46,5,2,7,1,2,1
80,6,1,2,1,1,2
45,1,1,2,0,2,1
41,1,1,3,1,2,1
49,2,1,4,0,2,1
50,5,1,4,0,1,1
34,3,1,2,1,2,1
47,5,1,7,1,2,1
47,8,1,4,1,1,1
55,1,1,3,0,1,1
46,1,1,3,0,2,1
24,9,2,4,1,2,1
32,1,2,2,1,2,1
31,1,1,4,1,1,1
31,1,1,1,1,2,1
29,3,1,4,1,2,1
48,1,1,2,1,1,1
33,2,1,4,1,2,1
43,10,1,7,1,1,1
29,8,2,4,1,1,1
47,1,1,2,1,2,1
47,5,1,7,1,2,1
33,2,1,1,1,1,1
56,3,1,7,1,2,1
33,10,1,7,0,2,1
30,1,2,2,0,2,1
36,5,1,7,1,1,1
50,1,1,1,0,2,1
45,10,1,4,1,2,1
38,2,2,4,1,2,2
31,11,2,4,1,1,1
30,10,1,6,1,2,1
39,8,1,4,1,2,1
37,1,1,1,1,1,1
45,5,1,0,1,2,2
36,1,2,1,0,1,1
22,1,1,6,1,2,1
33,3,1,7,1,2,1
37,10,2,4,1,2,1
38,5,1,7,1,2,1
53,2,1,4,1,2,1
31,10,1,7,1,2,1
44,5,1,7,1,1,2
31,8,1,4,1,1,1
43,2,1,7,0,2,2
30,1,2,1,0,1,1
47,4,2,2,1,1,1
28,1,1,2,1,2,1
33,11,1,4,1,2,1
42,2,1,7,1,2,2
45,8,1,4,0,1,1
32,8,1,4,1,1,1
41,5,1,4,1,1,1
50,1,1,1,1,2,2
42,1,1,2,0,1,1
45,1,2,2,0,2,1
52,3,1,1,1,2,1
49,1,1,3,1,2,2
39,5,1,0,1,1,1
20,1,2,4,1,2,1
36,3,1,7,1,1,1
44,8,3,4,1,2,2
34,10,3,6,1,2,2
67,7,1,7,1,2,1
42,2,1,7,1,2,1
41,7,2,7,1,2,1
37,10,2,7,1,2,1
35,0,2,2,0,1,1
34,3,1,7,1,2,1
48,5,1,7,1,1,1
46,2,2,4,1,1,1
57,2,3,4,1,1,1
54,4,1,2,1,2,1
34,2,1,1,1,2,1
29,10,2,4,1,1,1
38,1,1,1,1,2,1
27,9,2,4,1,2,1
42,1,1,3,0,2,1
35,10,3,6,1,2,1
40,3,1,6,0,2,1
44,2,2,7,1,2,1
33,2,2,7,1,1,1
54,1,1,1,1,2,1
32,10,1,4,1,2,1
47,2,2,7,1,2,1
40,2,2,4,1,2,1
30,2,1,7,1,2,2
28,10,2,6,1,2,1
40,3,1,2,1,2,1
39,1,1,2,1,2,1
27,10,2,4,1,2,2
51,4,1,2,0,1,1
39,2,3,6,1,2,1
46,2,1,7,1,2,1
49,11,1,4,0,1,1
47,2,1,7,1,2,1
32,2,3,7,1,1,1
35,3,1,4,1,2,1
27,2,2,4,1,2,1
42,1,1,1,1,1,1
35,10,1,7,0,1,1
37,10,2,7,1,1,1
48,1,1,2,1,1,1
29,11,2,7,1,1,1
50,5,1,7,1,2,1
30,1,2,7,1,1,1
58,7,3,7,1,2,1
52,1,1,1,1,1,1
32,3,1,7,1,2,1
55,6,1,3,0,2,1
49,10,1,6,0,2,1
35,2,2,7,1,1,1
41,1,3,3,1,2,1
44,1,1,3,1,1,1
35,10,1,6,1,1,1
44,2,1,7,1,1,1
27,10,2,1,1,2,1
35,7,1,7,1,2,2
33,2,2,7,1,2,1
35,2,1,4,1,2,1
32,5,2,7,1,1,1
39,3,2,7,1,2,1
53,1,1,4,0,2,1
26,2,2,4,1,1,1
25,7,2,7,1,1,1
39,1,1,1,1,1,1
33,2,1,7,0,2,1
63,5,1,2,0,2,2
59,6,1,2,1,1,1
52,7,2,6,1,1,1
25,1,2,1,1,2,1
29,1,1,1,1,1,1
48,3,1,1,0,1,1
35,2,1,7,1,2,1
39,10,1,6,1,2,1
31,2,2,7,1,1,1
28,1,2,6,1,2,1
40,7,1,4,1,1,1
39,2,1,7,1,1,1
41,1,1,2,1,2,1
39,4,1,6,1,2,1
30,7,1,6,1,2,1
40,5,1,1,1,2,1
32,10,1,6,1,2,1
37,2,3,7,1,2,1
52,2,1,7,1,1,2
28,9,2,1,1,2,2
43,1,1,4,1,2,1
31,2,2,7,0,2,1
45,4,3,7,1,1,1
47,1,3,2,1,2,1
58,2,3,7,1,2,1
33,10,2,4,1,2,1
28,1,2,7,0,1,1
47,2,1,7,0,1,1
38,1,2,4,1,1,2
60,5,1,7,1,2,1
28,2,2,7,1,2,1
33,7,2,7,1,2,2
41,3,3,1,1,2,1
33,9,2,0,1,2,1
41,5,1,4,0,2,1
30,9,2,0,1,2,1
54,7,3,4,0,1,1
46,10,2,6,1,1,1
32,1,1,4,1,1,1
42,10,2,7,1,2,1
29,2,2,7,1,1,1
41,1,1,0,0,1,1
24,1,2,3,1,1,1
44,10,3,0,1,1,1
58,6,1,2,1,2,1
31,2,1,4,1,1,1
34,8,2,1,1,1,1
44,2,1,4,1,2,1
59,1,1,2,1,1,1
34,10,2,7,1,1,1
48,5,1,7,1,2,1
47,2,2,7,1,1,1
54,4,1,2,0,1,1
44,1,1,4,0,2,1
31,5,2,7,0,2,1
34,1,1,6,1,2,1
29,10,2,1,1,0,1
38,10,2,7,1,2,1
56,2,1,0,1,2,1
26,10,2,6,1,2,1
31,10,3,4,1,1,1
31,2,2,7,1,2,1
57,1,1,2,1,1,1
36,1,1,1,1,1,1
43,11,1,7,0,0,1
46,7,1,1,0,2,1
24,9,2,0,1,2,1
37,1,2,6,1,1,1
33,10,1,6,1,2,1
41,10,2,4,1,2,1
53,4,1,2,0,1,1
51,2,3,4,1,2,1
36,4,3,7,1,1,1
47,2,1,7,1,2,1
44,10,3,6,1,2,1
45,8,1,6,1,2,1
38,1,1,4,1,1,1
36,10,2,6,0,1,1
30,1,2,6,1,2,1
55,5,1,7,1,1,1
45,1,1,1,1,2,1
58,6,3,7,1,2,2
33,5,2,7,1,1,1
36,2,2,7,1,2,1
33,7,2,4,1,2,1
44,8,3,4,1,2,1
30,8,2,4,1,2,2
25,9,2,4,1,1,2
56,0,1,2,1,2,1
31,5,1,7,1,1,1
32,8,1,4,1,2,1
31,1,2,2,1,1,1
36,10,2,6,1,2,1
41,4,1,4,1,2,2
55,1,1,1,0,2,1
57,5,3,7,1,1,1
34,8,1,4,1,2,1
30,5,1,4,1,2,1
40,10,1,7,1,1,1
41,11,1,1,0,2,1
53,1,2,1,1,0,2
35,1,1,1,1,1,1
59,3,1,7,1,1,1
41,7,1,1,1,2,1
35,10,1,6,1,2,1
41,2,3,4,1,1,1
32,2,2,7,1,2,1
46,8,3,1,1,0,1
60,7,1,1,1,1,1
34,2,1,7,1,1,2
48,2,1,4,1,1,1
50,5,1,7,1,2,1
43,2,1,4,1,1,2
46,8,3,1,1,1,1
50,3,1,7,1,1,1
30,10,2,7,1,2,1
44,1,1,1,1,2,1
37,5,1,0,1,1,2
23,8,2,4,1,0,1
32,2,1,7,1,2,2
36,10,1,6,1,2,1
40,8,1,3,0,1,1
53,2,3,7,1,2,1
53,4,1,3,0,0,1
34,1,1,2,1,2,1
34,10,3,6,1,1,1
41,7,1,1,1,2,2
48,1,1,2,1,1,1
47,1,1,2,0,1,1
39,8,1,4,1,1,1
50,10,1,1,1,2,1
38,10,2,3,1,2,1
37,2,2,7,1,2,1
29,8,2,1,0,2,1
24,3,2,4,1,2,1
46,5,1,7,1,1,1
35,2,2,7,1,1,1
32,2,2,7,1,0,1
33,2,2,7,1,2,1
58,6,1,6,0,1,1
36,1,1,2,0,2,1
41,10,1,7,1,2,1
33,10,2,6,1,2,1
29,2,1,7,1,1,1
51,10,2,7,1,1,2
52,5,1,7,1,1,2
44,1,1,1,1,1,1
42,2,1,4,1,1,1
43,2,1,7,0,1,1
32,8,1,4,0,1,1
32,1,1,2,1,1,1
38,8,1,2,1,1,1
32,10,1,7,1,2,1
31,10,1,6,1,1,1
37,1,1,1,1,2,1
43,1,1,1,1,2,1
30,10,1,7,1,1,1
34,1,1,1,1,2,1
36,5,1,0,1,1,1
29,2,2,7,1,2,1
52,2,3,7,1,2,1
54,6,3,2,1,1,1
31,8,1,6,1,1,1
37,1,1,3,0,2,1
40,10,2,7,1,1,1
43,10,1,6,0,1,1
35,10,3,6,1,1,1
37,2,2,4,1,2,1
35,8,1,3,1,1,1
53,2,1,6,1,2,1
55,1,1,2,0,1,1
40,11,1,6,1,1,2
28,1,2,4,1,2,1
39,1,2,2,1,1,1
41,1,1,1,1,1,1
46,1,1,3,0,2,1
52,7,1,7,0,1,1
44,2,2,4,1,1,1
31,11,1,4,2,1,1
31,1,1,1,1,1,1
31,2,1,7,1,1,1
35,8,1,4,1,2,1
58,1,1,2,1,2,1
38,10,1,6,1,2,2
51,2,1,2,0,1,1
36,10,1,6,1,1,1
47,1,1,4,0,2,1
49,2,2,4,1,1,1
39,4,1,2,1,2,1
33,2,2,7,0,2,1
66,6,1,6,1,1,2
36,10,1,6,1,2,1
46,1,3,1,1,1,1
44,8,1,6,0,2,1
50,10,1,6,0,2,2
32,8,1,6,1,2,1
52,4,1,3,1,2,1
26,1,2,4,1,1,1
30,2,2,7,1,1,1
34,10,3,6,1,2,1
30,5,1,7,1,2,1
56,6,1,2,1,1,1
33,1,1,1,1,2,1
31,1,3,3,1,2,1
47,2,2,0,0,2,1
46,8,1,6,1,1,1
54,10,1,2,1,1,1
30,10,2,7,1,1,1
40,7,1,0,0,1,1
45,8,1,4,1,2,1
45,11,1,2,1,2,1
55,6,1,4,1,2,1
30,2,1,7,0,1,1
82,4,3,2,1,1,2
55,0,1,2,1,2,2
39,3,1,1,1,1,1
46,10,1,1,1,2,1
33,1,2,2,1,1,1
39,2,2,0,1,1,1
37,1,1,2,0,2,1
28,10,2,6,1,2,2
41,10,3,7,1,2,1
39,2,1,7,1,1,1
27,1,1,2,1,2,1
39,4,1,1,1,2,1
46,10,1,6,1,2,1
38,10,1,6,1,1,1
54,10,2,4,1,2,1
25,2,2,1,1,1,1
37,2,1,7,1,1,2
28,7,2,1,1,1,1
53,1,1,2,0,2,1
58,1,1,2,0,2,1
31,2,2,4,1,1,1
42,8,1,4,1,2,1
37,1,1,6,1,2,1
37,7,3,7,1,1,1
24,1,2,1,1,2,1
33,10,1,6,1,2,1
59,10,1,6,1,2,1
60,6,1,2,1,1,1
31,2,1,7,1,1,1
38,10,1,6,1,1,1
35,0,2,4,0,2,1
26,2,2,7,1,1,2
52,6,1,7,1,1,1
35,1,1,1,1,1,1
42,2,3,7,1,1,1
46,11,3,1,1,2,1
40,10,1,6,1,1,1
58,2,1,7,1,1,1
52,1,1,2,1,2,1
30,2,3,7,1,1,1
44,1,1,1,1,1,1
53,8,1,4,0,2,1
30,5,2,7,1,1,1
43,1,1,3,1,1,1
39,8,2,4,1,2,2
43,5,1,1,1,2,1
57,1,3,2,0,2,1
37,2,2,7,1,1,2
32,10,1,7,1,1,1
40,2,2,6,1,2,1
41,1,2,0,0,1,1
46,10,3,7,1,1,1
33,8,2,4,1,2,1
49,5,3,7,1,1,1
52,5,1,4,1,1,2
31,2,2,7,1,2,1
32,1,1,1,1,2,1
37,2,2,7,1,1,1
45,4,1,2,1,1,1
39,1,3,3,0,2,1
28,1,2,1,1,1,1
45,1,3,2,0,2,1
33,2,1,7,0,2,1
37,10,1,6,1,2,1
34,3,2,7,1,2,1
39,8,1,1,1,2,1
31,2,2,7,1,2,1
41,5,1,4,1,2,1
55,2,1,4,1,1,1
49,1,1,1,1,1,1
36,2,3,7,0,2,1
26,2,1,4,1,1,1
46,2,1,7,0,1,1
38,5,3,7,1,2,1
40,1,1,1,0,2,1
38,2,1,7,1,2,1
49,4,1,6,1,2,1
51,10,1,6,1,2,1
41,8,3,1,1,2,1
42,1,1,1,0,2,1
32,8,1,4,1,1,1
37,10,2,6,0,0,1
46,8,1,4,1,2,1
33,10,3,6,1,1,1
68,6,3,6,1,2,2
41,1,1,1,1,2,1
32,2,2,7,1,2,1
29,2,2,7,1,1,1
36,2,1,7,1,2,2
37,2,2,7,1,2,1
57,10,1,4,0,1,2
40,1,2,3,0,1,1
36,2,1,7,1,1,1
33,11,3,6,1,2,1
53,5,1,7,1,2,1
56,5,1,7,1,2,1
33,5,1,6,1,1,2
48,2,3,1,1,1,2
38,7,1,7,0,1,1
22,9,2,4,1,1,1
50,2,3,7,1,2,1
58,6,1,6,1,1,1
56,6,1,6,1,2,1
53,7,3,7,1,1,1
41,2,1,7,0,2,1
80,6,3,2,1,1,1
50,5,1,7,1,2,1
33,8,2,4,1,2,1
29,10,2,7,1,1,1
45,7,2,1,1,2,1
22,1,2,3,0,0,1
34,2,3,7,1,2,1
35,2,1,7,1,2,1
46,2,2,4,1,1,1
47,1,1,0,0,2,1
33,2,2,4,1,2,1
51,2,1,7,1,1,1
38,1,2,0,1,2,1
58,2,1,4,1,1,1
49,2,1,7,0,1,1
45,4,2,1,1,2,1
42,5,1,4,0,1,1
31,10,1,4,1,2,1
45,1,1,1,0,1,1
24,9,2,6,1,1,1
37,8,3,4,1,2,1
27,2,1,4,0,1,1
48,10,1,6,1,1,1
46,2,1,4,1,2,1
57,6,1,2,0,2,1
56,10,1,2,1,2,1
33,7,2,6,1,2,1
42,1,1,1,1,2,1
53,3,1,2,0,2,1
54,1,1,1,1,1,2
28,10,2,4,1,2,1
38,10,1,4,1,1,1
45,10,1,1,0,1,1
30,10,2,7,1,1,2
55,10,1,6,1,2,1
45,10,1,6,1,1,1
25,2,2,4,1,2,1
54,5,1,4,1,1,1
43,1,2,2,0,2,1
28,10,2,7,1,2,2
33,1,1,1,1,2,1
48,2,3,7,1,1,1
36,10,1,4,1,1,1
38,8,2,4,1,1,2
42,2,3,7,1,2,1
24,2,2,7,1,2,1
33,2,2,7,1,2,1
34,3,1,2,1,1,1
56,1,1,2,0,2,1
52,10,1,7,1,1,2
29,2,1,4,1,2,1
54,10,1,6,1,1,1
43,1,1,1,1,1,1
60,6,1,4,1,1,2
49,2,3,4,1,1,1
51,2,3,7,0,1,1
34,2,1,7,1,2,1
32,2,1,1,1,1,1
31,8,2,1,1,0,1
54,6,3,7,1,1,1
31,2,2,4,0,1,1
35,8,1,4,1,2,1
44,8,1,1,1,2,1
63,6,1,6,1,1,1
28,10,1,7,1,2,1
56,5,1,2,0,2,1
31,8,1,4,1,2,1
33,5,1,7,1,1,1
25,2,2,7,1,1,1
44,2,3,7,1,2,1
54,10,1,7,1,2,1
32,4,1,3,0,1,1
54,4,1,6,1,2,1
32,10,1,6,1,1,1
46,2,1,4,1,1,1
57,6,3,6,1,1,1
30,10,2,6,1,1,1
54,5,1,7,1,2,1
48,7,1,7,1,2,1
28,8,1,4,1,1,1
37,2,1,7,1,2,1
40,10,1,1,1,1,1
28,10,1,7,1,2,1
41,1,1,1,1,1,1
27,9,2,4,0,1,1
45,2,1,6,1,1,1
45,5,1,1,0,2,1
43,1,1,3,1,2,1
35,4,1,2,1,2,1
36,1,2,2,1,2,1
47,1,1,3,0,2,1
57,2,1,7,1,1,1
27,7,1,7,1,1,1
64,6,1,0,1,1,2
29,5,2,7,1,1,1
45,5,1,7,0,1,1
26,1,2,4,0,1,1
54,8,1,4,1,2,1
29,2,2,1,0,2,1
39,2,1,4,1,1,1
46,1,1,2,0,1,1
44,10,1,6,0,1,1
36,1,1,1,1,2,1
59,2,1,4,1,2,2
56,10,1,7,1,1,1
33,11,1,4,0,2,1
51,10,3,6,1,1,1
59,1,1,2,1,2,1
31,8,1,1,1,2,2
46,10,1,6,0,1,1
21,1,1,1,1,1,1
33,10,2,6,1,2,1
46,3,2,7,1,1,1
24,1,2,0,1,1,1
35,10,1,7,1,1,1
32,7,2,7,1,2,2
35,8,1,4,1,2,1
32,7,2,7,1,2,1
34,10,1,6,1,2,1
47,1,1,3,0,2,1
60,6,3,4,1,1,1
43,8,3,4,1,1,1
58,10,1,2,1,2,1
31,2,2,7,1,2,1
38,1,2,2,1,1,1
35,5,1,7,1,1,1
34,8,1,1,0,2,1
31,2,2,4,1,1,1
30,7,1,6,1,2,1
49,5,3,4,0,1,1
41,8,1,4,1,2,1
53,1,1,2,1,2,1
45,4,1,2,0,2,1
58,6,1,2,1,2,1
46,10,1,1,0,1,1
56,8,3,4,0,2,1
28,7,2,7,1,2,1
38,1,1,1,1,1,1
32,10,2,6,1,2,1
36,2,1,7,1,1,2
27,1,1,1,1,2,1
46,5,1,1,1,2,1
40,2,1,7,1,1,2
31,10,1,6,1,2,2
45,2,1,7,1,2,1
49,7,1,4,1,1,2
52,7,1,7,1,1,1
53,2,3,4,1,2,1
26,8,2,4,1,0,1
48,8,2,4,1,2,1
32,10,1,6,1,1,1
34,1,2,1,1,1,1
35,10,1,6,1,1,1
38,9,2,7,1,1,1
53,10,2,6,1,2,2
44,10,3,6,1,1,1
53,2,3,4,1,2,1
39,5,2,1,1,2,1
38,3,1,1,1,1,1
33,8,1,4,1,2,2
37,10,1,4,0,2,1
29,10,2,7,1,2,1
33,11,2,7,1,1,1
33,2,2,7,1,1,2
28,2,2,7,1,1,1
26,1,2,4,1,1,1
35,2,2,7,1,1,1
46,2,1,7,1,2,1
43,8,1,4,0,2,1
45,2,2,7,1,1,2
50,10,1,4,1,1,1
42,1,1,2,1,1,1
28,9,2,6,1,1,1
36,2,3,4,1,1,1
28,1,1,2,1,1,1
49,4,1,2,0,1,2
25,1,1,4,1,1,1
43,5,1,0,1,1,1
36,4,1,3,1,2,1
34,10,3,0,1,2,1
34,2,1,7,1,1,1
56,5,3,7,1,1,1
34,5,1,7,1,2,1
28,1,1,3,0,2,1
52,10,1,7,0,1,1
38,2,1,4,1,0,1
32,2,2,7,1,1,1
55,2,1,7,0,1,1
33,10,1,6,1,1,1
33,1,3,3,0,2,1
48,1,1,2,1,1,1
36,5,1,7,1,2,1
33,2,1,1,1,1,1
40,1,1,1,1,1,1
29,5,1,7,1,1,1
55,5,1,7,1,2,1
53,2,1,6,1,2,1
28,1,2,1,1,1,1
30,1,2,2,0,1,1
38,10,1,7,1,2,1
32,2,2,7,1,1,1
55,10,1,6,1,1,1
40,10,2,4,1,1,1
33,8,1,4,1,2,1
33,2,1,7,1,1,1
48,1,1,2,1,2,1
57,8,1,4,1,2,1
46,8,1,7,1,1,1
52,10,1,6,1,2,2
32,8,2,4,1,2,2
27,2,2,7,1,1,1
41,2,1,7,1,1,2
38,10,3,6,1,2,1
31,2,2,7,1,2,1
33,2,2,7,1,2,1
27,8,1,6,1,1,1
43,1,1,1,1,2,1
36,2,1,4,1,1,1
38,10,1,7,1,2,1
50,3,1,1,1,1,1
54,10,1,7,1,2,1
72,6,3,2,1,1,1
48,2,3,2,1,2,1
54,3,1,7,0,1,1
31,5,1,7,1,1,1
50,7,1,1,1,2,2
40,1,1,1,1,2,1
29,8,2,4,1,2,1
68,6,1,2,1,1,1
47,2,2,7,1,1,1
30,8,2,4,1,1,1
34,2,1,7,1,1,1
52,10,1,4,0,1,1
30,2,1,7,0,2,1
37,2,2,7,1,1,1
32,2,1,7,1,2,2
43,1,1,3,1,1,1
31,2,1,4,1,1,1
29,10,2,0,1,2,1
34,2,2,4,1,2,1
47,7,1,7,1,2,1
38,10,3,6,1,1,1
42,10,1,6,1,2,1
33,8,1,6,1,2,2
55,5,2,2,1,2,1
46,8,1,4,1,1,1
50,1,1,2,0,2,1
34,1,1,3,1,2,1
34,1,1,1,1,1,1
26,1,2,4,1,1,1
34,1,1,2,1,1,1
30,10,3,4,1,2,1
27,10,2,6,1,1,1
38,10,1,6,1,2,1
45,10,1,7,1,2,1
50,5,1,7,1,2,1
31,4,1,2,1,1,1
29,2,2,7,1,2,1
41,1,1,3,0,2,1
45,10,1,7,0,2,1
32,5,3,7,1,2,1
38,2,1,3,1,1,1
52,3,1,1,1,0,1
37,8,1,4,1,2,1
33,10,2,4,1,1,1
57,10,1,4,1,1,1
33,8,2,4,1,1,1
41,1,1,1,1,1,1
31,8,2,7,1,2,1
49,1,1,6,0,1,1
35,10,1,6,1,2,1
55,4,1,2,1,2,1
42,6,3,5,1,1,1
29,3,2,7,1,1,1
51,2,1,3,0,2,1
35,2,2,7,1,2,1
45,3,1,4,1,1,1
41,2,1,7,1,1,1
44,10,3,6,1,2,1
66,0,1,2,1,2,1
39,2,1,7,1,0,1
47,10,1,6,1,2,1
42,2,1,7,1,1,1
25,9,2,7,1,1,2
58,10,1,7,0,2,1
71,4,1,2,1,2,2
48,2,2,6,1,2,1
30,11,1,6,1,2,1
24,10,2,6,1,2,1
27,2,2,7,1,2,2
45,2,3,4,1,2,2
29,11,1,2,1,1,2
26,9,2,6,1,2,2
36,1,1,3,0,1,1
54,1,1,3,0,1,1
54,11,1,4,1,2,2
42,2,1,3,1,2,1
49,8,1,3,1,1,1
28,10,2,6,1,2,1
52,10,1,1,1,2,1
26,2,2,7,1,2,1
54,5,1,3,1,2,1
58,6,1,2,1,1,1
28,1,1,1,1,1,1
32,10,2,6,1,2,1
48,10,1,7,0,2,1
28,2,2,4,1,1,2
37,2,1,7,1,2,1
31,2,2,6,1,1,1
41,1,1,0,0,2,1
52,8,1,1,0,1,1
35,10,3,6,1,1,1
40,8,2,4,1,1,1
32,10,1,7,1,2,1
24,8,2,4,1,1,1
39,5,1,7,1,2,2
73,6,1,2,1,2,1
28,10,1,6,1,1,1
29,5,2,7,1,1,1
43,1,1,2,1,2,1
31,10,2,6,1,2,1
41,2,1,7,0,2,1
61,6,3,7,1,2,1
30,1,1,1,1,1,1
50,5,2,7,1,2,1
30,5,2,7,1,1,1
43,1,1,3,1,2,2
32,9,1,4,1,2,1
47,1,3,1,1,2,1
43,2,1,7,1,1,1
34,10,1,7,1,2,1
52,2,1,7,1,1,1
30,1,2,1,1,2,1
35,2,1,1,1,1,1
39,2,1,7,1,2,1
30,2,2,7,1,2,1
47,1,1,2,1,1,1
44,8,2,4,1,2,1
33,2,2,7,1,2,2
43,11,1,7,0,1,1
39,8,3,4,1,1,1
42,2,2,4,1,1,1
55,2,1,4,0,2,1
56,8,1,4,1,1,1
66,6,1,4,1,0,2
30,8,2,4,1,2,1
34,2,1,7,1,2,1
38,10,2,4,1,2,1
39,1,1,3,1,2,1
27,10,2,4,1,1,1
27,2,2,4,1,1,1
35,1,1,4,0,2,1
35,10,1,6,1,1,1
53,6,1,4,1,2,1
37,5,1,7,1,1,1
33,0,1,0,0,2,1
54,5,3,7,1,2,1
39,8,1,1,1,2,1
45,1,1,2,0,2,1
33,2,1,7,0,2,1
36,7,2,7,1,2,1
27,9,1,4,1,2,1
42,2,2,7,0,2,1
38,5,1,7,1,1,1
44,2,1,7,1,2,1
23,9,2,4,1,1,1
50,1,3,4,0,1,1
54,10,1,4,0,2,1
38,10,3,6,1,1,1
33,1,1,1,1,0,1
31,8,1,1,1,2,1
44,2,1,4,0,1,1
26,2,2,4,1,2,1
35,2,1,7,1,2,1
31,8,3,4,1,2,1
56,2,1,0,1,2,1
37,10,3,6,1,0,1
57,10,1,6,1,2,2
46,4,1,2,1,1,1
49,2,1,1,0,1,1
74,6,1,7,1,2,2
31,1,2,1,0,1,1
38,10,2,6,0,2,1
37,3,1,7,0,2,1
56,2,1,1,1,1,1
35,3,2,7,1,1,1
46,2,1,4,0,1,1
30,1,1,1,1,1,1
40,1,2,1,1,0,1
54,5,2,1,1,2,1
32,1,1,1,1,1,1
34,7,2,7,1,1,1
35,2,1,7,1,2,1
38,1,1,2,0,1,1
42,10,3,4,1,2,1
49,5,3,3,1,1,1
27,9,2,4,1,1,1
52,8,1,4,1,1,1
54,6,1,7,0,1,1
59,10,1,6,1,1,1
48,1,1,1,0,1,1
47,10,1,6,1,1,1
27,8,1,7,1,1,1
41,1,1,3,1,2,1
47,1,1,2,1,0,1
36,8,1,4,1,1,1
40,2,2,7,1,2,1
57,7,1,2,1,2,1
31,11,3,7,1,2,1
65,4,1,2,1,1,1
60,10,1,7,1,2,1
53,8,1,4,0,2,1
81,6,1,2,1,2,2
81,6,1,2,1,2,1
47,1,3,1,0,2,1
60,2,1,7,1,2,2
55,5,3,7,0,1,1
70,6,1,2,0,1,1
32,1,1,6,1,2,1
31,2,1,7,1,2,1
46,2,1,7,1,1,1
36,8,1,4,1,2,1
68,6,1,2,0,2,1
31,10,2,4,1,2,1
52,1,1,1,0,2,1
58,2,3,7,1,2,1
54,1,1,2,0,2,1
40,4,2,7,1,1,1
44,2,1,7,1,2,1
42,10,2,7,1,2,1
30,11,2,4,1,1,1
42,10,2,1,1,2,1
54,10,1,6,1,2,1
29,2,1,7,1,2,1
47,5,1,7,1,2,2
25,2,2,7,1,2,2
43,1,1,2,0,2,1
38,5,1,4,0,1,1
30,1,2,4,1,1,1
56,6,1,2,0,1,1
62,1,1,2,1,2,1
36,2,2,7,1,1,1
33,8,1,4,1,1,1
41,1,3,1,1,1,1
34,4,2,7,1,2,1
58,2,3,4,1,1,1
41,2,3,4,1,1,1
35,3,2,7,1,2,1
31,1,2,1,0,1,1
43,8,1,4,1,1,1
42,10,3,6,1,2,1
47,4,1,2,0,2,1
45,3,3,1,1,2,1
36,2,1,7,0,2,1
32,2,1,7,1,2,1
63,6,1,4,1,1,1
53,4,3,3,0,0,1
30,10,1,7,1,1,1
31,10,2,6,1,2,1
31,2,2,7,1,2,1
30,2,1,3,1,2,1
39,2,1,4,1,2,1
27,9,2,4,1,1,1
58,2,1,4,1,1,1
34,5,2,4,1,2,1
