Attrition,Age,Gender,JobInvolvement,MonthlyIncome,PerformanceRating,WorkLifeBalance
1,41,1,3,5993,3,1
0,49,0,2,5130,4,3
1,37,0,2,2090,3,3
0,33,1,3,2909,3,3
0,27,0,3,3468,3,3
0,32,0,3,3068,3,2
0,59,1,4,2670,4,2
0,30,0,3,2693,4,3
0,38,0,2,9526,4,3
0,36,0,3,5237,3,2
0,35,0,4,2426,3,3
0,29,1,2,4193,3,3
0,31,0,3,2911,3,2
0,34,0,3,2661,3,3
1,28,0,2,2028,3,3
0,29,1,4,9980,3,3
0,32,0,4,3298,3,2
0,22,0,4,2935,3,2
0,53,1,2,15427,3,3
0,38,0,3,3944,3,3
0,24,1,4,4011,3,2
1,36,0,2,3407,4,3
0,34,1,3,11994,3,3
0,21,0,3,1232,3,3
1,34,0,3,2960,3,3
0,53,1,3,19094,3,2
1,32,1,1,3919,4,3
0,42,0,3,6825,3,3
0,44,1,2,10248,3,3
0,46,1,3,18947,3,2
0,33,0,3,2496,3,3
0,44,0,3,6465,3,4
0,30,0,2,2206,3,3
1,39,0,3,2086,3,4
1,24,0,3,2293,3,2
0,43,1,4,2645,3,2
1,50,0,2,2683,3,3
0,35,1,3,2014,3,3
0,36,1,2,3419,3,4
0,33,1,4,5376,3,3
0,35,0,3,1951,3,3
0,27,1,3,2341,3,3
1,26,0,1,2293,3,2
0,27,0,3,8726,3,3
0,30,1,3,4011,4,3
1,41,1,3,19545,3,3
0,34,0,3,4568,4,3
0,37,0,3,3022,4,3
0,46,0,3,5772,4,3
0,35,0,4,2269,3,3
1,48,0,2,5381,3,3
1,28,0,3,3441,3,2
0,44,1,3,5454,4,2
0,35,0,2,9884,3,3
0,26,1,2,4157,3,2
0,33,1,3,13458,3,3
0,35,0,3,9069,4,2
0,35,1,3,4014,3,3
0,31,0,3,5915,4,2
0,37,0,2,5993,3,4
0,32,0,3,6162,4,3
0,38,1,3,2406,3,3
0,50,1,2,18740,3,2
0,59,1,3,7637,3,2
0,36,1,3,10096,3,3
0,55,1,3,14756,3,3
0,36,0,2,6499,3,3
0,45,0,3,9724,3,3
0,35,0,3,2194,3,2
1,36,0,2,3388,3,2
0,59,1,2,5473,3,2
0,29,0,3,2703,4,3
0,31,0,3,2501,3,3
0,32,0,3,6220,3,3
0,36,1,4,3038,3,3
0,31,1,3,4424,4,3
0,35,0,2,4312,3,3
0,45,0,3,13245,3,4
0,37,0,3,13664,3,4
0,46,0,3,5021,4,3
0,30,0,2,5126,3,2
0,35,0,2,2859,3,3
0,55,0,3,10239,3,3
0,38,1,1,5329,3,3
0,34,0,3,4325,3,3
0,56,0,1,7260,3,2
0,23,0,3,2322,3,3
0,51,0,3,2075,4,3
0,30,0,2,4152,3,3
1,46,0,2,9619,3,3
0,40,0,2,13503,4,2
0,51,0,3,5441,4,1
0,30,1,2,5209,3,2
0,46,0,2,10673,3,2
0,32,0,3,5010,3,3
0,54,1,3,13549,3,1
0,24,1,3,4999,4,2
0,28,0,3,4221,3,4
0,58,0,3,13872,3,2
0,44,0,3,2042,3,4
1,37,0,3,2073,4,3
0,32,0,3,2956,3,3
1,20,1,2,2926,3,3
0,34,1,3,4809,3,3
0,37,0,2,5163,3,4
0,59,1,2,18844,4,3
0,50,1,3,18172,3,2
1,25,0,2,5744,3,3
0,25,0,2,2889,3,3
0,22,1,3,2871,3,3
0,51,1,2,7484,4,2
1,34,0,1,6074,4,3
0,54,1,4,17328,3,3
0,24,0,3,2774,3,3
0,34,1,2,4505,3,3
0,37,0,3,7428,3,3
0,34,1,2,11631,3,3
0,36,1,3,9738,3,3
0,36,1,3,2835,4,3
0,43,0,3,16959,3,4
0,30,0,1,2613,4,2
0,33,0,3,6146,3,4
1,56,1,3,4963,3,3
0,51,0,3,19537,3,3
1,31,0,1,6172,3,2
0,26,1,2,2368,3,2
1,58,1,3,10312,3,2
1,19,0,3,1675,3,2
0,22,0,3,2523,3,3
0,49,1,3,6567,3,2
0,43,1,4,4739,3,3
0,50,1,3,9208,3,3
1,31,1,1,4559,3,3
0,41,0,3,8189,3,3
0,26,1,3,2942,4,3
0,36,0,3,4941,4,3
1,51,0,1,10650,3,3
0,39,1,2,5902,3,4
0,25,0,2,8639,3,3
0,30,0,3,6347,3,1
1,32,1,3,4200,4,4
0,45,0,3,3452,3,2
0,38,1,3,4317,4,3
0,30,1,3,2632,3,2
0,32,0,1,4668,3,4
0,30,1,3,3204,3,3
0,30,0,2,2720,3,3
0,41,0,2,17181,3,2
0,41,0,3,2238,4,3
0,19,1,3,1483,3,3
0,40,1,3,5605,3,3
0,35,0,3,7295,3,3
0,53,0,3,2306,4,1
0,45,0,3,2348,3,1
0,32,1,3,8998,3,3
0,29,0,3,4319,3,3
0,51,0,2,6132,3,3
0,58,1,2,3346,4,2
0,40,0,2,10855,3,2
0,34,1,3,2231,3,3
0,22,0,3,2323,4,3
0,27,0,3,2024,3,1
0,28,0,3,2713,3,1
0,57,0,4,9439,3,1
0,27,0,2,2566,3,2
0,50,1,3,19926,3,3
0,41,0,3,2451,3,3
0,30,1,3,9419,3,3
0,38,1,2,8686,4,4
0,32,0,3,3038,4,3
0,27,0,3,3058,3,2
1,19,1,1,2325,4,4
0,36,0,3,2088,3,2
0,30,0,3,3072,3,3
0,45,1,3,5006,3,4
0,56,1,3,4257,3,3
0,33,0,3,2500,3,4
1,19,0,2,1102,4,2
0,46,1,3,10453,4,3
0,38,1,3,2288,3,3
0,31,1,3,3929,4,3
0,34,1,3,2311,3,3
1,41,1,3,3140,4,2
0,50,0,2,3690,3,2
0,53,1,4,4450,3,3
0,33,1,3,2756,3,3
0,40,1,3,19033,3,3
0,55,0,4,18722,3,3
0,34,0,2,9547,3,2
0,51,1,3,13734,3,3
0,52,0,2,19999,3,3
0,27,1,3,2279,3,2
1,35,0,2,5916,3,3
0,43,0,4,2089,3,4
0,45,0,2,16792,4,3
0,37,0,4,3564,3,2
0,35,1,3,4425,3,3
0,42,1,3,5265,3,3
0,38,0,3,6553,3,3
0,38,0,3,6261,3,1
0,27,0,2,4298,3,3
0,49,0,3,6804,3,3
0,34,0,3,3815,3,4
0,40,0,3,2741,3,4
1,38,0,3,6673,3,3
1,29,1,3,7639,4,2
0,22,0,4,2328,3,2
0,36,1,3,2153,3,3
0,40,0,2,4876,3,1
0,46,0,3,9396,3,3
1,32,0,1,10400,3,2
0,30,0,2,8474,4,3
0,27,1,3,9981,3,3
0,51,0,2,12490,3,1
1,30,1,3,2657,3,3
0,41,1,3,13591,3,3
1,30,1,2,6696,3,2
1,29,0,3,2058,3,2
0,45,1,2,8865,3,3
0,54,1,3,5940,3,3
0,36,0,3,5914,3,4
0,33,1,2,2622,4,3
0,37,0,3,12185,3,3
0,38,0,3,10609,3,2
0,31,0,1,4345,3,3
0,59,0,2,2177,3,3
0,37,0,3,2793,3,3
0,29,1,3,7918,3,3
0,35,1,3,8789,3,4
1,29,0,2,2389,3,2
0,52,1,2,3212,3,2
0,42,0,3,19232,3,3
0,59,0,3,2267,3,2
0,50,1,3,19517,3,2
1,33,0,3,2436,3,1
0,43,1,3,16064,4,3
1,33,1,3,2707,4,4
0,52,0,2,19068,3,4
0,32,1,3,3931,3,3
1,32,0,2,3730,3,1
0,39,1,3,2232,3,3
0,32,0,3,4465,3,3
0,41,0,3,3072,3,2
0,40,0,3,3319,3,3
0,45,0,4,19202,3,3
0,31,0,3,13675,3,3
0,33,1,2,2911,3,2
0,34,0,2,5957,3,3
0,37,1,2,3920,3,2
0,45,0,4,6434,3,3
1,37,0,3,10048,3,3
0,39,1,3,10938,4,3
0,29,0,3,2340,3,3
0,42,1,4,6545,3,3
0,29,0,3,6931,3,3
0,25,1,3,4898,3,3
0,42,1,2,2593,3,3
0,40,0,3,19436,3,3
0,51,0,3,2723,3,2
1,31,0,2,3479,3,4
0,32,0,4,2794,4,1
0,38,0,2,5249,3,3
0,32,0,2,2176,3,3
0,46,1,1,16872,3,2
1,28,0,3,3485,3,1
0,29,0,2,6644,3,3
0,31,0,2,5582,4,3
0,25,0,4,4000,3,3
0,45,0,3,13496,3,3
0,36,0,3,3210,3,3
0,55,0,3,19045,3,3
1,47,0,3,11849,3,2
0,28,0,3,2070,4,2
0,37,0,3,6502,3,4
0,21,0,2,3230,3,4
0,37,1,3,13603,3,3
0,35,1,4,11996,3,2
0,38,1,4,5605,4,3
0,26,1,3,6397,4,1
0,50,0,3,19144,3,2
0,53,0,3,17584,3,2
0,42,0,3,4907,4,3
0,29,0,3,4554,3,2
0,55,0,3,5415,3,3
0,26,0,3,4741,3,3
0,37,1,3,2115,3,3
1,44,0,3,3161,4,1
0,38,0,3,5745,3,3
1,26,0,3,2373,3,3
0,28,1,3,3310,4,3
0,49,1,3,18665,3,3
0,36,0,3,4485,3,3
0,31,1,3,2789,3,2
1,26,0,2,5828,3,3
0,37,0,3,2326,3,2
0,42,1,3,13525,3,4
1,18,0,3,1420,3,3
0,35,0,3,8020,3,2
0,36,0,4,3688,3,3
0,51,0,1,5482,3,3
0,41,0,3,16015,3,3
0,18,1,2,1200,3,3
0,28,0,4,5661,3,3
0,31,0,4,6929,3,2
0,39,0,4,9613,3,2
0,36,1,3,5674,3,3
0,32,0,2,5484,3,2
0,38,1,2,12061,3,3
0,58,0,1,5660,3,3
0,31,0,3,4821,3,3
0,31,0,2,6410,3,3
0,45,0,3,5210,3,3
0,31,0,3,2695,3,1
0,33,1,3,11878,3,3
0,39,0,3,17068,3,3
0,43,1,3,2455,3,3
0,49,1,2,13964,3,3
1,52,0,2,4941,3,2
0,27,1,3,2478,3,2
0,32,1,2,5228,3,3
0,27,0,3,4478,3,3
0,31,0,3,7547,3,3
0,32,1,4,5055,3,2
1,28,0,1,3464,3,2
0,30,1,3,5775,3,3
0,31,1,2,8943,4,3
0,39,0,2,19272,3,3
1,39,1,3,5238,3,2
0,33,0,2,4682,3,2
0,47,0,3,18300,3,3
0,43,1,2,5257,3,4
0,27,0,3,6349,3,3
0,54,1,3,4869,3,2
0,43,1,3,9985,3,2
0,45,0,3,3697,3,3
0,40,0,1,7457,4,2
1,29,0,1,2119,3,2
0,29,0,2,3983,3,3
0,30,1,2,6118,3,3
0,27,1,3,6214,3,3
0,37,0,3,6347,3,2
0,38,0,2,11510,3,3
0,31,1,3,7143,3,2
0,29,1,2,8268,3,3
0,35,0,3,8095,3,3
0,23,0,3,2904,3,2
0,41,0,2,6032,3,3
0,47,0,3,2976,3,3
0,42,1,3,15992,3,3
0,29,0,3,4649,3,2
0,42,0,3,2696,3,3
0,32,1,3,2370,3,3
0,48,1,3,12504,4,1
0,37,0,4,5974,3,3
0,30,1,3,4736,3,4
0,26,0,3,5296,3,3
0,42,0,2,6781,4,3
1,21,1,2,2174,3,3
0,36,1,3,6653,3,3
0,36,0,2,9699,3,3
0,57,0,3,6755,3,3
0,40,1,4,2213,3,3
0,21,0,3,2610,4,2
1,33,1,3,2851,3,3
0,37,1,3,3452,4,3
0,46,1,3,5258,3,4
1,41,0,3,9355,3,3
0,50,0,2,10496,3,3
1,40,0,2,6380,3,3
0,31,0,2,2657,3,3
1,21,1,4,2716,3,3
0,29,0,3,2201,3,3
0,35,0,2,6540,3,3
0,27,0,3,3816,3,3
0,28,0,3,5253,3,3
0,49,0,2,10965,4,3
0,51,1,3,4936,3,2
0,36,1,3,2543,3,3
1,34,0,4,5304,3,2
0,55,1,3,16659,3,3
0,24,1,3,4260,3,4
0,30,0,3,2476,3,3
1,26,0,3,3102,4,3
0,22,1,3,2244,3,3
0,36,0,2,7596,3,3
1,30,0,3,2285,4,3
0,37,1,3,3034,3,2
0,40,1,3,5715,3,3
0,42,1,3,2576,3,3
0,37,0,3,4197,3,2
0,43,0,2,14336,3,3
0,40,1,2,3448,4,3
0,54,0,3,19406,3,2
0,34,1,3,6538,3,3
0,31,1,3,4306,3,1
0,43,0,3,2258,4,3
0,43,1,3,4522,3,3
0,25,1,2,4487,3,3
0,37,1,3,4449,3,3
0,31,0,2,2218,3,3
0,39,0,3,19197,3,3
0,56,1,4,13212,3,2
0,30,1,3,6577,3,3
0,41,0,4,8392,3,3
0,28,0,3,4558,3,3
1,25,0,3,4031,3,3
0,52,0,2,7969,3,3
0,45,0,3,2654,4,2
0,52,1,3,16555,3,1
0,42,1,3,4556,3,3
0,30,1,1,6091,4,3
0,60,1,3,19566,3,1
0,46,1,3,4810,3,2
0,42,1,2,4523,3,4
1,24,1,3,3202,3,3
1,34,1,1,2351,3,2
0,38,0,3,1702,4,3
0,40,1,3,18041,3,3
0,26,1,3,2886,4,1
0,30,0,3,2097,3,1
0,29,0,2,11935,3,3
1,29,1,2,2546,3,4
1,19,0,2,2564,3,4
0,30,1,3,8412,3,3
0,57,0,2,14118,3,2
0,50,0,2,17046,3,3
0,30,1,3,2564,3,2
0,60,1,2,10266,3,4
0,47,1,3,5070,3,3
0,46,0,3,17861,3,1
0,35,0,1,4230,3,3
0,54,1,3,3780,3,3
0,34,0,2,2768,3,3
0,46,1,2,9071,3,3
0,31,0,3,10648,4,4
1,33,0,3,13610,3,4
1,33,0,1,3408,3,3
0,30,0,3,2983,3,3
0,35,0,3,7632,3,3
1,31,0,3,9824,3,3
1,34,1,3,9950,3,3
0,42,0,3,2093,3,3
0,36,0,3,9980,3,2
1,22,0,2,3894,3,3
0,48,1,3,4051,3,3
0,55,1,3,16835,4,3
0,41,0,3,6230,3,3
0,35,0,3,4717,3,3
0,40,1,3,13237,3,3
0,39,1,3,3755,3,3
0,31,0,3,6582,3,4
0,42,0,3,7406,4,2
0,45,0,3,4805,3,4
1,26,1,3,2741,3,2
0,29,0,3,4262,3,4
0,33,1,4,16184,3,3
0,31,0,2,11557,4,2
1,18,0,3,1878,3,3
0,40,0,1,10932,3,3
0,41,1,2,6811,3,3
0,26,0,3,4306,3,3
0,35,1,3,4859,3,3
0,34,0,4,5337,3,3
1,26,0,1,2340,3,1
0,37,1,3,7491,3,4
0,46,1,3,10527,3,2
0,41,1,3,16595,3,3
0,37,0,3,8834,3,3
0,52,0,3,5577,3,3
1,32,0,4,4707,3,3
0,24,0,3,2400,3,3
0,38,1,3,9824,3,3
0,37,1,3,6447,3,2
0,49,0,2,19502,3,3
0,24,0,4,2725,3,3
0,26,0,3,6272,4,4
0,24,0,2,2127,4,3
0,50,0,3,18200,3,3
0,25,0,3,2096,3,3
1,24,1,3,2886,3,3
1,30,0,2,2033,3,4
0,34,0,2,3622,3,3
1,31,0,3,4233,3,1
0,35,0,2,3681,3,3
0,31,0,4,5460,4,4
0,27,1,2,2187,3,2
0,37,0,3,9602,3,2
0,20,1,2,2836,3,4
0,42,1,3,4089,3,3
0,43,0,2,16627,3,2
0,38,1,3,2619,3,2
0,43,0,3,5679,3,3
0,48,1,2,15402,3,1
0,44,1,2,5985,3,4
0,34,1,3,2579,3,3
1,27,0,3,3041,3,3
0,21,0,3,3447,3,3
0,44,0,3,19513,3,4
0,22,0,3,2773,4,3
0,33,0,3,7104,3,3
0,32,1,3,6322,3,2
0,30,1,3,2083,4,3
0,53,1,3,8381,4,4
0,34,0,3,2691,3,2
1,45,1,3,4286,3,3
0,26,1,3,2659,3,3
0,37,0,3,9434,3,3
0,29,1,3,5561,3,2
0,35,0,1,6646,3,3
0,33,0,3,7725,4,1
0,54,0,3,10725,3,4
0,36,0,2,8847,3,3
0,27,0,2,2045,3,3
1,20,0,3,1009,3,3
1,33,0,3,3348,3,3
0,35,0,2,1281,3,3
0,23,0,4,2819,3,4
0,25,0,4,4851,4,3
0,38,1,2,4028,4,3
0,29,0,1,2720,3,3
0,48,0,4,8120,3,3
0,27,1,4,4647,4,3
0,37,0,4,4680,3,3
0,50,0,4,3221,3,3
0,34,1,2,8621,3,4
1,24,1,3,4577,3,3
0,39,1,2,4553,3,3
0,32,0,3,5396,3,2
1,50,0,3,6796,3,3
0,38,1,4,7625,3,2
0,27,1,3,7412,3,3
0,32,1,3,11159,3,3
0,47,0,3,4960,3,3
0,40,0,2,10475,4,3
0,53,0,4,14814,3,3
0,41,0,2,19141,3,2
0,60,0,3,5405,3,3
0,27,0,3,8793,4,2
0,41,0,2,19189,3,3
0,50,0,3,3875,3,3
1,28,1,1,2216,3,3
0,36,1,4,11713,3,3
0,38,1,3,7861,3,4
0,44,0,1,3708,3,3
0,47,1,3,13770,3,2
0,30,0,3,5304,4,2
0,29,0,3,2642,3,3
1,42,0,4,2759,3,3
0,43,0,2,6804,3,3
0,34,1,3,6142,3,3
0,23,0,3,2500,3,4
0,39,1,4,6389,3,1
0,56,0,3,11103,3,2
0,40,1,2,2342,4,2
0,27,1,2,6811,3,1
0,29,0,3,2297,3,3
0,53,0,3,2450,3,3
0,35,1,3,5093,3,4
0,32,0,3,5309,3,3
0,38,0,3,3057,3,1
0,34,1,3,5121,3,3
0,52,0,2,16856,3,4
1,33,0,3,2686,3,2
0,25,1,3,6180,4,2
0,45,0,1,6632,3,3
0,23,0,4,3505,3,3
1,47,1,4,6397,3,3
0,34,0,3,6274,4,3
1,55,0,3,19859,3,3
0,36,0,2,7587,3,3
0,52,0,3,4258,3,3
0,26,1,1,4364,3,3
0,29,1,3,4335,3,2
1,26,0,2,5326,3,2
0,34,1,4,3280,3,3
0,54,1,3,5485,3,3
0,27,0,3,4342,3,3
0,37,1,3,2782,3,2
0,38,1,4,5980,3,3
0,34,1,2,4381,3,3
0,35,1,3,2572,3,2
0,30,0,1,3833,4,3
0,40,1,4,4244,4,3
0,34,1,3,6500,3,3
0,42,0,3,18430,3,2
1,23,0,4,1601,4,3
0,24,0,2,2694,3,3
0,52,1,3,3149,4,3
0,50,0,3,17639,3,3
1,29,1,2,2319,3,3
0,33,0,3,11691,3,4
1,33,1,3,5324,3,3
0,47,1,3,16752,3,2
0,36,1,3,5228,3,3
0,29,0,4,2700,4,3
1,58,0,3,19246,3,3
0,35,1,4,2506,3,3
0,42,1,2,6062,3,3
1,28,0,3,4382,3,2
0,36,0,3,2143,3,3
0,32,1,2,6162,3,3
0,40,0,2,5094,3,3
0,30,1,2,6877,4,2
0,45,1,2,2274,3,3
0,42,0,3,4434,3,2
0,38,0,2,6288,3,2
0,34,1,2,2553,3,3
1,49,1,3,7654,3,4
1,55,0,3,5160,3,2
0,43,0,3,17159,4,3
0,27,0,2,12808,3,3
0,35,0,3,10221,4,4
0,28,1,3,4779,4,3
0,34,0,3,3737,3,1
1,26,1,2,2366,3,3
0,27,0,3,1706,3,2
0,51,1,3,16307,3,2
0,44,0,3,5933,3,2
0,25,0,4,3424,3,2
0,33,0,4,4037,4,3
0,35,1,2,2559,3,2
0,36,0,3,6201,3,2
0,32,0,3,4403,3,2
0,30,0,2,3761,3,2
0,53,1,2,10934,3,3
0,45,0,3,10761,3,3
0,32,1,4,5175,3,2
0,52,1,2,13826,4,3
0,37,0,2,6334,3,3
0,28,0,2,4936,3,3
0,22,0,2,4775,4,1
0,44,0,4,2818,4,2
0,42,0,3,2515,3,3
0,36,0,2,2342,4,3
0,25,0,3,4194,3,3
0,35,1,2,10685,4,3
1,35,1,3,2022,3,2
0,32,0,3,2314,3,3
0,25,0,2,4256,3,4
0,49,1,3,3580,3,3
0,24,0,2,3162,3,2
0,32,0,3,6524,3,3
0,38,0,2,2899,3,3
0,42,1,4,5231,3,2
0,31,0,3,2356,3,3
1,29,1,2,2800,3,3
0,53,0,3,11836,3,3
0,35,0,2,10903,3,3
0,37,1,3,2973,3,3
0,53,1,3,14275,3,3
0,43,1,3,5562,3,2
0,47,1,3,4537,4,3
0,37,0,3,7642,3,3
0,50,0,3,17924,3,3
0,39,1,2,5204,3,3
0,33,0,3,2277,3,4
1,32,0,3,2795,4,1
0,29,1,2,2532,3,3
0,44,0,3,2559,3,3
0,28,0,3,4908,3,3
1,58,0,2,2380,3,2
0,43,1,3,4765,4,4
1,20,1,2,2044,3,2
1,21,1,3,2693,3,2
0,36,0,3,6586,3,2
0,47,1,2,3294,3,2
1,22,1,3,4171,3,4
1,41,1,1,2778,3,2
0,28,1,3,2377,3,3
1,39,0,3,2404,4,1
0,27,1,3,2318,3,3
0,34,0,3,2008,3,3
0,42,1,2,6244,3,3
0,33,0,2,2799,3,3
0,58,1,2,10552,3,3
0,31,0,2,2329,3,4
0,35,1,3,4014,4,1
0,49,1,3,7403,3,2
0,48,0,3,2259,3,2
0,31,1,3,6932,3,2
0,36,0,3,4678,3,3
0,38,1,3,13582,3,3
0,32,1,2,2332,4,3
1,25,0,2,2413,3,3
0,40,0,2,9705,3,2
0,26,0,2,4294,3,3
0,41,0,3,4721,3,3
0,36,0,3,2519,4,3
1,19,0,2,2121,3,4
1,20,0,3,2973,3,3
0,31,1,3,5855,3,1
0,40,0,3,3617,3,3
0,32,1,3,6725,3,4
1,36,0,2,10325,3,3
0,33,1,2,6949,3,3
1,37,0,2,10609,3,1
0,45,0,3,4447,3,2
0,29,1,3,2157,3,3
0,35,1,3,4601,3,3
0,52,0,3,17099,3,2
1,58,0,3,2479,4,3
0,53,0,3,14852,3,4
0,30,0,3,7264,3,4
0,38,1,3,5666,3,3
0,35,0,3,7823,3,3
0,39,0,4,7880,3,3
1,40,1,4,13194,3,2
0,47,0,4,5067,3,4
0,36,0,3,5079,3,3
1,31,0,2,2321,4,3
0,33,0,3,17444,3,3
1,29,1,2,2404,4,3
0,33,1,3,3452,3,3
0,45,1,3,2270,3,3
0,50,0,3,17399,4,2
0,33,1,4,5488,3,3
0,41,0,3,19419,3,4
0,27,1,3,2811,3,3
0,45,0,3,3633,3,3
0,47,1,3,4163,3,3
1,30,1,3,2132,3,3
0,50,0,3,13973,3,3
0,38,0,3,2684,3,2
0,46,0,3,10845,3,3
0,24,1,2,4377,3,3
1,35,0,2,3743,4,1
0,31,1,3,4148,3,3
0,18,0,3,1051,3,3
0,54,1,3,10739,3,3
0,35,1,3,10388,3,2
0,30,1,4,11416,3,2
1,20,1,2,2600,3,3
1,30,1,3,2422,3,3
0,26,0,4,5472,3,3
0,22,0,1,2451,3,2
0,48,0,2,4240,3,3
0,48,0,2,10999,3,3
0,41,1,3,5003,3,3
0,39,1,2,12742,3,3
0,27,1,3,4227,3,3
0,35,0,3,3917,4,2
0,42,0,3,18303,3,4
0,50,0,3,2380,3,3
0,59,1,2,13726,3,3
1,37,1,1,4777,3,1
0,55,0,3,6385,3,3
0,41,1,1,19973,4,3
0,38,0,3,6861,3,3
1,26,0,1,4969,3,3
1,52,1,1,19845,3,3
0,44,1,4,13320,3,3
0,50,1,3,6347,3,3
1,36,1,4,2743,3,3
0,39,1,3,10880,3,3
0,33,1,2,2342,3,2
0,45,1,3,17650,3,4
0,32,1,3,4025,3,3
0,34,0,4,9725,3,2
0,59,0,3,11904,3,1
0,45,0,3,2177,3,3
0,53,1,2,7525,3,3
1,36,0,3,4834,3,2
1,26,0,3,2042,3,3
0,34,1,3,2220,3,3
0,28,0,3,1052,4,3
0,38,0,3,2821,3,3
0,50,0,3,19237,3,2
0,37,1,3,4107,3,2
0,40,0,3,8396,3,2
0,26,1,2,2007,3,3
0,46,0,3,19627,3,3
0,54,1,2,10686,3,3
0,56,1,3,2942,3,3
0,36,1,2,8858,3,2
0,55,0,2,16756,3,4
0,43,0,2,10798,3,3
1,20,1,3,2323,3,3
1,21,1,2,1416,3,2
0,46,1,2,4615,4,3
1,51,0,3,2461,3,4
1,28,0,2,8722,3,2
0,26,0,2,3955,3,3
0,30,0,3,9957,3,2
0,41,1,4,3376,3,3
0,38,1,2,8823,3,2
0,40,0,3,10322,4,3
0,27,0,1,4621,3,3
0,55,0,3,10976,3,3
0,28,1,3,3660,3,4
1,44,0,2,10482,3,3
0,33,0,2,7119,3,3
1,35,0,3,9582,4,3
1,33,1,2,4508,4,3
0,28,0,3,2207,3,2
0,34,0,3,7756,3,2
0,37,1,2,6694,3,3
1,25,0,3,3691,3,4
1,26,0,3,2377,4,2
1,33,0,2,2313,4,3
0,42,0,3,17665,3,3
1,28,0,2,2596,3,3
1,50,0,3,4728,3,3
0,33,1,3,4302,3,3
0,34,0,2,2979,3,3
0,48,0,4,16885,4,2
0,45,1,2,5593,3,3
0,52,0,3,10445,3,3
0,38,0,2,8740,3,3
0,29,1,3,2514,4,3
0,28,1,3,7655,3,2
0,46,0,3,17465,3,3
0,38,0,3,7351,3,3
0,43,1,3,10820,3,3
1,39,0,3,12169,3,3
0,40,0,2,19626,3,4
0,21,1,2,2070,3,4
0,39,0,3,6782,3,2
0,36,0,3,7779,4,3
0,31,0,4,2791,3,3
0,28,0,2,3201,3,1
0,35,0,3,4968,3,3
0,49,0,2,13120,3,3
0,34,0,3,4033,3,2
0,29,1,3,3291,3,2
0,42,0,1,4272,3,3
0,29,0,2,5056,3,2
0,38,0,4,2844,3,4
0,28,0,2,2703,3,3
1,18,0,3,1904,3,3
1,33,1,3,8224,3,3
0,41,0,3,4766,3,3
1,31,0,3,2610,3,2
0,37,1,2,5731,3,3
0,27,0,2,2539,3,3
0,34,1,3,5714,4,2
0,35,0,3,4323,3,1
1,29,1,2,7336,3,1
0,40,1,3,13499,3,2
1,42,0,3,13758,3,2
0,42,0,3,5155,3,4
0,35,0,2,2258,3,3
0,24,0,3,3597,4,3
1,28,1,3,2515,3,2
0,26,0,4,4420,4,3
0,30,0,2,6578,3,3
0,40,1,2,4422,3,1
0,35,0,2,10274,3,4
0,34,0,2,5343,4,3
0,35,0,2,2376,3,4
1,43,1,1,5346,3,2
0,32,1,3,2827,3,3
0,56,1,3,19943,3,3
0,29,1,3,3131,3,3
0,19,0,3,2552,4,3
0,45,1,3,4477,3,2
0,37,1,2,6474,3,2
0,20,0,2,3033,3,2
1,44,0,3,2936,3,3
0,53,1,3,18606,3,3
0,29,1,1,2168,3,2
1,22,0,2,2853,3,3
0,46,1,3,17048,4,3
0,44,0,1,2290,3,3
0,33,0,3,3600,3,3
1,41,0,2,2107,3,1
0,30,0,3,4115,3,3
0,40,0,3,4327,3,3
0,50,1,3,17856,4,3
0,28,0,2,3196,3,3
0,46,0,3,19081,3,3
0,35,0,3,8966,3,3
1,24,1,3,2210,3,1
0,33,1,3,4539,3,2
0,36,0,1,2741,3,3
0,30,0,3,3491,3,2
0,44,0,3,4541,4,3
0,20,0,4,2678,3,3
0,46,0,3,7379,3,2
0,42,0,4,6272,3,4
0,60,0,4,5220,3,3
0,32,1,2,2743,4,3
0,32,1,3,4998,3,3
0,36,1,1,10252,4,3
0,33,0,3,2781,3,3
0,40,1,2,6852,3,4
0,25,0,3,4950,3,3
0,30,0,3,3579,4,3
0,42,1,3,13191,3,3
0,35,1,2,10377,3,2
0,27,0,3,2235,3,2
0,54,1,3,10502,3,1
0,44,1,4,2011,3,3
1,19,1,2,1859,4,4
0,29,1,3,3760,3,3
0,54,0,3,17779,3,3
0,31,0,3,6833,3,2
0,31,1,2,6812,3,3
0,59,1,2,5171,3,3
0,43,0,1,19740,3,3
0,49,0,2,18711,3,4
0,36,0,3,3692,3,2
0,48,0,4,2559,3,2
0,27,0,3,2517,3,3
0,29,0,3,6623,3,3
0,48,0,2,18265,3,4
0,29,1,2,16124,3,2
0,34,1,4,2585,3,2
0,44,0,3,18213,3,3
0,33,0,4,8380,3,3
0,19,1,4,2994,3,3
0,23,0,3,1223,4,3
1,25,0,1,1118,3,3
0,26,0,3,2875,4,2
1,45,1,1,18824,3,3
0,55,0,2,13577,3,3
1,21,1,2,2625,4,1
0,46,1,2,18789,3,3
0,34,1,3,4538,3,3
0,51,0,3,19847,4,2
0,59,0,3,10512,3,2
0,34,1,3,4444,3,4
0,28,0,3,2154,3,2
0,44,0,4,19190,3,2
0,34,0,2,4490,3,4
0,35,0,3,3506,3,3
0,42,1,4,2372,3,3
0,43,1,2,10231,3,4
0,36,1,3,5410,3,3
1,44,1,3,7978,3,3
0,28,0,2,3867,3,3
0,51,1,2,2838,3,2
0,30,1,3,4695,3,3
1,29,1,3,3339,3,3
0,28,0,3,2080,3,2
0,25,1,3,2096,3,2
0,32,0,4,6209,3,4
0,45,1,3,18061,4,3
0,39,1,2,17123,3,3
0,58,0,3,2372,3,3
1,32,0,3,4883,3,3
1,39,0,3,3904,3,3
0,30,1,2,4627,3,3
0,36,1,3,7094,3,3
0,46,1,3,3423,3,4
0,28,1,1,6674,3,3
0,50,1,3,16880,3,3
1,40,0,2,9094,3,3
1,52,0,3,8446,3,2
0,30,1,3,11916,4,3
0,39,0,3,4534,3,3
0,31,1,3,9852,3,2
0,41,0,1,6151,3,3
1,31,1,3,2302,3,4
1,44,0,3,2362,3,4
0,42,0,3,17861,3,2
0,55,1,1,19187,3,3
0,56,0,3,19717,3,3
0,40,0,3,3544,3,3
0,34,0,3,8500,3,2
0,40,0,3,4661,3,3
0,41,1,3,4103,3,3
0,35,0,3,4249,3,3
0,51,0,3,14026,3,3
0,38,1,3,6893,3,3
0,34,1,3,6125,3,4
0,25,0,3,3669,3,2
1,58,1,2,10008,3,2
0,40,0,3,2387,4,3
0,36,1,4,4639,3,2
0,48,0,3,7898,3,3
0,27,1,4,2534,3,3
0,51,1,2,13142,3,2
0,18,1,3,1611,3,4
0,35,1,2,5363,3,3
0,27,0,1,5071,4,3
1,55,0,4,13695,3,2
0,56,0,3,13402,3,3
0,34,1,2,2029,4,3
0,40,1,4,6377,4,3
0,34,0,3,5429,3,3
1,31,1,2,2785,3,4
1,35,1,3,4614,3,2
0,38,0,4,2610,3,3
0,34,1,3,6687,3,4
0,28,0,2,4724,3,3
1,31,0,3,6179,3,2
0,39,0,2,6120,3,4
0,51,0,3,10596,3,3
0,41,1,3,5467,3,2
0,37,0,3,2996,3,3
0,33,0,3,9998,3,4
0,32,0,3,4078,3,2
0,39,0,3,10920,4,3
0,25,0,4,6232,3,2
0,52,1,4,13247,3,2
0,43,1,2,4081,3,1
0,27,1,2,5769,3,3
1,27,1,3,2394,3,3
0,26,0,2,3904,3,3
0,42,1,3,16799,3,3
0,52,1,3,2950,3,1
0,37,1,3,3629,3,3
0,35,0,3,9362,3,3
0,25,0,3,3229,3,2
0,26,0,4,3578,3,3
0,29,0,2,7988,3,2
1,49,0,2,4284,4,3
1,29,1,3,7553,3,3
0,54,1,3,17328,3,2
0,58,1,3,19701,4,3
0,55,0,4,14732,3,4
0,36,1,3,9278,3,3
1,31,1,1,1359,3,3
0,30,1,3,4779,3,3
0,31,1,3,16422,3,4
0,34,0,3,2996,3,3
1,31,1,2,1261,3,4
0,27,0,3,2099,3,4
0,36,0,2,5810,3,2
0,36,1,2,5647,3,2
0,47,0,3,3420,3,2
1,25,0,2,4400,3,3
0,37,0,4,3500,3,1
0,56,1,3,2066,4,4
0,47,1,3,17169,3,4
0,24,1,3,4162,3,3
0,32,0,3,9204,3,2
0,34,1,2,3294,3,2
0,41,0,4,2127,3,2
0,40,0,3,3975,3,4
0,31,0,3,10793,3,3
1,46,0,3,10096,3,4
1,39,1,2,3646,4,4
1,31,1,4,7446,3,3
0,45,0,1,10851,3,3
0,31,1,4,2109,3,3
1,31,0,3,3722,3,1
0,45,0,3,9380,3,4
0,48,0,3,5486,3,3
1,34,1,3,2742,3,3
0,40,0,2,13757,3,3
0,28,0,3,8463,3,3
0,44,0,2,3162,3,3
0,53,0,4,16598,3,2
0,49,0,3,6651,3,2
0,40,0,3,2345,3,4
0,44,0,3,3420,3,2
0,33,0,3,4373,3,3
0,34,0,1,4759,3,3
0,30,0,3,5301,3,2
0,42,1,3,3673,3,3
0,44,1,3,4768,3,2
0,30,0,3,1274,3,2
0,57,0,4,4900,4,2
0,49,0,3,10466,3,3
0,34,0,3,17007,3,2
1,28,0,3,2909,3,4
1,29,1,3,5765,3,1
1,34,1,2,4599,4,4
0,35,0,3,2404,3,3
1,24,0,3,3172,3,2
0,24,1,3,2033,3,3
0,44,0,3,10209,3,2
0,29,0,2,8620,3,3
0,30,0,3,2064,4,4
0,55,0,3,4035,3,3
0,33,1,2,3838,3,3
0,47,1,3,4591,3,2
1,28,0,2,2561,3,2
0,28,0,2,1563,3,1
0,28,0,3,4898,3,3
0,49,1,2,4789,4,3
0,29,1,3,3180,3,3
0,28,0,1,6549,3,2
0,33,0,3,6388,3,3
0,32,0,3,11244,4,4
0,54,1,3,16032,4,3
1,29,0,2,2362,3,1
0,44,0,3,16328,3,4
0,39,1,3,8376,3,3
0,46,1,3,16606,3,4
0,35,1,2,8606,3,1
0,23,0,3,2272,3,3
1,40,0,3,2018,3,1
0,34,0,2,7083,3,3
1,31,1,3,4084,3,1
0,50,0,1,14411,3,3
0,34,0,3,2308,4,3
0,42,0,2,4841,3,3
0,37,0,3,4285,3,3
0,29,1,1,9715,3,3
0,33,0,2,4320,3,3
0,45,0,3,2132,4,3
0,42,0,3,10124,3,1
0,40,0,3,5473,3,4
0,33,0,3,5207,3,3
0,40,0,3,16437,4,3
0,24,0,2,2296,3,3
0,40,0,3,4069,3,3
0,45,0,3,7441,3,3
0,35,1,2,2430,4,3
0,32,1,2,5878,3,3
0,36,0,3,2644,4,2
0,48,1,3,6439,3,3
0,29,0,4,2451,3,2
0,33,0,3,6392,3,1
1,30,0,2,9714,3,3
0,38,0,3,6077,3,3
0,35,0,2,2450,3,3
0,30,0,3,9250,3,3
1,35,1,3,2074,3,3
1,53,1,2,10169,3,3
1,38,0,3,4855,3,3
0,32,0,3,4087,3,2
0,48,1,3,2367,3,2
0,34,0,3,2972,3,1
0,55,0,2,19586,4,3
0,34,0,3,5484,3,2
0,26,1,3,2061,4,3
0,38,0,3,9924,3,3
0,38,1,3,4198,3,4
0,36,1,3,6815,3,3
0,29,0,3,4723,3,3
0,35,1,3,6142,3,3
0,39,0,4,8237,3,3
0,29,0,3,8853,3,4
0,50,0,3,19331,3,3
0,23,0,4,2073,3,3
0,36,0,4,5562,3,3
0,42,0,2,19613,4,3
0,35,0,4,3407,3,2
0,34,0,2,5063,3,2
0,40,1,3,4639,3,3
0,43,0,4,4876,3,3
0,35,0,2,2690,3,2
0,46,0,4,17567,3,1
1,28,0,3,2408,3,3
0,22,1,2,2814,3,2
0,50,0,3,11245,3,3
0,32,1,4,3312,3,3
0,44,1,3,19049,3,2
0,30,0,2,2141,3,2
0,45,1,1,5769,3,3
0,45,0,2,4385,3,3
0,31,0,3,5332,3,3
0,36,1,3,4663,3,3
0,34,0,4,4724,3,3
0,49,1,3,3211,3,2
0,39,0,3,5377,3,3
0,27,0,2,4066,3,3
0,35,0,4,5208,3,3
0,28,1,1,4877,4,2
0,21,0,3,3117,3,3
1,18,1,3,1569,3,4
0,47,1,3,19658,3,3
0,39,0,2,3069,3,3
0,40,1,2,10435,3,3
0,35,1,3,4148,3,3
0,37,0,3,5768,3,2
0,39,1,3,5042,3,1
0,45,1,2,5770,3,3
0,38,1,2,7756,3,4
1,35,0,2,10306,3,3
0,37,1,3,3936,3,1
0,40,1,3,7945,3,2
0,44,0,3,5743,3,3
0,48,0,2,15202,4,3
1,35,0,1,5440,3,2
0,24,1,3,3760,3,3
0,27,1,4,3517,3,3
0,27,0,3,2580,3,2
1,40,0,3,2166,3,1
0,29,0,2,5869,3,3
0,36,1,3,8008,3,3
0,25,0,4,5206,3,3
0,39,0,3,5295,4,3
0,49,1,3,16413,3,3
0,50,1,2,13269,3,3
0,20,1,3,2783,3,3
0,34,1,3,5433,3,3
0,36,0,3,2013,3,3
0,49,1,2,13966,3,3
0,36,1,2,4374,3,3
0,36,0,4,6842,4,3
0,54,1,3,17426,4,3
0,43,0,2,17603,4,3
1,35,0,3,4581,4,4
0,38,0,3,4735,3,4
0,29,0,2,4187,3,2
0,33,0,3,5505,3,3
0,32,0,3,5470,3,2
0,31,1,3,5476,3,3
0,49,1,3,2587,3,2
0,38,1,2,2440,4,3
0,47,1,4,15972,3,3
0,49,0,3,15379,3,3
0,41,0,3,7082,3,3
0,20,0,3,2728,3,3
0,33,1,3,5368,4,3
0,36,0,3,5347,3,2
0,44,1,3,3195,3,3
1,23,0,2,3989,3,3
0,38,1,3,3306,3,2
0,53,0,4,7005,3,3
1,48,1,3,2655,3,3
1,32,0,3,1393,3,3
0,26,0,3,2570,4,3
0,55,0,2,3537,3,3
0,34,0,2,3986,3,4
0,60,0,1,10883,4,4
0,33,0,4,2028,3,3
0,37,0,1,9525,3,2
0,34,1,2,2929,3,3
1,23,0,3,2275,4,3
0,44,1,4,7879,3,3
0,35,0,2,4930,3,4
0,43,0,3,7847,3,3
0,24,0,4,4401,3,3
0,41,0,3,9241,3,3
0,29,1,3,2974,3,3
0,36,1,3,4502,3,2
0,45,0,2,10748,4,2
1,24,0,1,1555,3,3
1,47,0,1,12936,3,1
0,26,0,1,2305,3,4
0,45,1,2,16704,3,3
0,32,0,3,3433,3,2
0,31,0,3,3477,3,4
0,41,0,1,6430,3,3
0,40,1,3,6516,3,3
0,24,0,3,3907,3,4
0,46,0,3,5562,3,3
0,35,0,3,6883,3,3
0,30,0,3,2862,3,2
0,47,0,3,4978,3,1
0,46,0,3,10368,3,2
1,36,0,2,6134,3,3
1,32,0,1,6735,3,3
0,23,1,3,3295,3,1
0,31,1,3,5238,4,2
0,39,0,3,6472,3,3
0,32,0,1,9610,3,1
0,40,0,3,19833,3,2
0,45,1,1,9756,4,4
0,30,1,2,4968,3,3
0,24,0,3,2145,3,3
1,30,1,2,2180,3,2
0,31,0,3,8346,3,3
0,27,1,3,3445,3,2
1,29,1,1,2760,3,3
0,29,0,4,6294,3,4
0,30,0,2,7140,3,3
0,34,0,4,2932,3,3
0,33,1,3,5147,3,2
0,49,1,3,4507,3,4
1,33,1,3,8564,4,2
0,38,1,2,2468,3,2
1,31,0,3,8161,3,3
0,29,1,2,2109,3,3
0,30,0,4,5294,3,3
0,32,0,3,2718,3,3
0,38,0,1,5811,3,3
1,43,0,2,2437,3,3
0,42,0,3,2766,4,2
0,55,0,2,19038,3,3
0,33,0,3,3055,3,2
0,41,0,3,2289,4,3
0,34,0,3,4001,3,3
0,53,1,2,12965,4,2
0,43,0,3,3539,3,3
0,34,1,1,6029,3,3
1,21,0,3,2679,3,3
0,38,1,2,3702,3,3
1,22,1,3,2398,3,3
0,31,1,2,5468,3,3
0,51,1,3,13116,3,3
0,37,0,2,4189,3,3
0,46,0,3,19328,3,3
0,36,0,3,8321,3,3
1,44,0,3,2342,3,2
0,37,0,3,4071,3,2
1,35,0,3,5813,3,3
0,33,0,4,3143,3,3
0,28,0,3,2044,3,4
0,39,0,3,13464,4,3
0,46,0,2,7991,3,3
0,40,1,3,3377,3,2
0,42,0,4,5538,3,2
0,35,0,3,5762,3,3
0,38,0,3,2592,3,3
1,34,0,3,5346,3,2
1,37,0,3,4213,3,1
0,39,0,3,4127,3,3
0,43,0,3,2438,3,2
0,41,0,4,6870,3,1
0,41,1,3,10447,3,4
0,30,1,3,9667,3,3
1,26,1,3,2148,3,3
1,46,1,3,8926,4,4
0,40,1,3,6513,3,3
0,34,0,4,6799,4,3
0,58,0,3,16291,4,2
0,35,0,1,2705,3,4
0,47,1,2,10333,3,3
0,40,1,3,4448,3,3
0,54,1,3,6854,3,2
0,31,1,3,9637,3,3
0,28,1,3,3591,4,3
0,38,1,1,5405,4,2
0,26,0,3,4684,3,3
0,58,0,3,15787,3,3
0,18,1,3,1514,3,1
1,31,0,4,2956,3,3
1,29,0,2,2335,3,3
0,45,1,3,5154,4,4
0,36,1,3,6962,4,3
0,43,0,3,5675,4,3
0,27,1,3,2379,3,2
0,29,0,3,3812,3,4
0,32,0,3,4648,3,4
0,42,0,3,2936,4,2
0,47,1,3,2105,3,3
0,46,0,3,8578,3,2
0,28,0,3,2706,3,3
0,29,0,1,6384,3,3
0,42,0,3,3968,3,3
1,32,0,2,9907,3,2
0,46,1,4,13225,3,3
0,27,1,2,3540,4,3
0,29,0,2,2804,3,3
0,43,1,2,19392,3,3
0,48,0,2,19665,3,3
1,29,0,2,2439,4,2
1,46,1,3,7314,4,3
0,27,1,2,4774,3,2
0,39,0,3,3902,3,3
0,55,0,2,2662,4,4
0,28,1,3,2856,3,3
1,30,0,3,1081,3,2
1,22,0,3,2472,4,3
0,36,1,2,5673,3,3
0,31,0,3,4197,3,3
0,34,0,3,9713,3,3
0,29,0,3,2062,3,3
0,37,0,3,4284,4,3
0,35,1,2,4788,3,3
0,45,1,2,5906,3,2
0,36,0,2,3886,4,2
0,40,0,3,16823,3,3
0,26,1,2,2933,3,2
0,27,1,4,6500,3,2
0,48,1,3,17174,3,3
0,44,0,4,5033,3,3
1,34,0,1,2307,4,3
1,56,0,3,2587,3,3
0,36,0,2,5507,3,1
0,41,1,3,4393,4,3
0,42,0,3,13348,3,4
0,31,1,3,6583,3,3
0,34,1,2,8103,3,2
0,31,1,4,3978,3,2
0,26,0,4,2544,3,3
0,45,0,3,5399,3,3
0,33,0,3,5487,3,2
0,28,0,2,6834,3,3
1,29,0,4,1091,3,3
0,39,1,1,5736,3,3
0,27,0,3,2226,3,2
0,34,0,2,5747,3,3
1,28,1,3,9854,3,3
0,47,0,3,5467,3,4
0,56,1,2,5380,3,3
0,39,0,3,5151,4,3
0,38,1,2,2133,3,3
0,58,1,3,17875,3,2
1,32,1,4,2432,3,3
0,38,0,3,4771,3,4
0,49,0,3,19161,3,3
0,42,0,3,5087,3,3
1,27,1,2,2863,3,3
0,35,0,3,5561,3,1
0,28,0,3,2144,3,2
0,31,0,3,3065,3,4
0,36,0,4,2810,4,3
0,34,0,3,9888,4,2
0,34,0,3,8628,3,2
0,26,0,3,2867,3,2
0,29,0,3,5373,3,2
0,32,1,3,6667,3,3
0,31,0,1,5003,4,3
1,28,0,2,2367,3,2
0,38,0,2,2858,3,2
0,35,1,3,5204,3,3
0,27,0,3,4105,3,3
0,32,0,2,9679,4,3
1,31,0,3,5617,3,3
1,53,0,3,10448,3,2
0,54,1,3,2897,3,2
0,33,0,3,5968,4,3
0,43,0,3,7510,3,3
0,38,0,3,2991,3,3
0,55,0,4,19636,3,3
0,31,1,1,1129,3,3
0,39,0,3,13341,3,3
0,42,0,2,4332,3,3
0,31,1,3,11031,4,4
0,54,1,3,4440,3,3
0,24,0,2,4617,3,2
0,23,0,3,2647,3,4
0,40,1,3,6323,3,4
0,40,1,3,5677,3,3
0,25,1,3,2187,3,3
0,30,0,3,3748,3,2
0,25,0,3,3977,3,2
0,47,0,3,8633,4,3
0,33,0,2,2008,3,2
0,38,0,3,4440,3,3
0,31,0,3,3067,3,3
0,38,0,2,5321,3,3
0,42,0,3,5410,3,2
0,41,0,3,2782,4,3
0,47,1,3,11957,3,1
0,35,0,3,2660,3,3
0,22,0,3,3375,3,4
0,35,0,3,5098,3,3
0,33,1,3,4878,3,3
0,32,1,2,2837,3,3
0,40,0,3,2406,3,2
0,32,0,2,2269,3,3
0,39,0,3,4108,3,3
0,38,1,1,13206,3,3
0,32,1,3,10422,3,3
0,37,1,4,13744,4,3
0,25,1,3,4907,4,2
0,52,0,3,3482,3,2
0,44,0,3,2436,3,3
0,21,0,3,2380,3,3
0,39,0,3,19431,3,2
1,23,0,3,1790,3,2
0,36,1,2,7644,3,3
0,36,1,3,5131,3,3
0,56,0,3,6306,4,2
1,29,0,3,4787,3,4
0,42,0,3,18880,3,2
1,56,0,3,2339,3,1
0,41,1,2,13570,4,3
0,34,1,2,6712,4,3
0,36,0,1,5406,4,2
0,41,0,2,8938,3,3
0,32,0,3,2439,3,3
0,35,1,3,8837,3,3
0,38,1,3,5343,3,3
1,50,0,3,6728,3,3
0,36,1,2,6652,3,2
0,45,1,3,4850,3,3
0,40,0,2,2809,3,3
0,35,0,3,5689,3,4
0,40,1,3,2001,3,3
0,35,1,1,2977,3,3
0,29,0,2,4025,3,3
0,29,1,2,3785,3,1
1,50,0,2,10854,3,3
0,39,1,2,12031,3,2
0,31,0,3,9936,3,3
0,26,1,2,2966,3,3
0,36,0,4,2571,3,3
0,39,0,2,9991,3,3
0,27,0,4,6142,4,3
0,49,0,2,5390,3,2
0,34,0,4,4404,3,4
