Date,Bajaj,Hero,M&M,Maruthi,TATA Motors
2018-04-02,2808.949951,3646,748.049988,9008.200195,339.149994
2018-04-03,2792,3644.949951,770.099976,9026.450195,343.100006
2018-04-04,2766,3667.149902,756.549988,9013.5,355.600006
2018-04-05,2808.149902,3782.149902,774.599976,9132.599609,362.200012
2018-04-06,2786.399902,3779.449951,771.950012,9206.200195,364.100006
2018-04-09,2772.449951,3798.699951,786.200012,9292.650391,358.299988
2018-04-10,2766.449951,3718.300049,777.599976,9273.450195,353.25
2018-04-11,2755.550049,3739.350098,789,9302.5,355.799988
2018-04-12,2763.199951,3749.449951,787.849976,9204.450195,358.399994
2018-04-13,2786.199951,3725.899902,789.599976,9123.950195,357.049988
2018-04-16,2838.300049,3803.149902,801.450012,9232,339.149994
2018-04-17,2864.199951,3769,809.349976,9160.349609,336.450012
2018-04-18,2862.050049,3737.800049,798.299988,9121.5,334.799988
2018-04-19,2857.949951,3723.600098,801.900024,9077.650391,334.25
2018-04-20,2852.699951,3742.699951,799.5,9025,336
2018-04-23,2852.149902,3718.199951,824.299988,9064.849609,334.049988
2018-04-24,2886.800049,3716.899902,838.549988,9064.650391,331.549988
2018-04-25,2900.350098,3717.199951,853.849976,8934.599609,328.600006
2018-04-26,2884.949951,3761.850098,858.150024,8946.450195,330.25
2018-04-27,2947.149902,3713.5,862.700012,8783.349609,336.899994
2018-04-30,2952.600098,3732.25,873.299988,8814.950195,340.399994
2018-05-02,2965.949951,3664.100098,863.150024,8744.5,336.049988
2018-05-03,2975.199951,3655.600098,865.099976,8755.950195,333.5
2018-05-04,2888.649902,3659.75,854.299988,8678.200195,334.399994
2018-05-07,2915.300049,3648.050049,885.599976,8743.700195,335.149994
2018-05-08,2892.25,3657.300049,865.299988,8775.200195,332.149994
2018-05-09,2872,3654.399902,860.099976,8718.349609,341.950012
2018-05-10,2827.5,3646,856.5,8704.950195,333.600006
2018-05-11,2815.449951,3618.300049,869.099976,8750.299805,330.799988
2018-05-14,2831.949951,3648.300049,852.650024,8707,323.600006
2018-05-15,2823.649902,3649.600098,847.049988,8726.599609,310.100006
2018-05-16,2811.899902,3575.5,853.099976,8695.599609,310.25
2018-05-17,2815.449951,3554.550049,849,8697.5,314.899994
2018-05-18,2787.5,3561.050049,836,8510.950195,304.600006
2018-05-21,2720.550049,3492.899902,825.950012,8428.5,295.899994
2018-05-22,2808.5,3499.899902,830.200012,8560.650391,307.700012
2018-05-23,2774.949951,3482.949951,831.799988,8497.400391,309.450012
2018-05-24,2732.800049,3489.899902,843.049988,8410.75,288.649994
2018-05-25,2758.5,3552.850098,857.700012,8548.150391,294.149994
2018-05-28,2790.149902,3599.800049,849.950012,8709.299805,296.299988
2018-05-29,2796.050049,3610.399902,870.25,8714.900391,294.649994
2018-05-30,2762.899902,3601.449951,897.950012,8588.200195,288.899994
2018-05-31,2750.300049,3544.899902,922.950012,8537.200195,282.5
2018-06-01,2896.550049,3626.300049,901.599976,8808.849609,287.200012
2018-06-04,2878.5,3613.600098,914.5,8749.849609,286.649994
2018-06-05,2847.550049,3610.399902,901.299988,8810.400391,284.950012
2018-06-06,2885.25,3635.199951,914.299988,8842.349609,295.649994
2018-06-07,2888.600098,3651.5,920.299988,8911.25,305.399994
2018-06-08,2874.050049,3635.149902,911.650024,8932.450195,309.950012
2018-06-11,2881.100098,3612.300049,916.849976,9022.650391,309.75
2018-06-12,2887.25,3687.850098,917.599976,9016.75,307.799988
2018-06-13,2907.949951,3696.800049,917.650024,8967.349609,308.399994
2018-06-14,2890.699951,3695.600098,922.049988,8958,305.899994
2018-06-15,2877.149902,3693.699951,909.450012,8951.599609,302.950012
2018-06-18,2895.300049,3666.149902,913.900024,8973.450195,308.799988
2018-06-19,2849.800049,3652.75,891.400024,8862.599609,305.049988
2018-06-20,2869.649902,3655.800049,904.400024,8948.299805,305.600006
2018-06-21,2830.100098,3635.199951,883.599976,8863.049805,307
2018-06-22,2832.199951,3637.649902,908.200012,8874.900391,308
2018-06-25,2801.300049,3586.850098,905.599976,8793,289.399994
2018-06-26,2811.949951,3566.850098,898,8931.349609,276.850006
2018-06-27,2765.449951,3538,892.650024,8898.299805,271.049988
2018-06-28,2716,3516.050049,907.75,8771.299805,263.350006
2018-06-29,2810.300049,3473.5,897.700012,8825.599609,269.299988
2018-07-02,2835.149902,3415.399902,886.650024,8821.049805,266.700012
2018-07-03,2862.399902,3447.649902,894.200012,8975.150391,269.450012
2018-07-04,2979.050049,3458.800049,900.099976,9220.799805,267.049988
2018-07-05,2966.949951,3505.75,912.349976,9347.049805,261.549988
2018-07-06,3020.100098,3637.100098,924.950012,9317.5,270.850006
2018-07-09,3018.149902,3611.5,932.75,9374.900391,273.5
2018-07-10,3093.949951,3583.5,930.549988,9531,275.450012
2018-07-11,3161.600098,3536.600098,931,9384.700195,267.799988
2018-07-12,3096.699951,3498.850098,915.799988,9347,266.100006
2018-07-13,3138.649902,3455.899902,906.700012,9431.049805,263.600006
2018-07-16,3101.850098,3426,900.349976,9385.299805,252.100006
2018-07-17,3094.199951,3488.600098,922.450012,9445.400391,257.950012
2018-07-18,3107.800049,3506.149902,902.450012,9366.799805,251.850006
2018-07-19,3115,3451.100098,913,9389.099609,252.5
2018-07-20,2839.600098,3376.949951,909.75,9398.950195,253.399994
2018-07-23,2684.149902,3165.449951,910.400024,9701,258.75
2018-07-24,2648.649902,3108.25,920.400024,9832.450195,258.799988
2018-07-25,2638.600098,3110.050049,910.099976,9758.950195,257.850006
2018-07-26,2618.5,3136.75,913.599976,9396.25,258.25
2018-07-27,2686.75,3203.949951,909.849976,9310.400391,268.149994
2018-07-30,2673.149902,3209.949951,933.25,9381.900391,267.5
2018-07-31,2700.050049,3294.449951,935.950012,9520.549805,264.100006
2018-08-01,2680.899902,3280.399902,929.75,9341.599609,265.049988
2018-08-02,2678.600098,3263.699951,911.299988,9142.400391,260.850006
2018-08-03,2690.449951,3250.550049,920.650024,9187,258.450012
2018-08-06,2687.899902,3297.100098,932.400024,9286.400391,254.050003
2018-08-07,2686.600098,3297.75,927,9411.5,251.600006
2018-08-08,2660.600098,3299.050049,928.299988,9207.400391,255.149994
2018-08-09,2658.600098,3281.350098,933.200012,9146.049805,257.850006
2018-08-10,2629.699951,3319.399902,945.950012,9148.25,250.100006
2018-08-13,2630.850098,3308.199951,954.5,9080.849609,248.699997
2018-08-14,2646.399902,3266.350098,950.450012,9132.599609,248.800003
2018-08-16,2667.5,3282.649902,951.25,9200.549805,251.300003
2018-08-17,2661.350098,3242.300049,961.5,9152.099609,258.25
2018-08-20,2735.350098,3304,969.549988,9074.349609,270.100006
2018-08-21,2728.5,3316.75,957.799988,9113.299805,268.799988
2018-08-23,2685.550049,3284.75,963.099976,9223.299805,256.899994
2018-08-24,2682.25,3212.300049,968.299988,9163.799805,255.5
2018-08-27,2697.600098,3223.75,976.450012,9245.25,258.799988
2018-08-28,2684.399902,3232.75,980.5,9427.950195,260
2018-08-29,2689.100098,3246.100098,983.849976,9368.099609,261.700012
2018-08-30,2701.649902,3223.699951,982.950012,9205.799805,259.350006
2018-08-31,2744.850098,3253.800049,965.299988,9096.400391,267.5
2018-09-03,2771.899902,3242.449951,947.799988,8902.150391,266.600006
2018-09-04,2735.550049,3184.149902,931.75,8868.5,261.950012
2018-09-05,2772.300049,3145.399902,929.400024,8896.099609,266.5
2018-09-06,2783.100098,3164.850098,934.950012,8759.849609,269.950012
2018-09-07,2923.550049,3329.350098,973.700012,8719.200195,277.399994
2018-09-10,2868.600098,3278.300049,937.349976,8639.400391,275.700012
2018-09-11,2833.699951,3184.199951,943.150024,8517.049805,267.299988
2018-09-12,2867.949951,3163.75,938.150024,8493.950195,262.399994
2018-09-14,2877.5,3186.649902,951.900024,8626.700195,266.600006
2018-09-17,2860.649902,3127.899902,950.849976,8537.799805,260.25
2018-09-18,2773.800049,3111.449951,946.549988,8399.150391,251.5
2018-09-19,2790.100098,3153.949951,948.900024,8210.349609,252.600006
2018-09-21,2799.199951,3175.199951,959.900024,8040.149902,250.350006
2018-09-24,2759.300049,3110.199951,896.049988,7793.049805,240.199997
2018-09-25,2788.699951,3112.600098,893,7999.450195,240.800003
2018-09-26,2773.300049,3100.050049,893.349976,7842.549805,233.350006
2018-09-27,2783.550049,3088.100098,877.450012,7553.049805,225.25
2018-09-28,2687.449951,2933.25,860.950012,7347.950195,223.699997
2018-10-01,2730.100098,2973,847.599976,7463.950195,229.350006
2018-10-03,2731.399902,2913.5,791.599976,7246,227.600006
2018-10-04,2657,2763.5,794.700012,7198.75,223.25
2018-10-05,2543.050049,2740.75,769.549988,6904.350098,216.25
2018-10-08,2584.100098,2873.050049,774.849976,6889.75,212.350006
2018-10-09,2548.850098,2891.75,764.799988,6699.450195,184.350006
2018-10-10,2581.800049,2920.100098,764.099976,6985.850098,188.75
2018-10-11,2525.800049,2871,730.150024,6875.5,182.949997
2018-10-12,2623.050049,2893.949951,768.5,7287.200195,183.75
2018-10-15,2620.449951,2881.25,749,7182,184.350006
2018-10-16,2610.5,2895.199951,777.700012,7150.899902,185.850006
2018-10-17,2547.800049,2807.550049,759.400024,6885.600098,179.949997
2018-10-19,2510.25,2712.75,741.200012,6756.450195,174.699997
2018-10-22,2556.899902,2731.800049,733.75,6812.200195,170.75
2018-10-23,2586.5,2724.25,729.950012,6771.299805,170.649994
2018-10-24,2475.149902,2701.649902,736.25,6768.299805,170.649994
2018-10-25,2477.550049,2695.100098,733.75,6723.200195,165.350006
2018-10-26,2513.75,2705.350098,728.200012,6717.299805,168.5
2018-10-29,2549.100098,2749.850098,749.5,6798.700195,175.350006
2018-10-30,2556.25,2773.899902,746.299988,6697,177.25
2018-10-31,2593.699951,2762.350098,765.950012,6616.399902,179.100006
2018-11-01,2598.850098,2792.25,756.049988,6711.75,179.449997
2018-11-02,2657.75,2896.600098,783.549988,7135.450195,190.300003
2018-11-05,2672.550049,2847.800049,775.450012,7177.25,189.800003
2018-11-06,2674.600098,2856.050049,778.400024,7075,193.25
2018-11-07,2692.550049,2888.550049,792.900024,7127.899902,194.850006
2018-11-09,2693.050049,2956.699951,795.25,7283.5,195.25
2018-11-12,2652.300049,2839.350098,780.900024,7087.799805,186.050003
2018-11-13,2665.5,2879.699951,790.049988,7150.450195,179.5
2018-11-14,2676.5,2847.550049,769.599976,7369.049805,176.800003
2018-11-15,2668.850098,2922.149902,766.5,7478.299805,180.199997
2018-11-16,2695.350098,2961.899902,767.599976,7341.200195,179.899994
2018-11-19,2679.649902,2980.649902,781.349976,7411.649902,184.600006
2018-11-20,2666.5,2960.100098,782.599976,7333.950195,183.75
2018-11-21,2604.649902,2912.050049,769.099976,7424.5,184.149994
2018-11-22,2590.350098,2917.75,746.099976,7411.100098,182.550003
2018-11-26,2649.5,3076,747.900024,7554.700195,181.75
2018-11-27,2599.649902,2958.149902,751.75,7647.600098,180.050003
2018-11-28,2603.899902,2999.149902,748.400024,7574.200195,174.449997
2018-11-29,2724,3016.800049,773.200012,7546.75,177.25
2018-11-30,2745.699951,3055.199951,790.900024,7661.600098,171.949997
2018-12-03,2736,3039.899902,761.049988,7779.950195,175.449997
2018-12-04,2763.850098,3069.149902,740.299988,7721.649902,175.75
2018-12-05,2764.100098,3052.5,718.049988,7554.049805,169.199997
2018-12-06,2718.100098,3026.75,710.950012,7209.700195,162.649994
2018-12-07,2786.199951,3066.800049,721.099976,7313.950195,162.399994
2018-12-10,2725.100098,3046.5,710.549988,7350.5,157.100006
2018-12-11,2739.600098,3038.800049,722.349976,7305.350098,158.100006
2018-12-12,2848.399902,3258.649902,750.799988,7471.850098,164.100006
2018-12-13,2836.100098,3318.25,759.200012,7670.5,166.850006
2018-12-14,2823.149902,3314.649902,757.25,7662.149902,166.949997
2018-12-17,2840.949951,3286.100098,756.349976,7734.049805,173.949997
2018-12-18,2840.899902,3298.050049,770.950012,7772.350098,174.75
2018-12-19,2863,3305.199951,782.650024,7936,173.899994
2018-12-20,2887.199951,3361.350098,795.450012,7807.049805,176.399994
2018-12-21,2808.449951,3324.149902,781.150024,7536.299805,176.25
2018-12-24,2724.649902,3168.399902,788.650024,7529.149902,172.5
2018-12-26,2734.600098,3175.199951,787.700012,7569.100098,170.899994
2018-12-27,2737,3128.800049,795.650024,7499.950195,168.25
2018-12-28,2717.5,3122.600098,803.549988,7505.549805,170.850006
2018-12-31,2720.149902,3104.25,803.849976,7465.5,172.699997
2019-01-01,2726.649902,3127.600098,773.349976,7476.799805,173.449997
2019-01-02,2692,3046.550049,741.700012,7267.850098,168.550003
2019-01-03,2701.350098,3014.649902,718.299988,7203.950195,166.050003
2019-01-04,2734.199951,2987.850098,725.599976,7234.5,170.949997
2019-01-07,2658.550049,2957.949951,729.549988,7362.049805,175.350006
2019-01-08,2694.850098,2970.300049,723.400024,7439.5,179.949997
2019-01-09,2696.899902,2937.449951,726.299988,7492.899902,183.050003
2019-01-10,2725.300049,2919.5,733.200012,7391.600098,185.75
2019-01-11,2720.949951,2899.25,727.900024,7320.5,180.300003
2019-01-14,2699.149902,2867,724.549988,7408.700195,182.399994
2019-01-15,2725.850098,2910.949951,726.900024,7355.149902,185.350006
2019-01-16,2717.449951,2879.850098,726.25,7310.25,185.449997
2019-01-17,2729.649902,2903.600098,734.650024,7336.25,184.899994
2019-01-18,2720.75,2898.75,734.950012,7357.950195,183.300003
2019-01-21,2684.600098,2794.25,730.299988,7208.399902,181.5
2019-01-22,2688.350098,2824.899902,708.5,7068.850098,180.850006
2019-01-23,2674.100098,2795.949951,695.849976,7045.399902,180.25
2019-01-24,2651.649902,2790.199951,697.299988,7040.600098,175.399994
2019-01-25,2626.350098,2670.149902,683.5,6513.399902,173.25
2019-01-28,2565.550049,2598.600098,673.049988,6511.049805,172.300003
2019-01-29,2567.649902,2633.300049,669.650024,6526.950195,173.600006
2019-01-30,2499.699951,2611,678.650024,6548.25,174.600006
2019-01-31,2554.550049,2613.949951,680.049988,6641.149902,181.199997
2019-02-01,2602.75,2807.25,688.400024,6962.299805,181.649994
2019-02-04,2642.5,2780.149902,674.450012,6988.200195,180.25
2019-02-05,2710.649902,2854.550049,684.900024,7093.600098,175.800003
2019-02-06,2770.149902,2880.050049,695.099976,7183.399902,178.5
2019-02-07,2853.600098,2939.050049,700.900024,7302.549805,182.850006
2019-02-08,2851.399902,2938.850098,682.099976,7134.25,150.699997
2019-02-11,2853.600098,2889.050049,647.549988,7177.899902,152.649994
2019-02-12,2832.350098,2799.550049,648.700012,7162.5,151.800003
2019-02-14,2823.100098,2776.199951,634.400024,7017.5,159.850006
2019-02-15,2825.949951,2696.449951,627.549988,6930.049805,161.649994
2019-02-18,2793.5,2683.550049,624.700012,6842.700195,162.899994
2019-02-19,2787.850098,2636.850098,632.599976,6804.549805,163.75
2019-02-20,2774.699951,2623.75,633.549988,6849.899902,164.800003
2019-02-21,2813.949951,2641.25,634.200012,6801.549805,169.699997
2019-02-22,2816.850098,2679.850098,646.599976,6912.399902,174.300003
2019-02-25,2847.550049,2712.5,650.700012,6924.899902,175.75
2019-02-26,2859.300049,2689.050049,651.299988,6904.299805,182.649994
2019-02-27,2914.699951,2678.550049,656.150024,6968.5,177.350006
2019-02-28,2900.600098,2628.100098,645.900024,6829.700195,177.449997
2019-03-01,2863.5,2675.600098,649.700012,6935.149902,180.300003
2019-03-05,2903.75,2795.649902,656.75,7117.75,194.050003
2019-03-06,2927.600098,2765.850098,658.900024,7056.899902,188.800003
2019-03-07,2919.899902,2730.100098,671.799988,7029.049805,189.300003
2019-03-08,2955.699951,2740.350098,670.150024,6967.700195,181.199997
2019-03-11,3000.550049,2814.75,681.049988,7081.899902,181.850006
2019-03-12,2996.100098,2808.449951,687.900024,7157.200195,184.800003
2019-03-13,3010,2803.649902,684.200012,7091.049805,181.699997
2019-03-14,3016.850098,2751.699951,685.900024,7086.299805,179.550003
2019-03-15,3023.800049,2735.850098,694.599976,7084,180
2019-03-18,3005.149902,2669.5,684.200012,6894,182.25
2019-03-19,2974.699951,2614.050049,689.400024,6825.200195,182.850006
2019-03-20,2949.649902,2609.149902,678.599976,6673.549805,180.199997
2019-03-22,2949.75,2603.300049,678.799988,6552.700195,175.399994
2019-03-25,2957.949951,2575.699951,664.599976,6522.600098,171.300003
2019-03-26,2952.800049,2574.449951,669.599976,6585.700195,173.100006
2019-03-27,2980.100098,2543.199951,660.049988,6518,169.850006
2019-03-28,2948.800049,2525.75,655.950012,6596.25,170.550003
2019-04-01,2915.649902,2558.5,660.900024,6840.700195,187.350006
2019-04-02,2853.100098,2569.949951,668.599976,6889.700195,202.949997
2019-04-03,2847.300049,2580.449951,658.450012,7072.899902,201.350006
2019-04-04,2859.100098,2637.199951,653.349976,7113.100098,206.149994
2019-04-05,2861.649902,2618.399902,658.200012,7107.700195,205.149994
2019-04-08,2853.350098,2586.850098,667,7129.450195,200.550003
2019-04-09,2924.800049,2623.649902,667.849976,7216.549805,205.899994
2019-04-10,2942.899902,2594.399902,670.25,7186.350098,216.050003
2019-04-11,2993.699951,2601.100098,672.75,7187.850098,218.199997
2019-04-12,3008.149902,2639.899902,678.200012,7342.850098,215.949997
2019-04-15,3035.050049,2700.699951,683.200012,7352.5,231.75
2019-04-16,3068.449951,2739.649902,688.099976,7458.549805,230.5
2019-04-18,3069.5,2741.550049,684.650024,7447.450195,236.25
2019-04-22,3051.199951,2689.5,673.400024,7321.25,234.850006
2019-04-23,3039.149902,2638.050049,665.75,7048.899902,231.649994
2019-04-24,3075.800049,2611.899902,668.150024,7016.700195,223.600006
2019-04-25,3088.050049,2612.25,665.150024,6905.25,221.850006
2019-04-26,3044.649902,2604,659.450012,6842.850098,215.600006
2019-04-30,2984.100098,2511.850098,645.299988,6666.399902,214.300003
2019-05-02,3030.550049,2551.699951,645.900024,6683.25,207.300003
2019-05-03,3059.75,2565.399902,645.799988,6710,209.449997
2019-05-06,3026.199951,2531.300049,638.5,6709.649902,199.800003
2019-05-07,3033.050049,2527.350098,636,6702,190.949997
2019-05-08,2957.75,2499.699951,621.650024,6650.149902,185.100006
2019-05-09,2982.899902,2537.75,625.450012,6624.950195,186.350006
2019-05-10,2966.199951,2507.300049,628.75,6631.600098,185.899994
2019-05-13,2972.75,2510.75,617.599976,6543.75,180.75
2019-05-14,2937.199951,2509.75,614.25,6576.200195,184.5
2019-05-15,2914.449951,2493.399902,609.650024,6493.75,169.449997
2019-05-16,2942.649902,2520.300049,605.25,6479.649902,175.399994
2019-05-17,3040.050049,2622.550049,619.650024,6706.850098,176.850006
2019-05-20,3006.300049,2713.449951,653.25,7084.600098,190.149994
2019-05-21,2979.300049,2657.199951,639.150024,6875.350098,176.800003
2019-05-22,3047.199951,2699.649902,640.549988,6899.799805,179.100006
2019-05-23,3065,2743.5,639.5,6929.25,175.149994
2019-05-24,3077.899902,2828.449951,665.450012,7093.149902,182.300003
2019-05-27,3066.899902,2821.199951,679.349976,7068.450195,181.350006
2019-05-28,2988,2743.100098,670.549988,7054.649902,180.25
2019-05-29,2925.5,2725.5,672.150024,6891.450195,176.350006
2019-05-30,2945,2715.199951,661.700012,6867.700195,175.149994
2019-05-31,2925.899902,2680.25,647.049988,6869.850098,172.600006
2019-06-03,3034.600098,2840.25,653.400024,7022.899902,174.5
2019-06-04,2983.899902,2752.699951,650.75,7051.799805,173.25
2019-06-06,2991.649902,2788.75,634.099976,6988.700195,169.699997
2019-06-07,2961.399902,2762.800049,644.049988,6948.25,169.5
2019-06-10,2989.800049,2745,646.950012,6969.950195,166.199997
2019-06-11,2987.149902,2776.149902,636.849976,6978.299805,170.75
2019-06-12,2944.5,2728.050049,632.200012,6852,169.050003
2019-06-13,2922.649902,2705.100098,641.049988,6784.700195,167.399994
2019-06-14,2872.550049,2670.300049,637.25,6747.399902,164.199997
2019-06-17,2836.199951,2648.25,625.049988,6581.649902,158.75
2019-06-18,2855.600098,2667.800049,625.900024,6439,158.300003
2019-06-19,2822.899902,2606.149902,615.150024,6424.649902,154.649994
2019-06-20,2897.300049,2665.699951,627.150024,6616.75,159.25
2019-06-21,2875.550049,2606,627.450012,6417.25,158.899994
2019-06-24,2816.899902,2586.25,634.849976,6459.899902,159.300003
2019-06-25,2843.699951,2584.649902,641.650024,6522.5,160.449997
2019-06-26,2868.699951,2573.600098,643.5,6480.299805,161.100006
2019-06-27,2865.850098,2598.399902,657.900024,6486.700195,165.850006
2019-06-28,2827.050049,2581.5,655.349976,6534.649902,162.550003
2019-07-01,2911.949951,2616.5,660,6507.850098,168
2019-07-02,2883.550049,2597.050049,666.25,6560,163.75
2019-07-03,2897.75,2587.5,669.25,6533.799805,162.300003
2019-07-04,2894.800049,2606.149902,672.150024,6544.450195,165.199997
2019-07-05,2842.550049,2512.300049,642.049988,6360,160.199997
2019-07-08,2777.800049,2380.149902,635.849976,6038.700195,154.550003
2019-07-09,2786.399902,2444.100098,632.700012,5945.450195,155.800003
2019-07-10,2740.399902,2400,621.650024,5927.899902,151.649994
2019-07-11,2711.699951,2507.800049,634.150024,6031.200195,156.800003
2019-07-12,2722.550049,2569.800049,631.900024,5971.450195,159.300003
2019-07-15,2714,2545.550049,631.849976,6079.700195,160.949997
2019-07-16,2732.449951,2544.350098,622.900024,6158.049805,170
2019-07-17,2696.899902,2522.949951,617.950012,6075.700195,167.899994
2019-07-18,2630.800049,2479.449951,597.400024,5882.350098,160.75
2019-07-19,2558.25,2387.399902,571.299988,5769.100098,154.850006
2019-07-22,2562.899902,2403.699951,564.900024,5912.5,156.75
2019-07-23,2523.850098,2469.300049,559.099976,5873.75,156.199997
2019-07-24,2522.600098,2403.399902,550,5768,151.25
2019-07-25,2547,2386.5,547.549988,5756.75,144.300003
2019-07-26,2618.649902,2467.300049,564.450012,5805.649902,147.149994
2019-07-29,2487.649902,2404.550049,553.150024,5561.25,137.550003
2019-07-30,2463.850098,2258.800049,548.75,5507.149902,133.449997
2019-07-31,2516.5,2356.100098,550,5469.700195,135.600006
2019-08-01,2537.649902,2368.550049,548.549988,5572.600098,129.550003
2019-08-02,2600.550049,2401.949951,556.450012,5689.350098,130.699997
2019-08-05,2619.75,2399.25,545.450012,5670.350098,123.75
2019-08-06,2609.800049,2468.550049,549.450012,5833.299805,122.5
2019-08-07,2605.100098,2505.25,518.299988,5775,117.400002
2019-08-08,2703.75,2587.899902,539.549988,5902.25,124.050003
2019-08-09,2707.600098,2622.25,545.549988,6099.899902,122.050003
2019-08-13,2670.550049,2566.800049,512.400024,5815.450195,121.949997
2019-08-14,2713.899902,2634.149902,523.549988,5816,120.900002
2019-08-16,2750.949951,2669,527.849976,5975.049805,121.349998
2019-08-19,2725.5,2631.5,520.549988,5982.549805,120.800003
2019-08-20,2742.949951,2669.25,527.799988,6190.950195,123.849998
2019-08-21,2764.800049,2714.25,520.900024,6228.899902,112.400002
2019-08-22,2744.25,2626.25,511.799988,6208.549805,107.699997
2019-08-23,2749.149902,2640.199951,533.25,6254.350098,111.050003
2019-08-26,2736.800049,2590.949951,544.299988,6255.549805,110.550003
2019-08-27,2766.5,2614.449951,554.049988,6277.75,120.349998
2019-08-28,2766.75,2568.5,539.700012,6103.399902,116.349998
2019-08-29,2757.800049,2547.75,528,6110.200195,114.300003
2019-08-30,2788.300049,2572.050049,528.799988,6123.75,116.699997
2019-09-03,2764.199951,2557.449951,515.450012,6049.700195,112.650002
2019-09-04,2735.699951,2566.100098,505.700012,5830.75,109.5
2019-09-05,2759.199951,2605.899902,517,5968.649902,118.050003
2019-09-06,2839.350098,2659.949951,529.5,6186.950195,121.25
2019-09-09,2817.800049,2691.600098,532.549988,6335.5,121.900002
2019-09-11,2908.399902,2760.149902,545.75,6597.299805,134.350006
2019-09-12,2852.199951,2740.75,543.599976,6392.049805,127.949997
2019-09-13,2878.199951,2776.600098,551.25,6450.299805,129.550003
2019-09-16,2874.449951,2738.649902,536.950012,6412.75,128.600006
2019-09-17,2773.149902,2568.949951,521.950012,6130.399902,122
2019-09-18,2777.050049,2576.100098,527,6095.049805,121.75
2019-09-19,2738.850098,2532.25,519.299988,5971.75,124.199997
2019-09-20,2929.25,2862.899902,568.900024,6591.950195,133.25
2019-09-23,2995.149902,2820.350098,565,6897.850098,127.900002
2019-09-24,2958.149902,2755.949951,558.75,7009.100098,130.899994
2019-09-25,2941,2704.25,534.700012,6638.5,123.050003
2019-09-26,2970.300049,2760.100098,566.950012,6857.450195,124.5
2019-09-27,2957.5,2729.149902,555.099976,6773.700195,119.900002
2019-09-30,2941.800049,2704.75,547.150024,6715.799805,117.449997
2019-10-01,2910,2688.350098,556.700012,6782,115.300003
2019-10-03,2897.899902,2667.449951,562.700012,6754.049805,122.400002
2019-10-04,2863.550049,2668.300049,564.25,6649.600098,119.650002
2019-10-07,2892.300049,2674,552.950012,6629.850098,117.5
2019-10-09,2891.850098,2604.350098,576.549988,6719.549805,120.900002
2019-10-10,2886.25,2601.850098,566.049988,6605.450195,116.800003
2019-10-11,2898.800049,2597.850098,560.099976,6698.899902,121.300003
2019-10-14,2958.050049,2609.199951,568.650024,6821.100098,127.849998
2019-10-15,3011.949951,2675.699951,583.400024,6985.75,126.949997
2019-10-16,3023.699951,2602.350098,584.25,6975,125.849998
2019-10-17,3111.5,2629.199951,593.299988,7123.899902,139.5
2019-10-18,3087.050049,2646.149902,593.299988,7302.299805,136.850006
2019-10-22,3122.300049,2674.649902,595.799988,7256.25,131.75
2019-10-23,3162.649902,2712.899902,591.849976,7440.25,132.649994
2019-10-24,3167.850098,2696,581.049988,7391.399902,133.5
2019-10-25,3129.649902,2657.550049,577.700012,7471.149902,126.849998
2019-10-27,3143.350098,2668.899902,591.5,7422.100098,147.699997
2019-10-29,3180.75,2701.550049,611.799988,7721.299805,172.449997
2019-10-30,3222.899902,2684.5,616.549988,7556.950195,171.899994
2019-10-31,3247.350098,2704.199951,606.450012,7559.399902,177.699997
2019-11-01,3232.649902,2707.149902,589.75,7618.649902,175.050003
2019-11-04,3212.050049,2643.5,586.400024,7424,172.199997
2019-11-05,3246.300049,2665,580.150024,7389,172
2019-11-06,3248.300049,2678.350098,579.799988,7311.149902,174.5
2019-11-07,3265.850098,2660.850098,580.349976,7287.149902,171.5
2019-11-08,3245.550049,2646.949951,580,7200.549805,169.050003
2019-11-11,3237.350098,2594,575,7137.299805,172
2019-11-13,3206,2589.100098,574.700012,7154.600098,170.600006
2019-11-14,3233.300049,2591.649902,578.450012,7247.149902,167.050003
2019-11-15,3215.350098,2543.199951,583.049988,7147.200195,168.550003
2019-11-18,3156.899902,2502.899902,573.700012,7098.450195,170.100006
2019-11-19,3161.050049,2468.949951,560.650024,7045.450195,167.75
2019-11-20,3162.399902,2470.5,560.450012,7152.75,167.399994
2019-11-21,3188.350098,2443.449951,551.799988,7019.049805,164.149994
2019-11-22,3152.350098,2441.600098,546,7060.450195,162.350006
2019-11-25,3195.649902,2479,547.799988,7236.100098,166.100006
2019-11-26,3178.149902,2494.600098,538.599976,7125,163.399994
2019-11-27,3212.050049,2523.25,539.950012,7294.399902,165.899994
2019-11-28,3196.399902,2466.300049,541.950012,7261.25,164.800003
2019-11-29,3176,2433.550049,530.549988,7245.850098,161.5
2019-12-02,3159.25,2406.949951,534.150024,7139.350098,161.050003
2019-12-03,3259.75,2422.399902,522.900024,7138.799805,158.199997
2019-12-04,3251.149902,2439,525.549988,7076.100098,169.399994
2019-12-05,3243.100098,2396.600098,524.75,7012.850098,166.100006
2019-12-06,3206.100098,2362.199951,510.200012,6886.700195,161.5
2019-12-09,3225.550049,2381.75,513.650024,6994.75,160.5
2019-12-10,3232.5,2330,505.75,6963.649902,159.699997
2019-12-11,3268.649902,2296.300049,507.75,6993.200195,161.800003
2019-12-12,3261.449951,2334.050049,511.899994,6999.799805,173.350006
2019-12-13,3232.899902,2338.149902,516.200012,7214.950195,176.699997
2019-12-16,3220.399902,2308.449951,508.850006,7140.049805,174.949997
2019-12-17,3199.100098,2304.949951,505.850006,7195.149902,180.199997
2019-12-18,3213.649902,2311.949951,522.650024,7240.649902,174.800003
2019-12-19,3218.399902,2363.699951,535.400024,7240.649902,179.149994
2019-12-20,3203.75,2393.199951,530.599976,7261.5,175.949997
2019-12-23,3219.5,2420.100098,525.900024,7360.899902,176.050003
2019-12-24,3226.75,2432.649902,527.5,7327.799805,175.5
2019-12-26,3230.050049,2438.649902,528.349976,7240.899902,174.600006
2019-12-27,3241.949951,2442.449951,530.150024,7344.899902,176.149994
2019-12-30,3251.949951,2479.050049,536.900024,7416.25,183.699997
2019-12-31,3185,2443.050049,531.549988,7368.600098,185.149994
2020-01-01,3150.100098,2432.550049,536.599976,7311.700195,184.449997
2020-01-02,3121,2429.449951,539.849976,7329.850098,193.75
2020-01-03,3072.050049,2432.350098,532.75,7254.25,191.100006
2020-01-06,3037.649902,2368.149902,524.5,7042.399902,185.649994
2020-01-07,3037.949951,2348.050049,526.650024,7073.600098,184.699997
2020-01-08,3059.25,2317.550049,524.650024,7035.200195,182.550003
2020-01-09,3085.699951,2354.550049,541.25,7227.899902,192
2020-01-10,3101.199951,2363.449951,546.599976,7330.5,196.350006
2020-01-13,3094.050049,2366.75,554.950012,7352.700195,196.25
2020-01-14,3101.600098,2411.399902,562.5,7386.799805,195.850006
2020-01-15,3123.550049,2476.300049,569.75,7482.950195,200.350006
2020-01-16,3112.100098,2434.5,567.450012,7462.649902,197.550003
2020-01-17,3118.100098,2454,569.299988,7520.149902,197.300003
2020-01-20,3103.699951,2415.600098,567.200012,7449.600098,195
2020-01-21,3097.050049,2398.699951,552.799988,7302.649902,191.399994
2020-01-22,3076.399902,2399.050049,553.599976,7135.600098,185.600006
2020-01-23,3065.199951,2429.75,566.5,7147.100098,188.399994
2020-01-24,3074.149902,2468.649902,567.75,7128.450195,186.5
2020-01-27,3082.600098,2455.75,578.299988,7148.799805,182.199997
2020-01-28,3060.899902,2468.850098,572.5,6997.049805,176.100006
2020-01-29,3091.850098,2486.350098,577.75,7010.299805,188.050003
2020-01-30,3145.5,2482.300049,567.849976,7020.450195,186.199997
2020-01-31,3180.050049,2501.850098,567.150024,6913.5,176.600006
2020-02-03,3284.5,2376.149902,558.700012,7011.299805,163.850006
2020-02-04,3162.800049,2462.050049,576.900024,7199.600098,165.699997
2020-02-05,3161.5,2373.25,584.349976,7040.899902,183.75
2020-02-06,3149.800049,2411.300049,580.150024,7021.600098,178.850006
2020-02-07,3134.850098,2443.449951,569.099976,6971.75,173.600006
2020-02-10,3103.300049,2385.699951,528.400024,6892.899902,168.899994
2020-02-11,3145.449951,2396.449951,524.049988,7033.75,169.75
2020-02-12,3146.300049,2423.050049,531,7043.299805,170.949997
2020-02-13,3136.399902,2408.949951,533.599976,7005.049805,169.5
2020-02-14,3146.399902,2356.5,523,6913.799805,169.100006
2020-02-17,3075.600098,2283.350098,522.75,6906.75,169.100006
2020-02-18,3082.5,2252.649902,523.200012,6781.100098,161.600006
2020-02-19,3090.899902,2251.600098,526.400024,6756.600098,158.050003
2020-02-20,3065.5,2240.25,524.849976,6757.600098,158.5
2020-02-24,2980.5,2184.199951,513.200012,6470.399902,150.649994
2020-02-25,2947.399902,2184.149902,508.950012,6414.549805,149.899994
2020-02-26,2946.600098,2142.550049,503,6234.850098,144.550003
2020-02-27,2936.600098,2110.25,493.5,6289.799805,145.25
2020-02-28,2890,2051.75,457.049988,6283.100098,128.949997
2020-03-02,2792.199951,1975.449951,458.299988,6285.149902,125.400002
2020-03-03,2692.25,2054.850098,466.25,6386.049805,130.350006
2020-03-04,2711.5,2046.349976,474.649994,6384.350098,126.199997
2020-03-05,2703.649902,2063.899902,479.299988,6365.950195,125.75
2020-03-06,2735.050049,2038.300049,471,6445.950195,114.199997
2020-03-09,2573.350098,1956.050049,463.200012,6201.100098,105.699997
2020-03-11,2591.550049,2036.050049,451.600006,6146.299805,98.900002
2020-03-12,2338.899902,1907.199951,423.350006,5643.149902,88
2020-03-13,2357.100098,1883.949951,428.850006,5838.600098,89.75
2020-03-16,2339.550049,1783.5,391.799988,5480.25,82.949997
2020-03-17,2270.449951,1841.150024,373.399994,5603.950195,77.949997
2020-03-18,2169,1681.150024,346.399994,5352.649902,75.5
2020-03-19,2166.600098,1712.449951,314.200012,4819.549805,72.949997
2020-03-20,2242.300049,1815.699951,322.600006,5079.200195,77.300003
2020-03-23,1935.550049,1616,293.399994,4220.350098,66.199997
2020-03-24,1937.150024,1627.050049,269,4486.450195,68.550003
2020-03-25,1946.75,1667.650024,277.850006,5005.950195,70.25
2020-03-26,2106.850098,1801.900024,285.5,4878,70.800003
2020-03-27,2053.449951,1661.199951,294.5,4646.100098,70.699997
2020-03-30,1986.699951,1553.5,274.399994,4328.450195,68.150002
2020-03-31,2022.349976,1596.449951,284.950012,4288.299805,71.050003
2020-04-01,2051.100098,1639.650024,272.850006,4246.350098,67.949997
2020-04-03,2033.75,1582.050049,280.700012,4011.5,65.300003
2020-04-07,2280.050049,1769.199951,321,4553.649902,67.25
2020-04-08,2241.699951,1821.650024,326.399994,4698.100098,67.599998
2020-04-09,2435.949951,1990.900024,381.399994,5326.649902,74.599998
2020-04-13,2397.550049,1919.050049,362.850006,5283.149902,74.25
2020-04-15,2335.149902,1824.099976,353.149994,5094.299805,72.900002
2020-04-16,2333.550049,1782.650024,356.700012,5130.799805,74.650002
2020-04-17,2379.149902,1835.900024,363.200012,5505,76.849998
2020-04-20,2378.300049,1805.849976,355.850006,5331.350098,80.449997
2020-04-21,2323.25,1827.550049,332.049988,5001.100098,74.650002
2020-04-22,2379.699951,1887.650024,340.200012,5180.850098,75.900002
2020-04-23,2430.649902,1865,347.5,5156.350098,75.650002
2020-04-24,2445.350098,1894.800049,334.299988,5045.649902,74.199997
2020-04-27,2505.75,1935.199951,330.299988,5056.350098,75.25
2020-04-28,2463.699951,1943.099976,335.950012,5052.700195,76.949997
2020-04-29,2499.149902,1970.25,348,5068.450195,78.150002
2020-04-30,2623.300049,2166.699951,366.649994,5358.799805,93.25
2020-05-04,2442.149902,2000.699951,357.049988,4886.299805,83.900002
2020-05-05,2422.800049,1965.349976,368.149994,4829.850098,80.900002
2020-05-06,2471.850098,2026.75,387.149994,4843.25,83.199997
2020-05-07,2406.550049,2000.300049,400.649994,4749.299805,82.5
2020-05-08,2419.050049,1962.599976,386.700012,4654.149902,81.050003
2020-05-11,2566.300049,2088.649902,390.100006,4937.799805,86.099998
2020-05-12,2628.850098,2114.300049,393.049988,4951.299805,86.199997
2020-05-13,2696,2187.600098,413.049988,5036.100098,87.199997
2020-05-14,2702.649902,2241.350098,400.450012,5114.049805,83.800003
2020-05-15,2663.600098,2193.550049,381.299988,5100.399902,84.349998
2020-05-18,2477.449951,2070.550049,377.200012,4720.950195,80.650002
2020-05-19,2509.300049,2073.5,382.899994,4805.299805,81.800003
2020-05-20,2557.75,2023.599976,405.049988,4891.950195,83.449997
2020-05-21,2640.350098,2119.5,408.299988,5050.100098,84.099998
2020-05-22,2553.75,2150.600098,426.350006,5134.299805,82.800003
2020-05-26,2564.850098,2113.649902,429.149994,5246.149902,83.099998
2020-05-27,2580.550049,2175.649902,432.5,5244.399902,84.550003
2020-05-28,2600,2298.100098,440.399994,5468.350098,87
2020-05-29,2710.5,2360.850098,436.350006,5610.799805,87
2020-06-01,2758.300049,2326.300049,461.100006,5793.600098,89.550003
2020-06-02,2796.100098,2318.25,462.850006,5690.100098,96.5
2020-06-03,2783.399902,2300.199951,485.100006,5624,98.75
2020-06-04,2817.25,2329.25,478.450012,5690.200195,98.5
2020-06-05,2776.300049,2340.649902,484.200012,5746.200195,110.75
2020-06-08,2801.050049,2384.300049,470.850006,5734.799805,115.449997
2020-06-09,2791.149902,2387.300049,478.75,5662.299805,111.449997
2020-06-10,2717.199951,2292.25,472.049988,5675.600098,111.400002
2020-06-11,2718.550049,2309.949951,474.549988,5426.149902,106.150002
2020-06-12,2782.149902,2401.850098,508.450012,5561.75,105.300003
2020-06-15,2728.550049,2348.149902,508.149994,5475.75,100.5
2020-06-16,2718.449951,2395.949951,506.75,5502.200195,94.75
2020-06-17,2689.449951,2363.300049,497.600006,5726.200195,95.400002
2020-06-18,2678.350098,2364.949951,506.600006,5714.399902,96.349998
2020-06-19,2674.350098,2355.850098,500.049988,5897.350098,102.5
2020-06-22,2855.75,2412.600098,498.75,5896,102.650002
2020-06-23,2862.149902,2418.850098,516.400024,5886.5,104.400002
2020-06-24,2817.25,2493.800049,515.349976,5755.350098,104.800003
2020-06-25,2820.449951,2559.699951,507.25,5762.299805,103.800003
2020-06-26,2867.600098,2540.449951,501.399994,5754.899902,101.400002
2020-06-29,2859.5,2504.050049,507.450012,5678.700195,99.449997
2020-06-30,2826.050049,2546.949951,510.700012,5838.299805,98.25
2020-07-01,2842.050049,2547.449951,498.950012,5803.100098,100.75
2020-07-02,2879.350098,2671.399902,529.700012,5948.450195,101.550003
2020-07-03,2932.399902,2738.25,530.5,5932.100098,103.449997
2020-07-06,2897.100098,2770.949951,570.549988,6123.600098,109
2020-07-07,2847.149902,2749.300049,560,6226.75,109.050003
2020-07-08,2852.449951,2719.199951,551.25,6044.399902,105.349998
2020-07-09,2882,2691.449951,560.299988,6002.350098,106.949997
2020-07-10,2894.699951,2681.25,554.849976,5955.649902,107.599998
2020-07-13,2900,2689.699951,555.849976,5988.850098,108
2020-07-14,2899.5,2611.850098,545.200012,5771.75,105.150002
2020-07-15,2942.050049,2648.050049,550.150024,5801.299805,103.199997
2020-07-16,2942.300049,2714.800049,570.900024,5875.350098,102.949997
2020-07-17,2995,2764.050049,588.799988,5919.5,106.400002
2020-07-20,3002.550049,2860.149902,594,5867.5,105.050003
2020-07-21,3004.300049,2869.149902,588.299988,6130.850098,108.449997
2020-07-22,2985.399902,2768,592,6003.399902,105.150002
2020-07-23,3032.100098,2771.199951,603.349976,6065.950195,106.050003
2020-07-24,2985.5,2740.699951,598.700012,6000.700195,103.75
2020-07-27,3020.5,2743.600098,594.400024,6043.299805,101.699997
2020-07-28,3119.350098,2841.25,620.349976,6282.799805,106.449997
2020-07-29,3099.300049,2780,604.849976,6185.149902,105.75
2020-07-30,3048.949951,2703.949951,598.349976,6265.399902,103.650002
2020-07-31,3004.949951,2676.5,606.450012,6262.75,104.650002
2020-08-03,2917.449951,2631.300049,597.150024,6165.200195,113.050003
2020-08-04,2969.949951,2706.100098,602.599976,6358.950195,111.449997
2020-08-05,3009,2695.75,614.25,6526.25,115.400002
2020-08-06,2991.800049,2704.449951,609.650024,6555.75,116.800003
2020-08-07,3001.699951,2706.199951,600.450012,6679,119.099998
2020-08-10,2993.800049,2702.149902,628.900024,6608.899902,123.849998
2020-08-11,3007.449951,2712.850098,629.549988,6649.200195,122.300003
2020-08-12,3023,2774,634.950012,6730.299805,125.349998
2020-08-13,3017.949951,2809.649902,631.450012,6731.649902,131.149994
2020-08-14,2987.550049,2803.800049,614.450012,6588.200195,124.599998
2020-08-17,3115.600098,2927.199951,623.599976,6768.399902,123.550003
2020-08-18,3104.800049,2924.149902,622.650024,6893.100098,125.599998
2020-08-19,3059.800049,2933.050049,623.900024,6990.299805,125.150002
2020-08-20,3036.949951,2956.050049,612.049988,6974.700195,121.699997
2020-08-21,3053.149902,3033.449951,609.799988,6973,120.900002
2020-08-24,3039.350098,3015.050049,601.950012,7082.5,121.199997
2020-08-25,3009.399902,2969.75,609.349976,7109.950195,127.099998
2020-08-26,3082.199951,3160.75,613.349976,7008.649902,137.899994
2020-08-27,3043,3141.75,636.75,7098,144.25
2020-08-28,3014.149902,3059.300049,631.400024,7104.100098,142.800003
2020-08-31,2967,3006.050049,606.900024,6839.950195,143.199997
2020-09-01,2958.399902,2995.600098,607.549988,6905.649902,143.800003
2020-09-02,2880.550049,2943.550049,642.75,6920.75,150.300003
2020-09-03,2896.399902,2941.399902,644.650024,7072.600098,151.850006
2020-09-04,2883.199951,2915.199951,632,7190.100098,147.800003
2020-09-07,2898.199951,2860.149902,610.450012,7209.149902,149.399994
2020-09-08,2901.75,2863.199951,608.599976,7224,142.300003
2020-09-09,2910.149902,2904,613.900024,7215.25,140.100006
2020-09-10,2914.699951,2948.75,615.450012,7231.649902,143.300003
2020-09-11,2916.350098,2992.25,614.25,7193.600098,144.300003
2020-09-14,2957.699951,3028.5,615.299988,7128.850098,148.550003
2020-09-15,2937.350098,3037.149902,613.450012,7052.799805,148.399994
2020-09-16,3037.949951,3056.199951,639.450012,7057.950195,151.449997
2020-09-17,3019.199951,3061,636.799988,7085.850098,147.649994
2020-09-18,3050.949951,3112.649902,654.150024,6964.75,147.899994
2020-09-21,2986.699951,3055.350098,622.450012,6626.950195,137.449997
2020-09-22,2985.850098,3000.149902,615.799988,6440.549805,133.100006
2020-09-23,2986.199951,2956.75,612.599976,6501.299805,131.399994
2020-09-24,2931.850098,2918.300049,575.099976,6297.700195,122.800003
2020-09-25,2957.399902,3002,592.299988,6497.700195,127.25
2020-09-28,2966.350098,3088.899902,615.25,6703,132.850006
2020-09-29,2897.5,3174.949951,613.200012,6742.75,131.699997
2020-09-30,2881.100098,3147.300049,607.900024,6743.450195,133.300003
2020-10-01,2985.399902,3151.449951,610.150024,6796.299805,133.5
2020-10-05,2952.300049,3129.199951,607,6818.850098,133.899994
2020-10-06,2972.25,3136.350098,627.400024,6892.399902,144.75
2020-10-07,3077.399902,3233.649902,631.599976,7046.899902,141
2020-10-08,3074.550049,3279.149902,634.150024,7079.850098,140.949997
2020-10-09,3059.800049,3327.399902,633.200012,7062.399902,138.449997
2020-10-12,3022.75,3284.699951,634.400024,7136.649902,135.899994
2020-10-13,3034.449951,3288.050049,627.900024,7032.899902,134.100006
2020-10-14,3054.149902,3310.800049,623.849976,7002.350098,130.699997
2020-10-15,3027.399902,3314.300049,617.299988,6892.600098,126.949997
2020-10-16,3044.75,3346.449951,606.650024,6894.899902,127.75
2020-10-19,2980,3248.699951,597.450012,6851.950195,128.25
2020-10-20,3004.199951,3237.600098,602.25,6844.600098,129.649994
2020-10-21,3018,3178.350098,600.849976,6861.850098,130.25
2020-10-22,3006.199951,3081.5,604.349976,6811.549805,133.5
2020-10-23,3082.25,3111.050049,625.150024,7103.25,137
2020-10-26,2895.149902,2897.949951,597.150024,7054.799805,133.699997
2020-10-27,2947.350098,2911.949951,597.150024,7158.399902,135.649994
2020-10-28,2944.050049,2946.199951,604.150024,7186.049805,134.800003
2020-10-29,2925.350098,2894,591.950012,7117.700195,131.899994
2020-10-30,2886.899902,2799.800049,594,6965.149902,132.649994
2020-11-02,2843.699951,2835.649902,596.049988,6868.350098,132.850006
2020-11-03,2914.850098,2937.399902,595.799988,6913.350098,134.100006
2020-11-04,2926.100098,2968,596.799988,6954.049805,135.899994
2020-11-05,2949.300049,2944.350098,602.099976,7092.799805,137.649994
2020-11-06,2977.399902,2945.449951,613.599976,6907.600098,139
2020-11-09,3001.949951,2954.25,616.349976,6872.149902,141
2020-11-10,2997.5,2951.25,619.950012,6793.450195,146
2020-11-11,3023.100098,3060.149902,633.200012,6857.350098,150.949997
2020-11-12,3017.449951,3085.800049,632.700012,6836.850098,151.199997
2020-11-13,3040.75,3128.899902,629.849976,6809.25,146.350006
2020-11-14,3041.899902,3115.699951,631.349976,6852.25,148.850006
2020-11-17,3045.149902,3031.300049,637.25,6981.450195,158
2020-11-18,3037.899902,2983,705.75,7054.299805,173.5
2020-11-19,3034.25,2988.5,703.900024,6963.299805,167.949997
2020-11-20,3058.550049,2998.649902,715.599976,6965.850098,169.100006
2020-11-23,3077.75,3059.75,705.450012,6987.75,170.699997
2020-11-24,3095.699951,3074.149902,729.349976,7158.399902,172.050003
2020-11-25,3051.25,3008.75,719.950012,7055.700195,171.449997
2020-11-26,3129.199951,3024.550049,728.5,6994.25,173.75
2020-11-27,3173.550049,3108.850098,722,7035.799805,180.350006
2020-12-01,3243.649902,3110.25,734.549988,7101.700195,179.75
2020-12-02,3338.149902,3126.199951,753.599976,7206.5,183.600006
2020-12-03,3294.399902,3139.850098,745.849976,7739.100098,184.850006
2020-12-04,3311.399902,3180.449951,750.549988,7803.149902,184.149994
2020-12-07,3319.550049,3174.050049,752.299988,7743.399902,183.550003
2020-12-08,3326.199951,3167.949951,754,7762.700195,181.800003
2020-12-09,3306.550049,3190.699951,755,7709.25,182.699997
2020-12-10,3290.850098,3194.300049,736.150024,7736,177.600006
2020-12-11,3327.649902,3185.300049,727.549988,7733.549805,178.850006
2020-12-14,3289,3113.649902,711.700012,7696.799805,177.649994
2020-12-15,3271.649902,3112.350098,717.950012,7765.25,178.899994
2020-12-16,3303.5,3117.5,731.950012,7796.350098,182.550003
2020-12-17,3270.449951,3112.649902,730.650024,7694,181.699997
2020-12-18,3347.550049,3135.300049,733.599976,7559.75,180.550003
2020-12-21,3238.25,2994.100098,685.950012,7376.100098,164.550003
2020-12-22,3265.300049,3049.100098,695.049988,7395.399902,164.949997
2020-12-23,3309.649902,3040.050049,711.5,7449.950195,169.199997
2020-12-24,3374.75,3073.100098,710.900024,7446.049805,175.949997
2020-12-28,3414.699951,3082.600098,710.950012,7483,186.350006
2020-12-29,3431.550049,3074,707.049988,7452.350098,183.449997
2020-12-30,3448.149902,3101.399902,720.700012,7612.899902,184.149994
2020-12-31,3444.050049,3110,720.599976,7649.600098,183.850006
2021-01-01,3481.25,3102.649902,732.450012,7691.299805,186.5
2021-01-04,3522.449951,3043.850098,749.099976,7702.299805,191.300003
2021-01-05,3492.649902,3067.199951,740.099976,7655.450195,193.199997
2021-01-06,3462.699951,3083.550049,736.099976,7628.600098,195.399994
2021-01-07,3437.949951,3055.25,744.400024,7566.049805,196.75
2021-01-08,3529.149902,3161.100098,770.5,8014.899902,198.149994
2021-01-11,3617.350098,3197.699951,789.099976,8232.75,220.649994
2021-01-12,3624.25,3248.25,779.849976,8188.049805,237.800003
2021-01-13,3600.899902,3256.800049,828.349976,8139.850098,242.600006
2021-01-14,3576.050049,3266.600098,829.900024,8149.450195,245.100006
2021-01-15,3580.300049,3203,819.650024,8024.75,260.299988
2021-01-18,3563.75,3163.149902,809,7830.649902,245.949997
2021-01-19,3641,3232.899902,808.049988,7922.600098,258.649994
2021-01-20,3643.949951,3275.600098,824.5,8144.950195,274.899994
2021-01-21,3703.300049,3247.300049,808.25,8076.75,290.600006
2021-01-22,4089.5,3374.899902,798.400024,8048.850098,289.350006
2021-01-25,4168.950195,3474.949951,794.549988,7981.5,279.149994
2021-01-27,4146.350098,3358.550049,769.950012,7870.899902,267.5
2021-01-28,4135.799805,3397.399902,765,7588.5,266.799988
2021-01-29,4005.800049,3256.050049,749.599976,7206.649902,262.700012
2021-02-01,4114.700195,3340.649902,795.150024,7399.799805,279.600006
2021-02-02,4201.450195,3293.850098,816.849976,7654.700195,322
2021-02-03,4236.350098,3380.800049,833.200012,7589.200195,331
2021-02-04,4223.5,3440.699951,866.5,7640,326.149994
2021-02-05,4231.25,3429.199951,865.5,7494.149902,315.899994
2021-02-08,4237.450195,3495,928.400024,7574.600098,335.950012
2021-02-09,4154.899902,3499.449951,895,7627.049805,325.049988
2021-02-10,4151.549805,3538.949951,914.150024,7621.700195,328.899994
2021-02-11,4181.899902,3541.5,914.200012,7667.350098,325
2021-02-12,4136.049805,3515.75,908.549988,7568.5,325.399994
2021-02-15,4122.299805,3465.399902,911.849976,7596.649902,333.350006
2021-02-16,4132.850098,3461.550049,912.200012,7697.049805,329.200012
2021-02-17,4165.700195,3584,914.950012,7503.200195,330.149994
2021-02-18,4115.450195,3522.850098,894.450012,7497.549805,323.850006
2021-02-19,4001.100098,3389.699951,879.25,7323,311.850006
2021-02-22,3971.550049,3414.149902,837.099976,7086.450195,304.5
2021-02-23,3912.25,3405.449951,840.950012,6970.5,324
2021-02-24,3931.850098,3441.600098,849.599976,6952.950195,321.649994
2021-02-25,3944.800049,3434.399902,859,6930.350098,333.149994
2021-02-26,3798.699951,3224,806.400024,6866.149902,322.950012
2021-03-01,3814.050049,3350.199951,819.450012,7015,328.299988
2021-03-02,3944.050049,3476.399902,860.049988,7214.100098,345.75
2021-03-03,3901.100098,3424.350098,852.049988,7124.700195,348.5
2021-03-04,3879.050049,3419.850098,845.25,7131.600098,339.200012
2021-03-05,3852.850098,3461.699951,840.400024,7249,325.149994
2021-03-08,3798.75,3463.949951,851,7259.5,321.25
2021-03-09,3798.75,3448.850098,852,7301.549805,315.200012
2021-03-10,3867.550049,3419.350098,863.799988,7272.100098,321.450012
2021-03-12,3746.399902,3350.550049,855.799988,7096.200195,317.549988
2021-03-15,3664.649902,3264.149902,844.400024,7089.299805,318.549988
2021-03-16,3654.449951,3255.050049,842.849976,7150.299805,319.950012
2021-03-17,3569.600098,3190.550049,836.950012,7064.649902,305.799988
2021-03-18,3664.5,3107.199951,845.650024,7113.75,307
2021-03-19,3650.050049,3119.149902,850.299988,7113.549805,308.950012
2021-03-22,3664.75,3095.850098,853.049988,7101.25,303.049988
2021-03-23,3678.350098,3067.449951,844.650024,7186.25,307.399994
2021-03-24,3603.550049,3033.850098,811.400024,7066.200195,294.450012
2021-03-25,3501.600098,2941.649902,791.700012,6786.850098,285.549988
2021-03-26,3600.050049,2937.800049,799.349976,6784.450195,296.399994
2021-03-30,3666.699951,2963.850098,795,6851.799805,297.049988
2021-03-31,3670.600098,2913.600098,795.25,6859.200195,301.799988
2021-04-01,3743.050049,2956.100098,807.599976,6923.899902,307.75
2021-04-05,3598.5,2886.899902,774.450012,6768.549805,305.049988
2021-04-06,3615.5,2887.949951,781.099976,6751.299805,307.75
2021-04-07,3680.199951,2941.600098,796.299988,6865,307.799988
2021-04-08,3649.800049,2928,795.150024,6826.850098,313.950012
2021-04-09,3651.300049,2912.899902,791.150024,6827.100098,318.200012
2021-04-12,3541,2786.100098,751.5,6520.600098,286.549988
2021-04-13,3602.449951,2865.350098,811.25,6815.799805,302.850006
2021-04-15,3597.5,2862.550049,805.099976,6644.25,303.5
2021-04-16,3634.649902,2894.850098,821.650024,6648.100098,310
2021-04-19,3515.550049,2785.550049,794.950012,6511.75,301.399994
2021-04-20,3600.899902,2823.699951,811.150024,6646.649902,298.049988
2021-04-22,3681.399902,2851.149902,799.700012,6650.100098,294.549988
2021-04-23,3672.5,2864.050049,777.900024,6676.100098,294
2021-04-26,3738.850098,2864.550049,780.5,6638.899902,295.399994
2021-04-27,3785.5,2905.5,778.400024,6568.75,301.5
2021-04-28,3889.75,2926.25,782.099976,6573.799805,305.899994
2021-04-29,3836.449951,2860.100098,774.599976,6565.649902,301.899994
2021-04-30,3833.75,2819.149902,752.549988,6455.649902,293.850006
2021-05-03,3851.850098,2793.25,752.950012,6597.850098,293
2021-05-04,3830.350098,2776.75,741.150024,6508.25,289.450012
2021-05-05,3843.800049,2788.199951,747.549988,6590.100098,291.5
2021-05-06,3941.199951,2913.300049,747.400024,6666.649902,301.25
2021-05-07,3866.75,2860.800049,767.400024,6703.049805,302.75
2021-05-10,3868.649902,2836.300049,780.450012,6764,314.850006
2021-05-11,3879.300049,2838.350098,776,6736.649902,315.549988
2021-05-12,3875.25,2840.149902,759.700012,6817.549805,326
2021-05-14,3848.800049,2812.350098,741.5,6736.399902,312.25
2021-05-17,3864.399902,2854.75,753.549988,6717.850098,321.100006
2021-05-18,4067.199951,2906.949951,797.700012,6811.100098,332.450012
2021-05-19,4095.949951,2915,784.799988,6775.899902,314.450012
2021-05-20,4071.199951,2865.100098,803.25,6737.850098,307.700012
2021-05-21,4125.549805,2884.399902,818.950012,6814.649902,313.100006
2021-05-24,4142.299805,2900.449951,810,6871.600098,311.850006
2021-05-25,4150.100098,2929.699951,811.25,6911.799805,315.25
2021-05-26,4166.299805,2964.699951,821.200012,7034.299805,315.5
2021-05-27,4246.100098,2991.300049,828.599976,6968.899902,318.600006
2021-05-28,4199.5,2991.550049,845.849976,6970,318.75
2021-05-31,4192.799805,3007.5,807.950012,7086.299805,318.75
2021-06-01,4238.950195,2976.75,806.299988,7091.149902,318.100006
2021-06-02,4295.049805,2972.600098,806.200012,7184.700195,323
2021-06-03,4273.350098,3008.350098,802.049988,7209.5,325.649994
2021-06-04,4250.049805,3048.399902,804.599976,7214.700195,334.950012
2021-06-07,4249.75,3052.25,803.849976,7275.649902,345.5
2021-06-08,4269.899902,3055.949951,807.849976,7336.75,352.75
2021-06-09,4224.5,3023.5,804.450012,7239,343.350006
2021-06-10,4179.899902,3009,806.950012,7199.899902,344.75
2021-06-11,4172.5,3004.350098,809,7223.799805,350.75
2021-06-14,4146.5,2985.649902,807.450012,7177.850098,355.950012
2021-06-15,4138.100098,3007.050049,808.599976,7166.25,352.700012
2021-06-16,4110.450195,2975.399902,806.150024,7114.25,349.350006
2021-06-17,4053.899902,2914.100098,805.700012,6969.350098,345.649994
2021-06-18,4167.100098,2891.350098,781.549988,6959.350098,337.399994
2021-06-21,4182.649902,2894.850098,776.849976,6899.899902,334.299988
2021-06-22,4221.600098,2907.050049,775.200012,7265.399902,337.899994
2021-06-23,4198.600098,2928.350098,781.950012,7432.700195,335.25
2021-06-24,4226.899902,2906.949951,791.799988,7527.450195,334.649994
2021-06-25,4196.149902,2939.199951,794.25,7649,339.649994
2021-06-28,4183.450195,2943.649902,793.5,7596.25,342.799988
2021-06-29,4124.649902,2927.5,781.599976,7487.5,341.549988
2021-06-30,4133.850098,2902.600098,777.700012,7515.899902,339.600006
2021-07-01,4204.549805,2922.5,779.450012,7584.399902,344.25
2021-07-02,4175.350098,2919.850098,782.599976,7573.850098,344.899994
2021-07-05,4201.5,2938.050049,791.75,7599.450195,346.100006
2021-07-06,4195.399902,2919.25,781.900024,7514.950195,316.899994
2021-07-07,4188.25,2913.350098,778.900024,7449.399902,317.100006
2021-07-08,4077.300049,2900.399902,776.25,7401.200195,306.350006
2021-07-09,3995.899902,2896.800049,771.549988,7425.700195,306.299988
2021-07-12,3956.149902,2898.199951,772.849976,7470.100098,307.450012
2021-07-13,3966.100098,2904.100098,781.150024,7430.350098,310.950012
2021-07-14,3953.850098,2900.699951,786.150024,7326.75,309.549988
2021-07-15,3940,2884.649902,779.900024,7307,310.25
2021-07-16,3931.949951,2904.699951,779.799988,7303.549805,311.25
2021-07-19,3882.850098,2887.100098,775.799988,7165.549805,308.850006
2021-07-20,3905.399902,2839,760.200012,7232.700195,302.149994
2021-07-22,3853.199951,2838.25,758.450012,7299.549805,302.549988
2021-07-23,3841.899902,2835,764.200012,7293.850098,295.549988
2021-07-26,3836.350098,2810.25,754.299988,7235.799805,293.149994
2021-07-27,3821.399902,2793.850098,745.549988,7240.25,291.399994
2021-07-28,3818.5,2777.699951,728.700012,7165.049805,284.450012
2021-07-29,3763.75,2745.699951,731.450012,6993.5,292.899994
2021-07-30,3829.600098,2763.300049,743.099976,6977.700195,293.950012
2021-08-02,3841.550049,2782.199951,757.700012,7076.950195,296.850006
2021-08-03,3828.199951,2819.100098,770.849976,7199.399902,303.700012
2021-08-04,3832,2805.5,766.25,7102.899902,298.149994
2021-08-05,3818.75,2818.800049,759.349976,7027.549805,299.700012
2021-08-06,3847.850098,2833.800049,758.25,7100.799805,300.049988
2021-08-09,3855.149902,2836.300049,774.950012,7081.75,298.100006
2021-08-10,3797.949951,2797.050049,786.299988,7001.950195,294.200012
2021-08-11,3727.149902,2781.600098,778.700012,7021.5,295.450012
2021-08-12,3769.350098,2782.949951,776.200012,7012,306
2021-08-13,3825.75,2772.199951,778.650024,7002.200195,307.25
2021-08-16,3748.449951,2747.350098,799.299988,6826.850098,303.700012
2021-08-17,3807.449951,2782.600098,790.650024,6885.399902,297.700012
2021-08-18,3833.050049,2763.600098,791.349976,6840.100098,293.350006
2021-08-20,3751.5,2697.5,785.650024,6850.899902,283.100006
2021-08-23,3668.25,2680.600098,765.900024,6825.899902,276.950012
2021-08-24,3714.75,2675.850098,778.150024,6803.200195,279.799988
2021-08-25,3689.649902,2673.949951,772.049988,6711.450195,284.399994
2021-08-26,3691.399902,2647.550049,781.400024,6608.600098,284.299988
2021-08-27,3699.449951,2674.050049,775.150024,6624.850098,285.75
2021-08-30,3720.399902,2726.25,791.549988,6796.899902,291.950012
2021-08-31,3727.850098,2741.850098,793.299988,6846.100098,287.299988
2021-09-01,3758.300049,2740.850098,769.900024,6784.899902,295.25
2021-09-02,3720.949951,2730.350098,752.450012,6792.899902,293.149994
2021-09-03,3757.5,2799.449951,749.900024,6863.100098,295.549988
2021-09-06,3781.100098,2817.199951,754.75,6846.899902,297.450012
2021-09-07,3770.699951,2797.75,753.099976,6877.149902,294.600006
2021-09-08,3725.350098,2798.350098,754.75,6781.25,295.25
2021-09-09,3700.600098,2796.699951,750.75,6802.25,298.950012
2021-09-13,3699.550049,2789.800049,745.549988,6873.700195,301.200012
2021-09-14,3751.050049,2851.699951,750.200012,6894.450195,306.100006
2021-09-15,3779.100098,2874.949951,755.099976,6909,311.950012
2021-09-16,3813.5,2920.399902,756.950012,6930.950195,311.649994
2021-09-17,3822.199951,2932.100098,754.150024,7014.450195,308.600006
2021-09-20,3776.050049,2889.5,738.049988,6950.399902,298.950012
2021-09-21,3728.800049,2850.449951,738.450012,6777,301.950012
2021-09-22,3757.149902,2847.199951,752.5,6831,310.100006
2021-09-23,3799.199951,2853.050049,758.450012,6846.700195,321.5
2021-09-24,3809.800049,2833.449951,779.450012,6952.25,317.950012
2021-09-27,3913.399902,2912.949951,811.349976,7403.450195,331.649994
2021-09-28,3908.699951,2920.550049,806.049988,7423.850098,329.299988
2021-09-29,3899.25,2886.149902,812.099976,7384.049805,330.25
2021-09-30,3832.649902,2832.5,803.049988,7338.049805,333.350006
2021-10-01,3852.600098,2847.949951,827.849976,7162.299805,333.299988
2021-10-04,3825.949951,2855.550049,841.150024,7170.299805,342
2021-10-05,3864,2844.550049,843.049988,7258.25,344.950012
2021-10-06,3770.050049,2798.149902,834.099976,7199.25,336.049988
2021-10-07,3828.550049,2841.649902,878.25,7492.5,376.5
2021-10-08,3815.550049,2842.100098,877.799988,7430,382.950012
2021-10-11,3852.100098,2857.800049,895.599976,7700.799805,415.75
2021-10-12,3978.75,2916.649902,890.099976,7693.799805,420.850006
2021-10-13,3967.649902,2925.199951,935.349976,7482.149902,506.899994
2021-10-14,3965.899902,2927.800049,931.400024,7496.899902,497.600006
2021-10-18,3915.949951,2904.100098,910.950012,7657,509.600006
2021-10-19,3911.550049,2876.050049,917.5,7655.649902,481.899994
2021-10-20,3848.649902,2816,899.349976,7590.75,486.899994
2021-10-21,3804,2756.899902,897,7575.25,508
2021-10-22,3866.5,2744.149902,887.849976,7408.899902,490.899994
2021-10-25,3763.75,2686.800049,890.700012,7260.600098,479.899994
2021-10-26,3791.75,2700.5,894.549988,7297.350098,508.649994
2021-10-27,3776.5,2690.149902,886.799988,7356.25,497.899994
2021-10-28,3700.699951,2667.75,883.849976,7369.700195,481.049988
2021-10-29,3707.25,2657.100098,884.25,7482.399902,483.700012
2021-11-01,3726.149902,2680.699951,870.349976,7615.549805,485.700012
2021-11-02,3741.850098,2684.300049,861.5,7791.75,487.850006
2021-11-03,3698.399902,2641.449951,849,7734.25,484.899994
2021-11-04,3759.350098,2677.5,872.849976,7747.399902,489.700012
2021-11-08,3777.300049,2682.899902,859.5,7684.600098,501.399994
2021-11-09,3794.449951,2714.350098,892.150024,7577.549805,509.649994
2021-11-10,3771.699951,2718.800049,919.650024,7511.649902,510.75
2021-11-11,3749.949951,2700.899902,924.75,7453.450195,503.450012
2021-11-12,3635.050049,2683.050049,937.799988,7479.850098,507.049988
2021-11-15,3601.149902,2693.25,928.400024,7503.100098,505.450012
2021-11-16,3608.699951,2750.899902,960.299988,8050.350098,519.049988
2021-11-17,3583.800049,2749.350098,954.450012,8274.75,530.150024
2021-11-18,3547.550049,2684.850098,923.700012,8117.149902,509.700012
2021-11-22,3444.199951,2634.600098,900.849976,7864.399902,486.100006
2021-11-23,3434.850098,2632.199951,901.349976,7854,495.5
2021-11-24,3407.100098,2621.050049,893.200012,7669.450195,488.649994
2021-11-25,3391.699951,2594.699951,891.200012,7572.5,492.75
2021-11-26,3334.600098,2529.399902,853.75,7170.5,460.200012
2021-11-29,3298.199951,2490.800049,850.799988,7149.5,461.450012
2021-11-30,3240.300049,2449.300049,835.5,7067.799805,458.600006
2021-12-01,3249.550049,2448.199951,834.700012,7273.25,475.25
2021-12-02,3328.399902,2472.699951,849.549988,7324.950195,479.100006
2021-12-03,3287.850098,2462.449951,836.950012,7208.700195,480.100006
2021-12-06,3249.75,2420,822.150024,7042.850098,467.200012
2021-12-07,3286.449951,2461.800049,825.950012,7186.600098,481.799988
2021-12-08,3332.050049,2490.649902,840.75,7434.899902,493.899994
2021-12-09,3341,2520.949951,851.099976,7421.75,493.950012
2021-12-10,3344.75,2526.850098,859.700012,7425.649902,494.450012
2021-12-13,3305.449951,2495,843.099976,7516.399902,495.350006
2021-12-14,3291.649902,2483.800049,836.849976,7493.149902,489.399994
2021-12-15,3294.5,2507.149902,846.200012,7567.950195,491.649994
2021-12-16,3253.149902,2471.100098,853.299988,7450.799805,491.950012
2021-12-17,3179.149902,2444.649902,834.599976,7296.600098,470.200012
2021-12-20,3105.199951,2356.649902,814.299988,7286.600098,447.049988
2021-12-21,3130.800049,2347.399902,812.200012,7315.149902,453.600006
2021-12-22,3135.850098,2348.800049,818.700012,7423.75,470.5
2021-12-23,3174.100098,2392.699951,826.849976,7387.149902,472.350006
2021-12-24,3152.050049,2392.449951,812.650024,7317.100098,467.600006
2021-12-27,3154.100098,2402,818.549988,7289.5,471.149994
2021-12-28,3176.050049,2417.800049,838.700012,7297.450195,480.200012
2021-12-29,3262.5,2433.25,832.700012,7350.049805,476
2021-12-30,3200.800049,2431.899902,829.299988,7282.25,470.399994
2021-12-31,3249.25,2462.100098,837.150024,7426.450195,482.399994
2022-01-03,3277.100098,2476.600098,829.799988,7523.899902,497.600006
2022-01-04,3289.149902,2484.899902,831.849976,7630.100098,489.600006
2022-01-05,3358.550049,2506,839.5,7775.350098,489.75
2022-01-06,3418.199951,2496,839.849976,7882.100098,488.850006
2022-01-07,3392.5,2499.100098,829,7906,490.600006
2022-01-10,3435.100098,2578.100098,841.950012,8125.600098,503.700012
2022-01-11,3436.75,2568.25,841.400024,8143.850098,501.299988
2022-01-12,3440.100098,2590.5,880.549988,8170.75,507.25
2022-01-13,3451,2593.600098,896,8077.049805,511.950012
2022-01-14,3432.800049,2569.699951,881.200012,8084.200195,509.899994
2022-01-17,3489.75,2701.5,900.799988,8265.5,525
2022-01-18,3400.949951,2692.850098,892.150024,7915.149902,510.799988
2022-01-19,3436.800049,2699.800049,894.400024,8015.700195,520.849976
2022-01-20,3308.75,2709.449951,880.5,8036.350098,515.700012
2022-01-21,3419.800049,2750.100098,875.200012,8189.600098,501.850006
2022-01-24,3382.300049,2706.199951,854.700012,8052.299805,478.450012
2022-01-25,3469.100098,2782.050049,854.5,8602.599609,490.549988
2022-01-27,3501.100098,2715,858.049988,8820.200195,494.399994
2022-01-28,3497.199951,2672.149902,869.650024,8550.950195,497.299988
2022-01-31,3564.649902,2724.300049,885.799988,8597.299805,517.75
2022-02-01,3534.449951,2726.75,869.700012,8559.400391,504.299988
2022-02-02,3535,2702.399902,869.349976,8515.25,506.399994
2022-02-03,3621.100098,2781.5,856.200012,8593.650391,504.5
2022-02-04,3565.350098,2721.75,841.700012,8550.549805,500.600006
2022-02-07,3476,2648.050049,829.5,8511.650391,494.600006
2022-02-08,3458.649902,2671.949951,832.049988,8599.450195,492.75
2022-02-09,3563.550049,2728.850098,840.200012,8949.450195,501.25
2022-02-10,3569.350098,2734.100098,853.049988,8805.450195,507.450012
2022-02-11,3566.649902,2718.600098,853.650024,8737.150391,498.850006
2022-02-14,3487.949951,2648.5,825.049988,8366.400391,471.450012
2022-02-15,3589.199951,2778.649902,854.599976,8622.700195,504
2022-02-16,3586.899902,2786.800049,864.25,8582.950195,498.450012
2022-02-17,3597.300049,2793.449951,862.25,8552.450195,499.950012
2022-02-18,3632.149902,2774.050049,852,8569.099609,493.149994
2022-02-21,3579.5,2713.350098,841.099976,8612.700195,494.450012
2022-02-22,3600.699951,2731,853.25,8622.799805,478.25
2022-02-23,3580.300049,2670.649902,850.299988,8698.849609,477
2022-02-24,3478.899902,2490.399902,795.799988,8210.150391,427.950012
2022-02-25,3508.399902,2558.399902,807.599976,8356.099609,459.75
2022-02-28,3530.350098,2535.449951,790.849976,8314.150391,454.049988
2022-03-02,3372.300049,2426.300049,778.349976,7814.200195,447.600006
2022-03-03,3297.100098,2417.399902,762.049988,7595.549805,437.100006
2022-03-04,3242.100098,2311.300049,732.299988,7247.299805,417.25
2022-03-07,3234.649902,2198.699951,690.549988,6769.049805,394
2022-03-08,3317.100098,2251.649902,700.650024,6806.299805,391.75
2022-03-09,3339,2290.5,734.849976,7026.850098,405.899994
2022-03-10,3422.350098,2320.75,738.849976,7211.799805,419.600006
2022-03-11,3423,2331.199951,734.799988,7102.549805,418.149994
2022-03-14,3452.550049,2341.899902,743.200012,7316.75,411.700012
2022-03-15,3454.050049,2318.399902,761.200012,7420.100098,413.649994
2022-03-16,3569.800049,2369.5,773.650024,7485.799805,424.899994
2022-03-17,3650.449951,2419.899902,794.400024,7693,433.799988
2022-03-21,3589.050049,2391.550049,783.5,7705.549805,427.950012
2022-03-22,3656.449951,2423.649902,785.599976,7766.649902,440.350006
2022-03-23,3601.5,2394.649902,774.099976,7644.850098,435.799988
2022-03-24,3583.899902,2412.149902,765.650024,7556.950195,433.200012
2022-03-25,3654.350098,2378.399902,764.75,7415.450195,432.100006
2022-03-28,3687.75,2377.949951,769.25,7477.350098,432.700012
2022-03-29,3689.100098,2210.649902,773.349976,7439.149902,433.700012
2022-03-30,3674.100098,2271.649902,793.349976,7598.600098,435.649994
2022-03-31,3653,2294.149902,806.549988,7561.299805,433.75
2022-04-01,3739.899902,2240.149902,826.549988,7700.049805,441.149994
2022-04-04,3763.649902,2311.75,833.700012,7774.799805,446.75
2022-04-05,3809.699951,2332.25,836.549988,7761.850098,458.049988
2022-04-06,3801.800049,2346.899902,827.849976,7744.200195,456.149994
2022-04-07,3802.25,2350.600098,834.299988,7640.5,449.5
2022-04-08,3810.350098,2362.449951,857.400024,7557.950195,452.049988
2022-04-11,3787.149902,2335.399902,856.849976,7565.399902,452.049988
2022-04-12,3712.050049,2297.899902,860.799988,7618.350098,438.299988
2022-04-13,3697.300049,2274.399902,866.099976,7469.5,431.049988
2022-04-18,3714.600098,2285.399902,874.099976,7573.5,433.799988
2022-04-19,3657.149902,2263.25,872.5,7435.100098,424.950012
2022-04-20,3720.75,2274.850098,881.25,7666.700195,440.549988
2022-04-21,3702.350098,2317.649902,911,7879.200195,448.049988
2022-04-22,3642.5,2294.25,920.650024,7904.5,438.850006
2022-04-25,3682.949951,2288.600098,904,7912.350098,425.149994
2022-04-26,3892.100098,2407.25,940.150024,7906.75,434.899994
2022-04-27,3905.649902,2500,926.849976,7788.399902,430.25
2022-04-28,3834.399902,2517.300049,922.900024,7888.149902,436.049988
2022-04-29,3729.550049,2506.649902,922.099976,7717.799805,437.600006
2022-05-02,3623.449951,2487.300049,921.349976,7634.75,432.850006
2022-05-04,3496.899902,2409.5,896.099976,7397.899902,423.5
2022-05-05,3523.899902,2501.649902,899.049988,7407.649902,426.299988
2022-05-06,3499.75,2563.350098,893.849976,7279.25,408.549988
2022-05-09,3568.75,2492.75,895.299988,7360.299805,403.950012
2022-05-10,3593.050049,2469.75,888.349976,7515.899902,391.75
2022-05-11,3612.850098,2470.300049,887.049988,7396.450195,388.149994
2022-05-12,3585,2401.199951,865.25,7253.649902,372.299988
2022-05-13,3642.100098,2449.149902,889.5,7101.950195,404.299988
2022-05-16,3715.850098,2495.899902,903.349976,7247.600098,405.350006
2022-05-17,3742.899902,2523.5,910.799988,7532.799805,424.149994
2022-05-18,3791.199951,2539,913.299988,7566.549805,415.149994
2022-05-19,3698.550049,2515.5,882.549988,7404.549805,398.649994
2022-05-20,3787.800049,2590.149902,903.799988,7586.600098,418
2022-05-23,3786.149902,2624.699951,941.900024,7897.450195,421.450012
2022-05-24,3783.300049,2637,946.849976,7802.649902,425.75
2022-05-25,3791.800049,2594.699951,928.400024,7787.25,417
2022-05-26,3857.350098,2636.449951,929.799988,7805,420.649994
2022-05-27,3833.050049,2719.800049,952.849976,7942.950195,429.600006
2022-05-30,3856.699951,2770.550049,998.349976,8013.899902,442.399994
2022-05-31,3864.100098,2773.899902,1034.349976,7966.350098,443.549988
2022-06-01,3720.100098,2757.600098,1047.349976,7939.399902,444.600006
2022-06-02,3688.699951,2663.100098,1044.550049,7925.399902,439.149994
2022-06-03,3672.699951,2583.75,1028.650024,7705.049805,431.899994
2022-06-06,3817,2540.75,1035.949951,7710.549805,432.350006
2022-06-07,3834.100098,2570.850098,1042.550049,7809.399902,435.850006
2022-06-08,3794.149902,2585.949951,1045,7892.450195,435.649994
2022-06-09,3878.649902,2598.100098,1045.099976,7929.850098,428.5
2022-06-10,3881,2601.949951,1036.5,7935.100098,428.049988
2022-06-13,3881.25,2598.800049,1004.299988,7901.600098,406.700012
2022-06-14,3681.75,2557.600098,1019.25,7811.649902,405.149994
2022-06-15,3698.100098,2605.300049,1025.5,7853.450195,414.100006
2022-06-16,3658.199951,2519.050049,1005.25,7833.600098,392.950012
2022-06-17,3628.949951,2467.399902,997.650024,7688.149902,388.950012
2022-06-20,3615.949951,2452.550049,982.700012,7660.950195,382.700012
2022-06-21,3645.25,2499.199951,997.950012,7780.600098,397.600006
2022-06-22,3635.649902,2524.449951,983.799988,7782.75,393.100006
2022-06-23,3784.800049,2674.100098,1027.699951,8271,407.200012
2022-06-24,3813.350098,2759.949951,1072.050049,8363.200195,409.299988
2022-06-27,3861.199951,2755.5,1082.699951,8448.75,414.5
2022-06-28,3889,2766.699951,1112,8489.700195,417.100006
2022-06-29,3867.550049,2752.399902,1111.75,8508.900391,416.950012
2022-06-30,3706.600098,2719.699951,1093.150024,8470.75,411.799988
2022-07-01,3624.600098,2763.800049,1107.349976,8402.599609,412.700012
2022-07-04,3679.75,2760.449951,1091.199951,8443.349609,408.450012
2022-07-05,3682.75,2737.25,1081.949951,8348.700195,412
2022-07-06,3773.050049,2831.800049,1104.550049,8630.049805,416.350006
2022-07-07,3795.5,2839.449951,1133.300049,8606.400391,430.850006
2022-07-08,3825,2849.300049,1133.599976,8475.950195,441.549988
2022-07-11,3848.550049,2868.100098,1165.050049,8507.650391,437.049988
2022-07-12,3847.850098,2875.5,1146.650024,8419.700195,430.549988
2022-07-13,3860.75,2843.350098,1140.349976,8440.200195,427.100006
2022-07-14,3863.199951,2792.800049,1142.650024,8567.75,428.049988
2022-07-15,3913.350098,2800.050049,1172.5,8778.049805,440.200012
2022-07-18,3984.050049,2817.949951,1163.400024,8704.799805,450.899994
2022-07-19,4002,2801.199951,1186.25,8715.849609,449.049988
2022-07-20,4002.050049,2826.75,1165.650024,8749.049805,453.450012
2022-07-21,4057.050049,2847.800049,1175.150024,8797,454.850006
2022-07-22,4054.5,2871.600098,1181.099976,8830.950195,454.899994
2022-07-25,4021.149902,2838.850098,1135.849976,8621.599609,449.549988
2022-07-26,3925.600098,2800.75,1136,8525.849609,441.149994
2022-07-27,3883.850098,2782.550049,1138.099976,8658.099609,444.049988
2022-07-28,3858.25,2780.699951,1149.150024,8721.049805,442.25
2022-07-29,3914.449951,2818.050049,1164.449951,8773.549805,449.600006
2022-08-01,3973.300049,2840.800049,1237.75,9003.400391,479.200012
2022-08-02,3996.199951,2771.449951,1254.5,9173.049805,476.25
2022-08-03,4003.449951,2801.899902,1253.699951,8959.450195,467.799988
2022-08-04,4011.699951,2807,1261.800049,8966.700195,468.899994
2022-08-05,4013.100098,2770.699951,1235.900024,8841.200195,465.25
2022-08-08,4022.649902,2738.050049,1276.699951,8921.950195,468.25
2022-08-10,4034.850098,2775.449951,1268.050049,8879.700195,475.549988
2022-08-11,4033.5,2785.300049,1266.199951,8813.849609,476.649994
2022-08-12,4038,2761.899902,1259.449951,8699.200195,477.549988
2022-08-16,4091.149902,2817,1288.300049,9003.700195,489.850006
2022-08-17,4067.899902,2913.449951,1274.25,8944.349609,485.399994
2022-08-18,4060.649902,2908.199951,1261.150024,8947.700195,484.799988
2022-08-19,4074.550049,2838.649902,1239.400024,8778.950195,471
2022-08-22,4041.600098,2780.550049,1226.699951,8628,454.600006
2022-08-23,4064.449951,2803.399902,1273.099976,8720.5,460.450012
2022-08-24,4065.75,2806.350098,1268.300049,8704,463.200012
2022-08-25,4062.949951,2799.800049,1259.650024,8735.900391,459.200012
2022-08-26,4054.399902,2826.75,1274.650024,8720.599609,465.049988
2022-08-29,4030.050049,2827.050049,1276.800049,8834.200195,453.350006
2022-08-30,4084.850098,2837.699951,1308.699951,9082.25,471.100006
2022-09-01,4076.300049,2876.649902,1312.050049,9024.5,466.899994
2022-09-02,4030.899902,2825.149902,1315.949951,8919.599609,461.75
2022-09-05,3956.649902,2842.050049,1320.550049,8950.049805,459
2022-09-06,3929.399902,2866.550049,1306.400024,8888.75,457.75
2022-09-07,3845.649902,2854.75,1289.699951,8784.900391,445.850006
2022-09-08,3846.600098,2857.300049,1321.900024,8790.650391,442.200012
2022-09-09,3848.600098,2838.449951,1301.25,8946,445.899994
2022-09-12,3870.300049,2857.899902,1297.050049,8927.650391,451
2022-09-13,3866.5,2870,1299.849976,8926.5,456.799988
2022-09-14,3850.25,2851.5,1298.050049,8967.200195,450.200012
2022-09-15,3768,2790.300049,1297.050049,9209.75,447.25
2022-09-16,3689.550049,2685.199951,1250.099976,9189.650391,432.5
2022-09-19,3708.25,2704.399902,1288.650024,9280.849609,425.450012
2022-09-20,3768.600098,2771.550049,1302.949951,9300.849609,434.25
2022-09-21,3730.600098,2776.649902,1306.650024,9247.900391,427.649994
2022-09-22,3728.899902,2776.949951,1310.400024,9401.849609,432.200012
2022-09-23,3698.899902,2762.050049,1272.300049,9343.450195,423.100006
2022-09-26,3574.5,2721.350098,1236.400024,8834.950195,397.5
2022-09-27,3541.899902,2638.25,1235.75,8774.049805,398.799988
2022-09-28,3545.899902,2591.350098,1242.400024,8726.75,399.100006
2022-09-29,3476.699951,2536.300049,1258.349976,8624.849609,402.25
2022-09-30,3527.75,2549.199951,1268.199951,8828.150391,404.600006
2022-10-03,3515.350098,2525.550049,1251.349976,8547,397.649994
2022-10-04,3579.600098,2621.800049,1260.349976,8690.5,407.899994
2022-10-06,3594.649902,2646.100098,1256.900024,8703,414.100006
2022-10-07,3603.550049,2624.949951,1238.849976,8779.099609,412.149994
2022-10-10,3616.949951,2570.5,1243,8862.400391,395.950012
2022-10-11,3528.75,2548.149902,1229.550049,8684.150391,393.350006
2022-10-12,3624.5,2550.050049,1247.900024,8686.599609,396.549988
2022-10-13,3604.800049,2546.449951,1248.199951,8649.549805,399
2022-10-14,3570.5,2535.899902,1230.300049,8617.299805,396.25
2022-10-17,3629,2553.699951,1230,8723.799805,396.100006
2022-10-18,3611.300049,2562,1253.800049,8807.349609,404.25
2022-10-19,3655.850098,2541.199951,1248.400024,8719.349609,399.049988
2022-10-20,3691.850098,2565.550049,1250,8707.400391,398.100006
2022-10-21,3668.600098,2569.850098,1256.75,8703.299805,398.049988
2022-10-24,3699.800049,2581.899902,1270.949951,8765.450195,401.600006
2022-10-25,3654.100098,2585.600098,1281.400024,9005,404.549988
2022-10-27,3622.300049,2610.75,1294.150024,9041.950195,407.700012
2022-10-28,3670.699951,2649.850098,1311.650024,9492.549805,409.899994
2022-10-31,3671.850098,2676.850098,1348.599976,9527.599609,412.75
2022-11-01,3732.699951,2673.149902,1354.050049,9454.599609,421.350006
2022-11-02,3736.800049,2643.949951,1352.349976,9229.400391,422.149994
2022-11-03,3773.5,2646.350098,1335.400024,9239.099609,416.25
2022-11-04,3771.100098,2588.899902,1338.300049,9229.5,425.350006
2022-11-07,3769.850098,2621.050049,1351.300049,9333.299805,435
2022-11-09,3739.550049,2651.5,1337.550049,9253.5,433.149994
2022-11-10,3724.600098,2712.5,1298.199951,9097.25,412.200012
2022-11-11,3727.649902,2668.5,1287.099976,9087.549805,423.5
2022-11-14,3726,2688.399902,1278.150024,9152.349609,433.700012
2022-11-15,3764.149902,2730.75,1291.699951,9162.200195,437.149994
2022-11-16,3747.449951,2739.449951,1286.699951,9134.950195,431.549988
2022-11-17,3694.149902,2744,1259.349976,8986.450195,423.149994
2022-11-18,3632.949951,2723.149902,1227.150024,8848.049805,423.799988
2022-11-21,3619.5,2677.449951,1218.25,8865.200195,421.100006
2022-11-22,3619.100098,2685.449951,1228.449951,8873.75,424.700012
2022-11-23,3607.850098,2658.850098,1235.699951,8934.5,424.049988
2022-11-24,3620.149902,2673.100098,1254.050049,8967.099609,423.399994
2022-11-25,3640.25,2708.149902,1260.800049,9019.5,433.200012
2022-11-28,3676.699951,2783.5,1250.699951,8985.400391,433.25
2022-11-29,3660.100098,2828.25,1257.099976,8910.200195,433.149994
2022-11-30,3750.699951,2851.899902,1305.599976,8974.150391,439.399994
2022-12-01,3707.600098,2871.800049,1293.449951,8958.150391,438.25
2022-12-02,3659.350098,2820.449951,1264.599976,8815.849609,435.399994
2022-12-05,3659.899902,2827.649902,1259.800049,8792.049805,428.75
2022-12-06,3694.800049,2798.800049,1263.050049,8717.349609,427.100006
2022-12-07,3634.649902,2759.550049,1266.599976,8659.150391,420.100006
2022-12-08,3636.149902,2758.199951,1274.349976,8682.700195,417.200012
2022-12-09,3616.949951,2751.5,1265.400024,8613.349609,413.299988
2022-12-12,3596.75,2771.449951,1264,8659.75,414.149994
2022-12-13,3636.75,2759.449951,1283.349976,8620.700195,418.5
2022-12-14,3652.050049,2747.350098,1286.449951,8641.599609,417.899994
2022-12-15,3619.300049,2770.850098,1286.949951,8584.150391,416.700012
2022-12-16,3549.600098,2724.850098,1251.599976,8485.799805,421.600006
2022-12-19,3629.75,2780.600098,1290.650024,8603.849609,418
2022-12-20,3613.600098,2772.550049,1275.25,8524.349609,410.5
2022-12-21,3611.050049,2757.449951,1265.699951,8350.400391,402.600006
2022-12-22,3600.850098,2727.699951,1233.949951,8334.349609,394.450012
2022-12-23,3541.800049,2636.850098,1224.599976,8141.600098,378.350006
2022-12-26,3552.199951,2686.300049,1237.050049,8256.799805,384.799988
2022-12-27,3590.949951,2702.350098,1234.25,8305.450195,394.149994
2022-12-28,3586.850098,2696.600098,1252.349976,8421.049805,391.299988
2022-12-29,3568.800049,2722.199951,1262.349976,8435.799805,385.899994
2022-12-30,3616.050049,2738.850098,1249.199951,8394.599609,387.950012
2023-01-02,3573.949951,2715.899902,1262.849976,8403.299805,394.799988
2023-01-03,3601.699951,2720.399902,1249.300049,8382.75,393.899994
2023-01-04,3552.850098,2709.300049,1236.199951,8422.799805,385.600006
2023-01-05,3621.149902,2767.149902,1252.650024,8461.099609,386.899994
2023-01-06,3642.25,2742.550049,1264.900024,8383.049805,382
2023-01-09,3620.75,2752.350098,1310.349976,8377,389.450012
2023-01-10,3574.199951,2712.050049,1314.900024,8293.150391,412.899994
2023-01-11,3538.050049,2693.75,1312.599976,8284.450195,418.200012
2023-01-12,3570.300049,2694.25,1319.900024,8369.200195,412.25
2023-01-13,3605.300049,2728.449951,1328.150024,8453.400391,411.5
2023-01-16,3583.149902,2758.600098,1315.599976,8380.099609,413
2023-01-17,3606.949951,2766.850098,1320.849976,8479.349609,415.299988
2023-01-18,3609.899902,2769.949951,1322.150024,8494.049805,408.399994
2023-01-19,3575.949951,2769.550049,1319.550049,8501.650391,400.75
2023-01-20,3572.75,2746.449951,1314.75,8439.799805,403.149994
2023-01-23,3623.550049,2774.600098,1328.449951,8417.099609,408.399994
2023-01-24,3686.5,2771.899902,1323.900024,8698.799805,422.149994
2023-01-25,3717.399902,2785,1311.5,8784.099609,419.049988
2023-01-27,3936.75,2736.149902,1320.199951,8737.5,445.600006
2023-01-30,3841.149902,2702.300049,1331.599976,8817,443.649994
2023-01-31,3818.25,2763.25,1378.75,8895.299805,452.100006
2023-02-01,3811.300049,2727.25,1352.050049,8768.849609,446.649994
2023-02-02,3790.699951,2660.949951,1352.400024,8870.150391,444.799988
2023-02-03,3852.550049,2654.25,1388,8942.299805,445.450012
2023-02-06,3849.100098,2695,1376,8908,442
2023-02-07,3879.449951,2652.600098,1366.699951,8762.450195,435.450012
2023-02-08,3880.300049,2614.649902,1373.050049,8834.700195,440.100006
2023-02-09,3845.75,2559.199951,1372.199951,8801.200195,436.75
2023-02-10,3831.649902,2583.300049,1365.449951,8811.349609,445.850006
2023-02-13,3883.5,2561.550049,1353,8809.450195,441.049988
2023-02-14,3876.100098,2542.5,1363.150024,8774.450195,440.549988
2023-02-15,3905.399902,2572,1379.349976,8845.349609,444.149994
2023-02-16,3906.600098,2556.699951,1368.150024,8805.099609,441.600006
2023-02-17,3894.300049,2535.550049,1341.5,8807.75,439.899994
2023-02-20,3903.800049,2527.449951,1346.25,8693.650391,443
2023-02-21,3837.100098,2520.550049,1351.849976,8669.849609,436.5
2023-02-22,3840.699951,2499.449951,1319.75,8658.950195,429.450012
2023-02-23,3831.899902,2495.5,1313.949951,8696.25,433.200012
2023-02-24,3849.949951,2485.649902,1280.199951,8660.5,427.75
2023-02-27,3639.850098,2437.550049,1257.400024,8632.200195,417.950012
2023-02-28,3661.199951,2419.100098,1269.599976,8624.349609,420.700012
2023-03-01,3731.649902,2431.100098,1272.150024,8764.150391,426
2023-03-02,3715.25,2463.350098,1251.550049,8548.75,420.450012
2023-03-03,3732,2461.550049,1268.599976,8601.25,428
2023-03-06,3723.050049,2479.699951,1270.449951,8631.450195,440.100006
2023-03-08,3811.199951,2478.050049,1289.949951,8693.900391,439.299988
2023-03-09,3813.5,2443.800049,1248.150024,8541.950195,432.200012
2023-03-10,3821.899902,2440.300049,1226.699951,8601.549805,435.850006
2023-03-13,3778.449951,2387.050049,1193.449951,8518.400391,422.399994
2023-03-14,3752.899902,2373.449951,1160.800049,8512.150391,416.649994
2023-03-15,3730,2379.449951,1160.349976,8474.950195,411.350006
2023-03-16,3800.199951,2370.949951,1167.050049,8437.450195,415.700012
2023-03-17,3814.399902,2355.149902,1171.5,8316.849609,419
2023-03-20,3805,2339.350098,1167.650024,8219.599609,410.75
2023-03-21,3905.699951,2349.050049,1160.300049,8228.400391,412.549988
2023-03-22,3923.949951,2353.199951,1164.099976,8252.400391,416.100006
2023-03-23,3862.949951,2362.5,1164.949951,8353.200195,419.149994
2023-03-24,3827.899902,2313.350098,1150.800049,8242.900391,416.5
2023-03-27,3807.550049,2308.600098,1137.900024,8278.349609,412.049988
2023-03-28,3791.600098,2249.5,1128.300049,8208.799805,401.600006
2023-03-29,3879.300049,2304.149902,1144.300049,8295.299805,409.200012
