Age,Income,CCAvg,Mortgage,CD Account,Personal Loan
25,49,1.60,0,0,0
45,34,1.50,0,0,0
39,11,1.00,0,0,0
35,100,2.70,0,0,0
35,45,1.00,0,0,0
37,29,0.40,155,0,0
53,72,1.50,0,0,0
50,22,0.30,0,0,0
35,81,0.60,104,0,0
34,180,8.90,0,0,1
65,105,2.40,0,0,0
29,45,0.10,0,0,0
48,114,3.80,0,0,0
59,40,2.50,0,0,0
67,112,2.00,0,0,0
60,22,1.50,0,0,0
38,130,4.70,134,0,1
42,81,2.40,0,0,0
46,193,8.10,0,0,1
55,21,0.50,0,0,0
56,25,0.90,111,0,0
57,63,2.00,0,0,0
29,62,1.20,260,0,0
44,43,0.70,163,0,0
36,152,3.90,159,0,0
43,29,0.50,97,0,0
40,83,0.20,0,0,0
46,158,2.40,0,0,0
56,48,2.20,0,0,0
38,119,3.30,0,1,1
59,35,1.20,122,0,0
40,29,2.00,0,0,0
53,41,0.60,193,0,0
30,18,0.90,0,0,0
31,50,1.80,0,0,0
48,81,0.70,0,0,0
59,121,2.90,0,0,0
51,71,1.40,198,0,0
42,141,5.00,0,1,1
38,80,0.70,285,0,0
57,84,1.60,0,0,0
34,60,2.30,0,0,0
32,132,1.10,412,0,1
39,45,0.70,0,0,0
46,104,5.70,0,0,0
57,52,2.50,0,0,0
39,43,0.70,153,0,0
37,194,0.20,211,1,1
56,81,4.50,0,0,0
40,49,1.80,0,0,0
32,8,0.70,0,0,0
61,131,2.90,0,0,0
30,72,0.10,207,0,0
50,190,2.10,240,0,1
29,44,0.20,0,0,0
41,139,8.00,0,0,0
55,29,0.10,0,1,0
56,131,1.20,0,0,1
28,93,0.20,0,0,0
31,188,4.50,455,0,0
49,39,1.70,0,0,0
47,125,5.70,112,0,0
42,22,1.00,0,0,0
42,32,0.00,0,0,0
47,105,3.30,0,0,0
59,131,3.80,0,0,0
62,105,2.80,336,0,0
53,45,2.00,132,0,0
47,60,2.10,0,0,0
53,20,0.20,0,0,0
42,115,3.50,0,0,0
53,69,1.00,0,0,0
44,130,5.00,0,0,0
41,85,4.00,0,0,0
28,135,3.30,0,0,0
31,135,3.80,0,1,1
58,12,0.30,0,0,0
46,29,0.50,0,0,0
54,133,2.60,0,0,1
50,19,0.40,118,0,0
60,41,1.30,174,0,0
47,40,2.70,0,0,0
41,82,4.00,0,0,0
33,50,2.40,0,0,0
46,18,0.90,0,0,0
27,109,1.80,0,0,0
40,42,2.20,126,0,0
48,78,1.10,0,0,0
65,51,1.10,0,0,0
25,113,2.30,0,0,0
55,118,5.60,0,0,1
35,29,1.10,0,0,0
43,34,0.60,0,0,0
60,64,1.70,236,0,0
65,121,2.00,0,0,0
38,48,0.20,0,0,0
41,80,5.20,0,0,0
54,161,2.90,0,0,0
49,94,0.30,0,0,0
66,15,0.10,0,0,0
48,74,1.20,0,0,0
61,30,1.30,0,0,0
53,44,1.00,198,0,0
43,22,0.30,0,0,0
56,38,1.30,166,0,0
24,35,0.10,0,0,0
43,69,2.90,0,0,0
42,43,0.70,136,0,0
33,32,0.60,166,0,0
43,49,2.80,0,0,0
41,9,1.00,0,0,0
62,45,1.30,0,0,0
40,82,1.00,309,0,0
58,92,2.80,103,0,0
39,39,0.50,0,0,0
65,81,1.80,0,0,0
54,35,1.50,0,0,0
58,61,2.30,193,0,0
41,73,3.00,0,0,0
32,112,4.60,366,0,0
54,12,0.20,0,0,0
52,38,0.90,0,0,0
58,73,0.70,0,0,0
37,84,3.60,0,0,0
39,78,2.40,118,0,0
60,80,0.50,0,0,0
31,115,1.30,101,0,0
34,82,2.70,251,0,0
38,74,0.00,0,0,0
41,70,0.50,0,0,0
28,81,1.50,276,0,0
58,149,7.20,0,1,1
31,51,1.75,0,0,0
30,39,1.10,0,0,0
53,98,1.80,0,0,0
58,45,2.10,0,0,0
59,49,2.50,0,0,0
49,128,0.40,0,0,0
59,42,1.50,0,1,0
59,18,1.20,0,0,0
51,31,0.40,161,0,0
35,58,2.00,149,0,0
33,48,2.10,0,0,0
25,54,1.60,0,0,0
49,70,1.50,0,0,0
59,124,7.40,0,0,0
46,84,2.67,0,0,0
50,83,3.60,188,0,0
52,163,0.40,116,0,0
48,42,2.20,0,0,0
46,118,7.50,0,1,0
26,132,6.50,0,0,1
57,24,1.30,0,0,0
60,22,1.00,0,1,0
54,58,1.30,0,0,0
24,60,1.60,0,0,0
26,15,0.40,0,0,0
41,83,2.67,0,0,0
32,79,1.50,0,0,0
61,41,1.70,0,0,0
29,134,6.50,0,0,1
61,80,2.80,0,0,0
38,52,2.00,0,0,0
28,70,2.60,0,0,0
53,92,1.10,0,0,0
27,43,1.50,0,0,0
25,21,1.00,0,0,0
33,23,0.90,0,0,0
50,13,1.00,0,0,0
27,112,2.10,0,0,0
27,138,2.00,0,0,0
52,11,0.40,0,0,0
38,171,7.80,0,0,0
58,42,1.50,0,0,0
42,168,7.90,0,0,1
45,85,1.10,0,0,0
52,44,1.00,135,0,0
29,65,1.80,244,0,0
53,24,0.20,0,0,0
62,11,0.10,0,0,0
51,38,1.00,164,0,0
36,10,0.70,81,0,0
24,135,1.50,0,0,0
29,148,4.10,0,0,1
52,63,1.50,0,0,0
39,115,1.00,0,0,0
48,45,0.30,0,0,0
46,159,1.90,315,0,1
64,169,2.10,122,0,0
55,112,1.40,0,0,0
60,93,4.30,0,0,0
51,29,0.30,140,0,0
50,85,2.67,0,0,0
48,21,0.60,0,0,0
53,144,6.80,0,0,0
34,13,1.00,95,0,0
48,165,5.00,0,0,0
55,9,0.70,89,0,0
27,59,0.00,90,0,0
36,158,5.10,0,1,1
32,29,1.90,0,0,0
35,20,1.40,0,0,0
30,68,2.00,0,0,0
58,65,2.20,0,0,0
56,61,1.90,105,0,0
38,91,1.40,100,0,0
49,31,1.00,0,0,0
34,71,0.10,0,0,0
40,73,2.67,0,0,0
64,172,3.10,282,1,1
51,20,0.00,0,0,0
44,55,0.20,0,0,0
46,69,1.70,209,0,0
57,155,7.40,0,0,0
54,94,1.90,0,0,0
38,92,0.00,249,0,0
27,125,0.60,0,0,0
39,74,3.00,0,0,0
44,72,0.30,0,0,0
56,61,2.20,0,0,0
32,25,0.30,0,0,0
45,83,1.70,0,0,0
26,104,2.50,0,0,0
55,41,1.00,0,0,0
52,58,1.80,91,0,0
39,93,1.50,0,0,0
24,39,1.70,0,0,0
47,148,7.50,0,1,0
47,53,1.90,98,1,0
48,71,1.70,145,0,0
47,92,2.80,0,0,0
35,61,2.10,0,0,0
46,38,2.50,135,0,0
62,58,1.70,0,0,0
26,80,0.80,150,0,0
38,71,1.80,0,0,0
43,89,0.50,0,0,0
62,83,1.80,0,0,0
57,28,0.20,0,0,0
28,52,1.70,0,0,0
51,70,1.20,169,0,0
48,71,1.40,0,0,0
41,75,3.70,280,0,0
65,170,7.90,99,1,1
41,78,0.80,78,0,0
35,25,1.00,0,0,0
38,60,0.60,0,0,0
53,120,2.70,111,1,1
55,99,1.40,264,0,0
26,55,2.60,113,0,0
30,29,1.00,117,0,0
54,170,6.20,325,0,1
65,53,2.20,0,0,0
47,138,0.00,0,0,0
65,134,3.90,121,0,1
66,42,0.70,138,0,0
26,99,2.30,0,0,0
66,18,0.50,0,0,0
35,24,0.30,0,0,0
56,55,1.40,77,0,0
51,58,0.00,0,0,0
42,111,1.20,251,0,1
49,33,0.30,0,1,0
27,74,1.80,112,0,0
45,38,0.70,0,0,0
49,23,0.60,98,0,0
63,61,1.50,0,0,0
47,81,2.90,138,0,0
64,129,2.50,0,0,0
43,33,0.75,0,0,0
60,63,2.20,0,0,0
40,70,1.40,0,0,0
29,45,0.20,158,0,0
41,65,0.50,0,0,0
30,74,2.20,0,0,0
49,50,1.80,0,0,0
30,22,0.50,109,0,0
29,30,1.00,0,0,0
50,21,1.00,0,0,0
39,155,3.90,0,0,0
33,64,2.10,164,0,0
57,65,2.60,0,0,0
34,71,0.70,0,0,0
61,40,0.50,0,0,0
44,69,0.50,0,0,0
40,69,2.33,0,0,0
51,45,0.60,131,0,0
37,62,0.70,0,0,0
44,172,4.30,391,1,1
42,24,1.00,0,0,0
51,80,4.90,0,0,0
43,8,0.67,88,0,0
30,38,0.80,129,0,0
45,93,2.60,0,0,0
35,55,2.00,0,0,0
60,64,1.70,0,0,0
34,122,0.00,0,0,0
55,70,1.40,0,0,0
43,81,3.20,0,0,0
41,159,5.50,0,1,1
34,70,1.30,0,0,0
65,150,6.90,196,0,0
45,152,7.50,0,0,0
49,195,3.00,617,0,1
48,22,0.10,0,0,0
60,22,1.30,123,0,0
55,79,0.80,0,0,0
42,33,1.40,0,0,0
32,128,4.33,0,1,0
62,91,3.80,0,0,0
57,39,0.90,0,0,0
52,121,7.30,167,0,0
36,21,0.67,0,0,0
34,41,2.30,0,0,0
63,45,0.70,0,0,0
24,51,0.30,0,0,0
57,165,1.60,0,0,1
40,119,4.20,0,0,1
27,110,1.80,190,0,0
65,20,0.70,0,0,0
60,64,0.80,248,0,0
44,101,4.40,82,0,1
63,101,3.90,0,1,1
59,99,4.40,0,0,1
56,158,6.10,0,0,1
54,89,1.90,0,0,0
52,80,1.30,0,1,0
58,114,2.00,402,0,0
60,49,0.50,0,0,0
28,191,6.33,0,0,0
54,78,1.00,0,0,0
32,28,1.00,0,0,0
59,42,0.80,0,0,0
63,140,2.50,0,0,0
48,45,1.30,0,0,0
56,122,0.30,360,1,0
36,65,2.60,0,0,0
57,68,1.40,0,0,0
29,153,2.00,392,0,0
39,89,1.40,0,0,0
59,91,2.60,0,0,0
31,55,2.00,185,0,0
43,118,3.30,0,0,0
35,22,0.67,103,0,0
54,63,1.40,138,0,0
51,12,0.50,78,0,0
44,50,2.70,0,0,0
25,43,1.60,0,1,0
40,173,6.60,0,1,1
26,60,3.00,132,0,1
39,113,1.00,0,0,0
28,155,5.30,0,0,1
52,91,1.00,0,0,0
53,55,1.10,0,0,0
44,173,1.40,419,0,0
43,71,0.30,0,0,0
56,24,0.40,88,0,0
38,42,2.00,81,0,0
30,141,4.33,0,0,0
32,32,1.90,0,0,0
35,55,1.30,0,0,0
43,153,7.50,0,0,0
58,113,1.40,270,0,0
25,30,1.70,0,0,0
54,29,1.00,148,0,0
57,174,6.80,466,0,1
50,35,0.30,0,0,0
32,98,2.00,175,0,0
63,30,1.00,159,0,0
31,58,2.50,0,0,0
36,25,1.00,147,0,0
58,19,0.70,0,0,0
56,44,0.70,174,0,0
49,20,1.00,111,0,0
30,98,3.10,220,0,0
33,90,1.60,0,0,0
45,61,0.70,0,0,0
30,40,2.00,0,0,0
47,38,2.10,0,0,0
25,28,1.70,0,0,0
63,34,1.50,0,0,0
55,73,2.30,0,0,0
65,133,2.00,0,0,1
44,53,0.20,0,0,0
51,21,0.60,0,0,0
35,40,0.90,0,0,0
30,41,1.70,0,0,0
31,82,1.80,0,0,0
54,100,3.40,0,0,1
45,155,7.00,0,0,0
45,45,0.20,0,0,0
58,9,0.30,0,0,0
54,48,1.80,0,0,0
53,18,0.10,109,1,0
33,80,3.40,0,0,0
60,64,2.80,0,0,0
50,29,0.10,0,0,0
26,48,0.70,0,0,0
54,23,0.40,0,0,0
28,84,0.20,0,0,0
36,179,6.60,0,0,1
29,30,1.50,112,0,0
54,93,4.90,133,1,0
55,39,1.90,0,0,0
61,60,0.50,182,0,0
36,133,3.80,290,1,0
45,125,2.40,0,0,0
64,58,1.80,0,0,0
60,89,2.80,0,0,0
49,82,2.67,125,0,0
47,110,3.30,0,0,0
60,54,2.30,0,0,0
45,89,1.90,0,0,0
32,42,2.30,0,0,0
52,41,1.90,0,0,0
35,38,1.00,124,0,0
40,85,0.40,0,0,0
53,83,1.00,0,0,0
27,33,1.00,0,0,0
58,50,2.10,0,0,0
47,58,3.60,0,0,0
28,115,3.10,0,0,1
46,145,6.30,0,1,0
43,161,7.50,0,0,0
56,38,0.20,0,0,0
28,28,0.80,0,0,0
42,75,2.33,0,0,0
32,35,1.30,116,0,0
62,24,1.00,116,0,0
37,78,0.10,0,0,0
51,113,1.30,161,0,0
39,75,2.10,224,0,0
43,91,5.70,0,0,0
52,31,0.20,141,0,0
30,45,1.80,0,0,0
52,80,0.80,0,0,0
61,50,1.40,112,0,0
36,31,1.00,0,0,0
58,113,3.80,119,1,1
47,29,0.60,0,0,0
64,59,1.50,139,0,0
52,43,1.30,0,0,0
58,122,3.00,115,0,1
48,29,1.00,0,0,0
64,91,0.00,0,0,0
58,65,2.20,0,0,0
47,22,1.00,0,0,0
49,71,1.40,0,0,0
31,60,2.00,0,0,0
61,60,2.00,0,0,0
51,69,0.30,0,0,0
28,48,1.75,89,0,0
39,21,0.20,0,0,0
54,53,2.80,0,0,0
50,29,0.90,0,0,0
30,60,2.20,0,0,0
64,42,0.50,116,0,0
29,69,0.30,0,0,0
48,20,1.00,0,0,0
35,200,3.00,458,0,0
60,141,2.10,0,0,0
55,81,3.70,0,0,0
29,183,8.30,0,0,1
48,149,5.50,0,1,1
43,83,3.60,0,0,1
66,35,1.90,172,0,0
25,13,0.90,0,0,0
45,39,2.40,0,0,0
34,21,0.50,0,0,0
48,10,0.70,0,0,0
32,84,1.80,0,0,0
50,30,0.10,161,0,0
43,31,0.30,156,0,0
64,182,1.20,547,0,1
60,114,6.90,0,0,0
43,152,6.10,0,0,1
60,53,0.80,0,0,0
64,24,0.40,78,0,0
44,150,3.30,0,0,0
60,132,6.00,470,0,0
54,68,1.60,0,0,0
33,53,1.20,0,0,0
56,173,4.60,88,1,1
29,30,1.00,0,0,0
25,113,0.20,0,0,0
60,15,0.80,0,0,0
55,84,3.70,304,0,0
39,88,1.40,0,0,0
37,43,2.80,0,0,0
53,43,2.10,0,1,0
34,90,2.70,0,0,0
42,34,0.30,104,0,0
60,38,1.30,0,0,0
50,173,1.00,0,0,0
41,160,8.00,0,0,0
25,44,0.60,0,0,0
50,83,0.40,0,0,0
48,94,2.60,0,0,0
32,43,2.10,0,0,0
50,42,1.70,0,0,0
59,34,0.30,0,0,0
50,39,1.90,0,0,0
44,70,0.10,0,0,0
31,39,1.80,185,0,0
40,44,2.00,0,0,0
36,69,3.10,0,0,1
51,44,0.90,0,0,0
64,32,0.10,0,0,0
47,15,0.70,0,0,0
52,118,6.80,112,0,0
51,62,1.30,221,0,0
31,82,2.20,0,0,0
39,54,3.00,108,0,0
30,48,2.10,0,0,0
27,74,0.30,0,0,0
41,113,1.00,211,0,0
53,81,1.70,0,0,0
54,43,1.00,169,0,0
28,34,1.80,0,0,0
34,48,2.50,105,0,0
61,54,1.20,129,0,0
48,75,1.40,0,0,0
36,72,2.80,224,0,0
56,39,0.90,0,0,0
24,75,0.20,0,0,0
64,79,2.80,179,0,0
26,205,6.33,271,0,0
33,65,0.10,89,0,0
64,122,0.20,378,0,1
39,82,0.80,0,0,0
54,21,0.20,0,0,0
32,50,2.10,0,1,0
62,39,2.80,113,1,0
27,101,1.90,0,0,0
53,41,0.60,0,0,0
51,132,0.30,0,0,0
25,43,2.40,176,0,0
44,131,4.90,0,0,1
31,11,0.40,76,0,0
57,21,0.30,117,0,0
25,109,2.30,314,0,0
30,141,4.33,0,0,0
40,81,0.10,0,0,0
63,54,2.40,90,0,0
35,164,7.80,0,0,0
43,28,0.30,87,0,0
27,68,2.60,203,0,0
44,44,2.00,180,1,0
49,61,1.40,0,0,0
61,35,1.30,0,0,0
60,54,0.30,0,0,0
59,14,0.10,0,0,0
28,52,2.20,230,0,0
52,101,0.30,0,0,0
28,149,7.20,0,0,0
34,35,0.80,137,1,0
60,21,0.30,129,0,0
39,118,1.90,0,0,0
30,38,2.00,0,0,0
49,24,0.20,138,0,0
43,59,3.70,0,0,0
63,41,1.67,0,0,0
28,85,0.80,0,0,0
51,12,1.00,0,0,0
33,32,0.60,152,0,0
55,79,0.80,0,0,0
53,175,3.60,0,1,1
34,28,0.90,0,0,0
34,41,0.10,161,0,0
40,70,2.10,185,0,0
49,161,6.50,485,1,1
35,53,2.20,0,0,0
39,128,3.40,0,0,0
55,50,1.00,0,0,0
29,80,2.00,0,0,0
54,93,2.70,0,0,0
25,48,0.30,0,0,0
52,149,6.80,0,0,0
46,49,2.50,0,0,0
57,88,2.70,0,0,0
52,22,0.40,0,0,0
28,55,2.20,0,0,0
44,72,0.70,155,0,0
24,38,1.70,0,0,0
40,114,3.40,300,0,0
34,83,4.00,0,0,0
39,101,0.40,0,0,0
50,94,4.90,272,0,0
41,40,2.50,0,1,0
31,128,6.00,0,0,0
29,39,2.10,0,0,0
30,51,1.00,0,0,0
44,79,2.00,0,1,0
33,48,2.20,0,0,0
50,85,0.00,144,0,0
42,41,1.80,94,0,0
48,152,3.50,0,0,1
24,125,7.20,0,0,0
56,11,0.20,90,0,0
28,103,2.50,0,0,0
56,141,0.50,0,0,0
58,38,1.40,0,0,0
29,135,0.60,0,0,0
63,28,0.50,89,0,0
28,70,2.20,240,0,0
57,41,0.20,0,0,0
34,81,0.90,208,0,0
28,170,0.10,0,0,1
27,55,1.70,0,0,0
37,24,1.50,0,0,0
52,81,1.80,275,0,0
49,32,1.80,83,0,0
65,129,1.30,0,0,0
60,108,0.90,0,0,0
37,180,8.60,0,0,0
63,139,6.90,0,0,0
40,33,1.40,0,0,0
46,74,2.60,0,0,0
63,42,0.70,115,0,0
57,73,3.00,0,0,0
33,115,2.90,0,0,1
41,114,1.80,0,0,0
41,92,1.90,131,0,0
44,34,0.30,78,0,0
33,54,1.67,122,0,0
52,64,1.00,211,0,0
30,42,0.20,100,0,0
45,70,2.10,0,0,0
49,51,1.30,0,0,0
45,71,2.90,218,1,0
32,35,1.30,108,0,0
45,40,1.00,0,0,0
57,165,2.70,0,0,1
61,18,1.50,0,0,0
57,32,1.40,0,1,0
60,35,0.20,169,0,0
40,120,6.10,196,0,0
53,31,0.10,0,0,0
42,35,1.50,0,0,0
62,32,0.20,0,0,0
43,85,3.70,327,0,0
35,139,7.80,0,0,0
50,103,0.30,0,0,0
45,152,1.40,0,0,0
52,33,2.00,0,0,0
35,84,2.20,322,0,0
58,61,1.70,0,0,0
62,64,2.20,123,1,0
50,34,1.30,0,0,0
25,82,2.10,0,0,0
47,122,5.10,163,0,1
28,58,1.50,131,0,0
34,92,2.80,0,0,0
49,78,2.40,205,0,0
54,129,4.20,0,0,1
50,13,0.70,0,0,0
37,81,2.80,145,0,0
38,23,0.67,0,0,0
52,35,0.90,0,0,0
63,79,1.70,0,0,0
39,165,3.30,0,0,0
63,52,2.80,0,0,0
65,185,2.00,0,0,1
46,49,2.20,0,0,0
54,64,1.80,227,0,0
54,61,2.00,0,0,0
52,112,2.40,0,1,0
63,72,2.00,190,0,0
66,18,0.50,0,0,0
56,41,2.50,0,0,0
23,61,2.60,239,0,0
65,105,3.00,282,1,1
51,23,0.20,0,0,0
34,22,0.50,85,0,0
49,59,2.10,0,0,0
29,33,2.00,160,0,0
47,11,0.90,103,0,0
46,204,2.80,0,0,0
52,61,1.80,207,0,0
55,103,1.80,364,0,0
61,51,1.50,0,0,0
34,164,6.00,0,0,1
58,12,0.10,0,0,0
40,82,3.60,0,0,0
43,164,2.40,449,0,0
35,48,1.67,0,0,0
24,38,0.60,0,0,0
48,65,1.50,0,0,0
44,71,1.90,207,0,0
54,18,0.30,0,1,0
59,52,1.60,75,0,0
45,48,2.50,113,0,0
26,30,1.00,111,0,0
40,40,2.20,107,0,0
32,112,3.80,81,0,0
29,115,1.90,0,0,0
51,63,1.00,82,0,0
42,85,3.70,0,0,0
64,59,2.50,220,0,0
44,68,0.80,91,0,0
37,84,1.80,0,0,0
44,62,0.80,0,0,0
35,109,4.00,0,0,1
41,141,7.60,92,0,0
56,129,7.40,0,0,0
62,30,0.70,0,0,0
58,148,4.70,0,0,0
47,25,0.67,0,0,0
35,21,1.30,115,0,0
29,72,2.20,0,0,0
43,59,0.90,87,0,0
62,83,1.80,187,0,0
41,10,0.30,0,0,0
34,84,0.60,0,0,0
50,98,2.00,0,0,0
47,32,1.00,0,1,0
29,31,0.40,161,0,0
59,94,0.50,0,0,0
56,21,0.20,137,1,0
61,110,4.40,0,0,0
58,38,2.20,0,0,0
49,39,1.40,0,0,0
45,132,1.20,0,1,1
50,61,2.60,0,0,0
64,92,2.00,0,0,0
39,119,6.10,0,0,0
58,53,2.10,0,0,0
62,18,1.30,0,0,0
45,114,4.40,0,0,1
58,90,3.00,0,0,0
43,140,7.00,205,0,0
28,90,3.30,0,0,0
26,85,1.90,0,0,0
49,80,1.20,0,0,0
66,53,1.10,0,0,0
33,49,2.20,0,0,0
61,152,3.30,0,0,1
64,138,2.80,0,0,1
36,80,2.20,0,0,0
49,82,2.40,0,0,0
52,195,8.10,0,0,0
61,22,1.20,0,0,0
32,81,2.50,0,0,0
61,40,2.20,0,1,0
45,154,2.80,0,0,0
30,49,1.10,0,0,0
62,85,3.40,0,0,0
57,21,0.10,0,1,0
41,14,1.00,0,0,0
58,60,1.60,0,0,0
29,138,4.33,0,0,0
53,98,1.30,355,0,0
64,22,0.60,0,0,0
49,49,1.20,0,0,0
38,102,1.90,0,1,0
56,45,0.70,0,0,0
56,82,1.30,0,0,0
52,81,1.80,0,0,0
64,35,1.50,0,0,0
53,59,1.90,0,0,0
29,52,1.10,0,0,0
48,84,0.70,166,0,0
32,85,2.70,100,0,0
54,65,0.20,0,0,0
37,89,1.70,314,0,0
47,109,1.80,0,0,1
37,81,2.80,0,0,0
64,38,1.10,108,0,0
43,72,1.70,0,0,0
33,78,2.00,119,0,0
26,172,6.90,0,0,1
42,71,2.33,106,0,0
54,165,4.10,0,1,1
41,120,3.90,0,0,0
55,39,0.20,0,0,0
65,23,0.70,0,0,0
50,135,4.60,91,0,1
55,12,0.20,76,0,0
62,92,0.70,0,0,0
53,192,6.40,0,0,1
32,42,0.80,0,0,0
56,158,3.70,0,0,1
54,194,6.00,587,1,1
44,160,7.60,0,0,0
48,98,6.30,0,0,0
46,164,7.60,0,1,0
45,42,2.50,0,0,0
45,202,10.00,0,0,1
58,10,0.70,0,0,0
29,31,0.30,0,0,0
55,58,0.90,0,0,0
55,65,2.80,0,0,0
41,98,4.00,0,0,0
24,150,2.00,0,0,0
54,44,2.30,0,0,0
57,15,0.20,0,0,0
30,82,2.50,0,0,0
42,61,0.50,0,0,0
29,38,2.00,0,0,0
29,39,2.10,0,0,0
31,173,6.00,0,0,0
47,8,0.20,0,0,0
36,51,2.00,214,0,0
52,62,1.80,82,0,0
54,34,0.70,0,0,0
55,132,5.90,307,0,1
53,44,1.50,0,0,0
52,162,8.10,0,0,0
64,64,2.20,0,0,0
54,111,0.10,0,0,0
32,41,2.00,0,0,0
63,52,1.67,0,0,0
36,65,2.20,0,0,0
50,130,1.10,0,0,1
33,45,0.10,0,0,0
62,35,1.90,118,0,0
49,65,0.70,263,0,0
41,38,0.70,91,0,0
51,42,1.10,0,0,0
56,45,1.50,0,0,0
51,145,0.30,0,0,0
39,33,1.50,0,0,0
61,60,1.40,0,0,0
35,45,2.00,0,0,0
39,72,2.40,0,0,0
37,34,0.20,0,0,0
48,23,0.67,0,0,0
63,45,1.00,88,0,0
35,28,1.00,75,0,0
55,81,3.80,0,0,0
29,72,0.70,81,0,0
61,49,1.67,0,0,0
36,31,1.20,0,0,0
61,63,2.20,0,0,0
36,150,5.40,0,1,1
58,142,3.90,193,0,0
42,74,3.00,0,0,0
30,24,0.40,81,0,0
45,29,1.90,0,0,0
39,79,2.40,0,0,0
27,94,0.20,310,0,0
57,121,4.30,0,0,0
34,54,2.00,0,0,0
64,73,2.40,0,0,0
47,71,0.80,127,0,0
44,29,1.00,0,0,0
51,93,2.70,0,0,0
40,73,1.50,252,0,0
57,19,0.90,0,0,0
33,58,0.10,0,1,0
46,39,0.20,0,0,0
41,23,1.40,0,0,0
33,29,0.60,127,0,0
27,155,0.80,0,0,0
52,90,2.60,0,0,0
59,113,2.00,77,0,0
62,42,1.80,0,0,0
49,30,0.20,0,1,0
45,19,0.50,0,0,0
63,124,5.00,170,0,1
57,30,0.70,145,0,0
60,28,1.50,124,0,0
50,15,1.00,101,0,0
54,70,1.60,265,0,0
28,10,0.10,0,0,0
60,22,0.30,139,0,0
44,70,1.90,0,0,0
61,61,1.60,0,0,0
40,161,3.30,0,0,0
54,29,0.80,0,0,0
43,35,0.50,0,0,0
54,48,2.80,0,0,0
32,44,0.80,0,0,0
24,88,0.80,134,0,0
30,40,2.10,0,0,0
61,21,0.40,123,0,0
40,58,2.80,0,0,0
35,59,0.10,0,0,0
33,74,4.00,0,0,0
63,84,1.90,0,0,0
57,58,0.20,177,0,0
44,154,8.80,0,0,0
51,185,1.70,0,0,0
51,78,1.20,305,0,0
38,55,1.10,0,0,0
31,30,0.30,0,0,0
54,74,2.00,0,0,0
41,118,3.30,0,0,0
57,182,3.30,372,0,1
24,82,1.60,0,0,0
55,29,1.50,79,0,0
32,120,5.40,301,1,1
38,53,2.40,0,0,0
58,43,1.40,0,0,0
29,59,2.20,232,0,0
43,84,2.60,289,1,0
50,161,3.40,212,0,1
62,21,0.40,137,0,0
57,63,0.70,0,0,0
30,172,3.40,0,0,1
30,51,0.20,172,0,0
57,24,0.70,0,0,0
57,95,1.60,0,0,0
43,59,2.40,250,0,0
28,51,1.80,0,0,0
46,28,1.00,84,0,0
29,154,2.00,130,0,0
64,15,0.30,115,0,0
66,55,1.67,0,0,0
23,149,6.33,305,0,0
60,79,1.80,0,0,0
47,68,2.60,0,0,0
35,78,2.60,0,0,0
57,34,2.00,0,0,0
65,195,0.40,0,1,1
53,184,8.10,303,0,0
44,85,3.20,0,0,0
45,200,8.80,0,0,0
41,64,0.50,0,0,0
51,88,2.60,0,0,0
27,42,2.40,0,0,0
31,91,1.60,126,0,0
32,38,0.30,0,1,0
55,28,1.50,0,0,0
55,32,0.10,0,0,0
42,31,0.30,0,0,0
33,22,0.40,103,0,0
65,95,3.70,138,0,1
35,74,1.30,0,0,0
55,22,1.50,91,0,0
28,43,0.10,0,0,0
27,43,1.00,0,0,0
51,112,1.80,0,1,0
50,9,1.00,0,0,0
58,81,0.00,0,0,0
46,131,5.70,256,0,0
62,19,1.50,0,0,0
38,62,0.70,0,0,0
62,19,0.40,124,0,0
56,8,0.30,0,0,0
61,193,4.70,203,0,1
38,129,4.40,140,0,1
55,30,0.70,0,0,0
30,80,1.80,0,0,0
41,22,1.50,0,0,0
57,33,1.50,0,0,0
36,64,2.10,0,0,0
55,60,2.20,84,0,0
30,81,2.90,259,0,0
40,45,0.60,204,0,0
32,112,1.80,0,0,0
59,83,3.40,0,0,1
44,180,7.60,524,0,0
51,28,0.20,0,0,0
37,169,5.20,249,0,1
59,14,0.70,0,0,0
37,43,2.00,0,0,0
56,88,0.30,0,0,0
55,78,2.60,0,0,0
49,68,0.20,163,0,0
46,144,3.30,0,0,0
35,30,1.00,163,0,0
47,120,0.00,135,0,0
39,24,0.30,0,0,0
27,78,2.30,157,0,0
62,135,5.20,0,0,1
57,44,1.60,0,0,0
55,73,3.80,0,0,0
55,90,2.70,0,0,0
41,58,0.50,0,0,0
57,75,3.70,236,0,0
43,174,1.70,231,1,1
40,50,1.70,174,0,0
43,85,4.00,287,0,0
63,54,2.20,0,0,0
63,83,3.40,0,0,1
54,24,0.20,0,0,0
54,45,1.10,205,0,0
52,68,0.80,0,0,0
50,48,0.10,0,0,0
38,114,1.00,0,0,0
36,142,2.30,0,1,1
58,52,0.50,0,0,0
46,142,3.30,0,0,0
50,15,0.40,0,0,0
46,118,4.70,159,0,0
53,101,4.90,0,0,0
62,84,2.80,0,0,0
63,32,1.90,100,0,0
42,64,0.50,247,0,0
34,81,3.40,0,0,0
40,28,1.50,0,0,0
34,93,0.00,0,0,0
41,185,3.60,0,0,1
32,42,1.80,0,0,0
28,45,1.60,0,0,0
33,49,1.67,214,0,0
46,69,2.10,0,0,0
52,94,2.80,333,0,0
60,18,1.50,0,0,0
59,8,0.70,91,0,0
57,55,2.10,108,0,0
46,85,0.40,0,0,0
25,62,0.00,229,0,0
53,65,2.00,0,0,0
38,138,0.00,0,0,0
63,103,2.50,0,0,0
44,99,3.50,357,0,1
50,152,7.30,0,0,0
28,25,0.90,140,0,0
27,98,2.50,361,1,0
52,39,0.70,166,0,0
50,40,1.30,0,0,0
39,58,2.10,169,0,0
50,192,1.80,301,1,1
60,62,0.80,0,0,0
30,69,0.80,0,0,0
31,40,1.30,170,0,0
39,61,0.60,127,0,0
29,30,0.30,157,0,0
54,29,1.50,97,0,0
35,41,1.00,0,0,0
27,118,3.30,0,0,1
45,109,7.00,366,0,0
58,122,0.20,0,1,1
62,50,1.50,169,0,0
28,43,0.10,0,0,0
32,108,4.60,0,0,0
29,110,2.50,0,0,1
41,20,1.40,0,0,0
61,112,1.70,0,0,0
56,25,0.10,136,0,0
37,42,0.70,0,0,0
60,29,0.30,0,0,0
49,84,2.10,134,0,0
43,81,2.60,0,0,0
53,55,0.90,119,0,0
35,40,2.40,0,0,0
56,145,5.70,0,1,1
41,175,1.10,0,0,1
36,78,1.80,163,0,0
56,51,1.50,0,0,0
64,50,1.67,0,0,0
51,21,0.40,0,0,0
49,79,0.20,83,0,0
43,84,4.00,0,0,0
51,34,0.40,0,0,0
55,73,1.60,0,0,0
62,90,0.50,0,0,0
35,23,0.20,0,0,0
53,145,6.10,294,1,1
33,54,0.20,141,0,0
43,49,2.20,103,0,0
58,51,2.80,0,0,0
63,8,0.60,0,0,0
31,62,1.00,0,0,0
36,25,0.67,0,0,0
30,63,1.75,0,0,0
59,24,0.20,86,0,0
28,11,0.10,0,0,0
59,23,0.10,0,0,0
47,33,1.40,0,0,0
47,83,3.80,97,0,1
56,39,1.40,131,0,0
41,138,6.90,0,0,1
25,113,2.50,0,0,0
30,125,0.50,0,1,1
50,195,1.70,0,0,0
34,105,1.20,0,0,0
44,75,3.50,0,0,1
36,40,1.00,0,0,0
39,61,0.50,137,0,0
54,75,4.50,0,0,0
33,122,0.00,0,0,0
39,75,3.00,0,0,0
41,59,0.20,0,0,0
40,24,1.00,0,0,0
29,175,3.30,329,0,1
51,39,0.80,182,0,0
54,145,6.80,0,0,0
47,24,0.40,142,0,0
53,20,0.10,0,0,0
30,85,2.60,0,0,0
28,65,2.60,0,0,0
60,191,5.60,0,0,1
51,11,0.00,0,0,0
63,40,1.00,167,0,0
38,54,0.70,196,0,0
59,95,3.80,0,0,0
53,94,1.00,0,0,0
31,79,2.20,0,0,0
41,48,0.30,0,0,0
25,70,2.60,0,0,0
27,40,0.10,111,0,0
50,44,1.80,0,0,0
50,43,1.40,137,0,0
43,29,0.30,0,0,0
50,188,1.30,184,0,1
46,114,0.00,0,0,0
30,52,0.70,0,0,0
42,13,0.20,0,0,0
42,95,0.50,0,0,0
29,84,2.90,0,0,0
38,49,1.80,0,0,0
51,181,1.70,0,0,0
35,182,0.30,229,1,1
37,70,2.70,0,0,0
47,79,1.10,185,0,0
55,61,2.80,0,0,0
65,121,2.10,0,0,0
58,34,0.20,83,0,0
54,183,1.00,442,0,0
52,51,1.60,0,0,0
28,70,0.30,0,0,0
32,39,1.70,0,0,0
51,84,2.00,0,0,0
43,122,7.00,0,0,0
42,145,1.70,132,0,0
42,98,0.40,0,0,0
41,79,1.00,233,0,0
34,38,2.00,0,0,0
30,49,0.70,196,0,0
32,38,1.00,0,0,0
46,91,2.60,0,0,0
38,29,0.20,0,0,0
37,172,6.50,0,0,0
32,104,3.70,0,0,1
35,58,2.50,0,0,0
30,171,1.90,0,0,1
30,73,3.30,0,1,1
58,191,2.90,0,0,0
57,90,4.50,0,0,0
34,55,2.30,0,1,0
31,28,2.00,0,0,0
39,42,2.50,0,0,0
57,9,0.10,91,0,0
47,65,1.50,0,0,0
51,134,4.50,0,1,1
30,83,3.40,0,0,0
55,38,1.00,0,0,0
32,13,0.30,0,0,0
32,143,2.90,0,0,1
44,75,1.90,0,0,0
33,120,3.20,0,0,1
49,91,2.80,0,0,0
32,99,1.50,0,0,0
31,71,0.10,78,0,0
37,111,0.80,0,0,0
41,108,5.20,0,0,0
56,158,7.40,0,0,0
55,81,2.67,0,0,0
49,12,0.10,0,1,0
63,21,0.40,0,0,0
55,55,0.90,215,0,0
59,42,1.80,0,0,0
41,81,0.40,0,0,0
49,13,0.20,87,0,0
48,132,0.60,157,0,0
41,99,1.00,0,0,0
50,23,0.20,0,0,0
28,40,2.00,0,0,0
36,181,1.40,0,0,1
38,112,2.20,394,0,0
34,138,7.80,227,0,0
41,94,3.80,327,1,1
43,113,1.70,0,0,0
30,112,5.00,0,0,1
37,190,3.00,475,0,0
62,38,1.10,0,0,0
40,32,1.40,158,0,0
35,104,0.60,0,0,0
64,43,1.90,0,0,0
49,45,1.70,0,0,0
24,35,1.70,0,0,0
36,42,1.20,0,0,0
29,58,0.80,0,0,0
29,103,3.40,0,0,1
28,71,3.30,149,1,1
33,14,0.40,98,0,0
36,98,1.20,0,0,0
42,90,0.10,0,0,0
25,65,0.20,0,0,0
28,19,0.40,0,0,0
50,35,1.70,0,0,0
34,71,1.30,0,0,0
43,31,0.50,0,0,0
62,43,1.20,0,0,0
61,24,1.50,87,0,0
45,58,0.40,0,0,0
42,115,0.40,0,0,0
39,168,8.00,152,0,0
29,128,1.50,0,0,0
45,138,7.00,0,0,0
58,81,1.70,0,0,0
29,41,1.30,0,0,0
32,123,2.90,0,0,1
37,71,2.70,94,0,0
48,8,0.40,0,0,0
40,42,0.70,101,0,0
29,62,2.50,184,0,0
36,22,1.00,91,0,0
35,38,1.00,0,0,0
35,24,0.40,0,0,0
62,50,2.40,0,0,0
26,190,1.30,197,0,1
32,94,3.10,0,0,0
63,165,5.10,0,0,1
38,43,1.20,0,0,0
50,48,1.60,0,0,0
46,52,2.70,228,0,0
50,84,4.90,0,0,0
61,131,0.90,0,0,0
34,44,0.20,0,0,0
27,78,0.20,87,0,0
61,15,0.40,0,0,0
45,38,1.90,144,0,0
50,84,1.30,0,0,0
44,122,0.30,0,0,0
62,98,2.80,0,0,0
45,80,2.67,0,0,0
41,165,8.00,0,0,0
30,121,3.30,0,0,0
61,20,0.40,94,0,0
45,11,0.20,91,0,0
59,45,1.80,0,0,0
30,118,2.80,0,0,1
60,14,0.30,109,0,0
39,30,0.20,0,0,0
56,45,0.20,98,0,0
56,80,2.67,0,0,0
27,25,0.30,0,0,0
66,144,2.50,0,1,0
43,84,0.20,297,0,0
53,22,0.40,0,0,0
44,33,1.50,0,0,0
54,60,2.60,0,0,0
31,81,2.20,116,0,0
38,169,6.80,0,1,1
28,63,1.60,0,0,0
51,12,0.70,109,0,0
52,15,0.80,101,0,0
64,39,0.50,0,1,0
29,44,2.00,0,0,0
34,110,4.00,0,0,0
33,130,6.30,99,0,1
46,41,1.40,128,0,0
48,59,1.40,241,0,0
52,39,0.80,0,0,0
44,35,0.00,0,0,0
51,80,2.60,0,0,0
47,81,2.67,0,0,0
39,31,0.80,0,0,0
42,93,1.90,0,0,0
57,45,1.50,204,0,0
36,40,0.60,0,0,0
27,80,1.60,185,0,0
31,20,0.40,0,0,0
63,41,0.50,0,0,0
34,31,0.30,104,0,0
52,35,0.20,0,0,0
57,40,1.40,137,0,0
63,84,1.80,0,0,0
26,53,1.60,0,0,0
35,85,4.00,0,0,0
58,138,3.90,0,0,0
32,71,1.75,108,0,0
64,113,0.80,0,0,0
50,23,1.00,0,0,0
34,62,2.30,0,0,0
36,14,0.20,100,0,0
43,60,2.20,0,0,0
28,94,0.80,236,0,0
64,83,1.80,0,0,0
60,130,6.30,437,1,1
62,61,1.70,0,0,0
27,92,3.10,178,0,0
42,20,0.80,117,0,0
45,194,8.80,428,0,0
36,74,2.50,0,0,0
48,84,0.40,145,0,0
65,98,1.80,333,0,0
39,52,2.33,0,0,0
51,55,1.30,236,0,0
30,64,3.40,117,0,0
65,128,2.50,162,0,0
38,113,1.70,0,0,1
29,50,1.10,0,0,0
42,54,2.20,0,0,0
63,129,0.90,366,0,0
46,82,0.40,0,0,0
62,100,1.70,0,0,0
58,44,2.20,0,0,0
56,164,0.50,234,1,1
56,81,3.70,121,0,0
34,71,0.10,257,0,0
42,28,0.50,90,0,0
30,80,1.50,219,0,0
61,90,1.90,0,0,0
38,74,3.60,0,0,0
50,14,0.70,0,0,0
61,23,0.50,103,0,0
41,153,1.70,337,0,0
42,38,0.90,0,0,0
29,112,2.00,382,0,0
51,145,8.10,397,0,0
32,28,0.30,88,0,0
34,31,1.10,0,0,0
26,195,6.33,0,0,0
54,50,2.00,0,0,0
38,71,2.00,0,0,0
62,21,0.30,0,0,0
37,35,0.80,125,0,0
46,42,2.40,0,0,0
52,78,3.60,141,0,0
32,73,2.20,0,0,0
49,53,1.00,181,0,0
28,51,1.60,123,0,0
55,40,2.30,0,0,0
52,178,1.00,0,0,0
32,35,0.30,0,0,0
31,192,0.00,0,0,1
27,123,5.40,0,0,0
32,48,1.67,0,1,0
52,45,0.60,0,0,0
52,15,0.20,0,0,0
50,79,0.30,120,0,0
32,63,2.00,0,0,0
61,30,0.20,0,0,0
60,145,6.90,380,0,1
28,32,1.00,0,0,0
34,64,0.10,224,0,0
31,84,0.10,0,0,0
31,21,0.40,0,0,0
62,99,1.70,0,0,0
47,35,1.30,0,0,0
50,180,1.70,0,0,0
36,42,1.33,0,0,0
26,179,2.10,0,0,1
51,42,0.10,0,0,0
52,180,9.00,297,0,1
35,82,3.40,0,0,0
42,55,0.70,149,0,0
36,79,2.20,0,0,0
41,48,0.60,215,0,0
49,93,2.70,0,0,0
57,23,0.20,0,0,0
44,50,2.33,200,0,0
60,85,2.00,0,0,0
38,35,1.50,97,0,0
26,171,6.00,0,0,1
29,29,1.50,0,0,0
59,84,1.80,0,0,0
51,20,0.50,0,0,0
50,14,0.40,0,0,0
35,179,8.60,357,0,0
61,48,0.80,158,0,0
42,74,2.80,0,0,0
55,53,1.40,0,0,0
50,83,2.80,0,0,0
64,171,2.10,433,0,0
54,85,4.90,0,0,0
50,38,0.90,0,0,0
31,85,1.60,157,0,0
32,79,0.10,0,0,0
44,69,0.40,0,0,0
60,43,0.90,0,0,0
60,33,0.30,101,0,0
62,42,0.10,149,0,0
46,40,1.90,122,0,0
57,43,1.80,0,0,0
30,20,0.50,117,0,0
58,65,2.50,222,0,0
39,139,3.40,483,0,1
60,135,0.30,0,0,1
59,84,1.60,0,0,0
50,179,2.90,0,0,1
63,45,1.30,86,0,0
27,109,2.50,0,0,0
54,34,0.10,0,0,0
62,162,1.30,0,0,0
60,105,1.40,0,0,0
38,22,0.20,0,0,0
34,82,1.80,178,0,0
65,105,1.70,230,0,0
55,62,1.80,0,0,0
57,82,2.00,83,0,0
27,72,0.00,0,0,0
35,38,1.70,0,0,0
52,25,1.00,0,0,0
45,20,0.75,0,0,0
29,80,1.80,0,0,0
44,84,1.10,0,0,0
47,33,1.00,0,0,0
62,55,0.90,0,0,0
52,33,0.70,0,0,0
47,190,0.30,305,0,1
42,43,0.30,158,0,0
65,45,0.10,0,0,0
42,141,3.50,0,0,0
40,69,2.40,0,0,0
32,78,0.10,0,0,0
40,84,3.70,0,0,0
55,172,5.20,0,0,1
32,51,0.20,154,0,0
58,75,1.40,0,0,0
46,183,3.10,0,1,1
53,20,0.40,0,0,0
63,101,3.90,294,0,1
40,129,5.90,0,0,1
41,63,3.20,0,0,0
60,44,2.10,0,0,0
65,184,5.40,176,1,1
59,100,2.00,127,0,0
48,12,0.40,0,0,0
59,68,2.30,128,0,0
33,48,1.00,212,0,0
40,82,0.40,0,0,0
42,52,2.50,0,0,0
65,154,4.60,0,1,1
30,39,1.50,0,0,0
30,40,0.30,0,1,0
42,54,1.90,164,0,0
32,32,1.00,103,1,0
55,64,2.30,0,0,0
29,92,1.30,287,0,0
64,40,2.50,94,0,0
37,60,0.50,0,0,0
31,85,1.30,119,0,0
25,21,0.40,90,0,0
31,35,0.60,171,0,0
32,52,0.10,0,0,0
58,128,7.40,0,0,0
26,195,6.33,0,0,0
51,68,1.50,117,0,0
65,55,1.10,0,0,0
43,55,0.20,0,0,0
46,80,0.40,0,0,0
28,123,0.80,146,0,0
63,90,1.90,106,0,0
59,61,1.40,0,0,0
42,41,2.50,0,0,0
58,43,1.60,0,0,0
39,71,0.10,162,0,0
36,25,1.00,0,0,0
60,154,3.00,0,1,1
47,141,2.40,0,0,0
29,22,0.90,110,0,0
52,145,6.80,0,0,0
41,49,0.50,0,0,0
63,109,2.00,0,0,0
59,80,0.50,0,0,0
44,82,1.40,201,0,0
54,52,2.50,0,0,0
29,85,2.50,0,0,0
51,148,1.00,0,0,0
63,160,2.10,0,0,0
36,39,1.70,0,0,0
42,25,0.80,0,0,0
51,33,1.40,0,0,0
47,38,2.50,0,0,0
40,85,0.20,0,0,0
54,48,0.20,0,0,0
47,15,0.60,77,0,0
35,94,0.00,174,0,0
28,120,0.60,0,0,0
45,60,0.70,159,0,0
33,145,4.33,277,0,0
62,29,0.70,0,0,0
45,78,2.67,0,0,0
59,59,1.20,0,0,0
58,80,4.50,0,0,0
52,180,1.00,0,0,0
34,8,0.10,83,0,0
65,23,1.50,0,0,0
48,79,3.80,0,0,0
44,78,3.80,268,0,0
61,64,0.00,0,0,0
40,64,0.20,0,0,0
65,160,3.80,237,0,1
28,43,1.00,102,0,0
67,32,1.10,0,0,0
35,179,0.00,76,0,0
60,8,0.10,0,0,0
58,63,1.60,0,0,0
55,40,2.30,0,0,0
34,99,2.20,155,0,0
35,141,4.50,0,0,1
28,159,1.50,0,0,0
38,39,0.30,174,0,0
62,99,1.70,0,0,0
30,18,0.30,0,0,0
38,38,0.30,0,0,0
33,133,0.00,0,0,0
58,84,2.80,0,0,0
59,60,0.00,0,0,0
52,178,5.40,147,0,1
36,18,0.50,0,0,0
45,73,0.80,0,0,0
49,125,7.30,0,0,0
52,91,4.30,0,1,1
54,74,1.10,0,0,0
30,35,0.30,0,0,0
65,113,2.00,0,0,0
34,52,2.20,0,0,0
30,191,4.40,0,0,1
51,18,0.30,93,0,0
52,25,0.00,0,0,0
43,50,1.90,0,0,0
35,75,0.70,0,0,0
56,92,4.50,0,0,0
57,33,2.00,0,0,0
58,65,2.20,0,0,0
53,44,1.70,0,0,0
45,183,1.40,354,0,0
44,175,1.40,0,0,0
54,28,1.50,0,0,0
41,49,2.20,0,0,0
52,45,1.80,0,0,0
43,64,3.00,221,0,1
63,22,0.10,90,0,0
54,120,7.40,119,0,0
33,175,6.70,102,0,0
25,101,2.30,256,0,0
41,104,1.00,0,0,0
40,155,0.10,0,1,1
43,58,2.40,0,0,0
36,80,2.20,0,0,0
57,45,1.80,195,0,0
34,134,4.60,164,0,0
38,58,2.00,153,0,0
47,20,0.20,0,0,0
39,25,1.50,0,0,0
45,55,0.30,0,0,0
62,155,1.30,0,0,0
59,30,1.30,0,0,0
61,39,0.40,0,0,0
36,73,2.00,188,0,0
58,41,1.30,0,0,0
55,34,0.10,157,0,0
29,21,0.90,119,0,0
34,11,0.30,0,1,0
61,154,6.90,0,0,0
50,19,0.40,0,0,0
52,101,2.40,0,0,0
39,24,1.00,116,0,0
55,131,2.70,0,0,0
33,105,4.00,0,0,0
47,52,1.20,194,0,0
57,21,0.90,113,0,0
57,45,1.40,198,0,0
40,39,2.00,0,0,0
50,192,2.80,238,0,0
29,195,4.30,0,0,0
46,83,0.70,0,0,0
42,34,1.00,0,0,0
59,49,1.70,104,0,0
31,60,4.00,244,0,0
51,41,1.80,0,0,0
35,72,2.30,285,0,0
59,102,3.00,115,0,1
35,31,1.30,0,0,0
46,73,1.50,128,0,0
34,89,0.00,0,0,0
55,19,0.70,121,0,0
64,63,1.20,0,0,0
34,104,1.20,0,0,0
61,40,0.80,128,0,0
63,92,0.00,0,0,0
59,72,0.70,226,0,0
51,44,1.90,141,0,0
41,114,3.50,0,0,1
37,73,2.40,0,0,0
64,63,1.20,0,0,0
44,69,0.80,184,1,0
62,42,1.50,0,0,0
50,88,2.70,0,0,0
43,98,0.40,0,0,0
34,65,3.00,227,0,1
38,12,0.30,104,0,0
29,122,3.00,0,0,1
39,12,0.00,0,0,0
53,24,0.20,0,0,0
43,170,4.25,318,1,1
61,184,2.30,342,1,1
46,25,0.60,125,0,0
57,131,2.70,0,0,0
59,50,2.30,0,0,0
52,21,0.40,0,0,0
29,55,1.10,0,0,0
57,124,0.20,0,0,1
49,58,2.60,188,0,0
39,72,2.80,0,0,0
56,192,7.00,0,1,1
63,83,1.80,0,0,0
37,93,2.80,0,0,0
56,38,1.00,110,0,0
45,55,1.90,164,0,0
66,11,0.10,0,0,0
40,85,0.40,0,0,0
50,124,4.90,266,0,0
60,129,6.00,0,0,0
31,180,4.30,0,0,0
40,74,1.40,0,0,0
36,138,7.00,86,0,1
55,111,3.60,0,0,1
54,83,0.80,0,0,0
35,33,1.70,87,0,0
55,21,0.70,0,0,0
36,35,0.30,98,0,0
66,105,0.80,0,1,0
38,103,0.80,0,0,0
58,75,2.30,0,0,0
41,33,0.70,104,0,0
60,52,1.70,0,0,0
47,89,2.60,0,1,0
62,63,2.50,0,0,0
48,84,3.10,0,1,1
61,44,2.10,0,0,0
29,29,1.00,0,0,0
45,29,0.30,0,0,0
39,22,0.30,0,0,0
31,53,2.20,114,0,0
39,24,0.30,0,0,0
63,153,1.30,455,0,0
28,31,0.30,0,0,0
56,21,0.70,0,0,0
31,180,6.70,0,0,0
46,82,0.70,0,0,0
42,90,0.80,245,0,0
53,154,7.40,0,0,1
41,99,1.80,0,0,0
61,153,2.60,0,1,1
31,93,3.10,0,0,1
62,53,0.00,0,0,0
59,18,1.30,104,1,0
49,70,2.90,0,0,0
65,100,1.70,0,0,0
30,193,6.30,0,0,1
32,125,0.00,0,0,0
56,68,0.00,0,0,0
36,55,2.00,95,0,0
58,152,3.60,0,0,1
27,84,1.50,0,0,0
41,13,0.00,0,0,0
59,33,0.40,131,0,0
56,89,1.00,90,0,0
52,93,2.40,0,0,0
35,68,1.80,0,0,0
47,85,1.70,0,0,0
29,73,0.80,0,0,0
31,83,2.20,106,0,0
62,158,6.30,0,0,1
48,182,6.00,0,0,1
26,24,0.90,123,0,0
60,102,2.00,0,0,0
35,53,2.80,0,0,0
40,175,3.30,0,0,0
31,28,1.00,0,0,0
50,14,0.80,0,0,0
33,139,4.00,106,1,1
37,34,0.90,0,0,0
38,64,1.50,0,0,0
63,84,0.10,0,0,0
57,42,0.50,0,0,0
61,63,1.60,0,0,0
37,100,1.20,341,0,0
51,190,4.20,0,0,1
44,22,1.00,91,0,0
63,20,0.80,0,0,0
43,21,1.40,0,0,0
38,25,0.40,101,0,0
34,20,1.10,0,0,0
48,173,0.20,0,1,1
29,81,2.50,0,0,0
37,139,0.80,421,0,1
60,119,3.90,0,0,0
46,74,2.60,104,0,0
34,42,1.50,131,0,0
56,73,1.10,0,0,0
57,114,5.20,0,1,1
62,44,1.00,0,0,0
32,141,4.33,0,0,0
51,14,0.00,103,0,0
55,33,0.40,0,0,0
60,83,2.00,249,0,0
40,89,0.80,155,0,0
62,39,2.20,0,0,0
63,83,2.00,0,0,0
60,108,2.00,359,0,0
59,21,1.30,0,0,0
26,102,1.90,0,0,0
56,48,1.60,0,0,0
58,32,1.40,0,0,0
57,43,0.20,0,0,0
48,35,0.40,118,0,0
30,184,6.00,0,0,0
45,140,7.60,132,0,0
64,32,0.70,0,0,0
44,149,1.70,0,0,0
51,15,0.60,0,0,0
43,71,2.33,0,0,0
29,108,1.80,0,0,0
56,122,0.50,0,0,0
65,40,0.10,0,0,0
46,198,6.67,0,0,0
48,79,1.40,0,0,0
56,84,0.10,0,0,0
61,31,0.40,0,0,0
46,12,0.60,0,0,0
58,88,1.60,0,0,0
31,29,0.30,131,0,0
27,201,6.33,158,0,0
44,20,1.40,0,0,0
44,15,1.00,0,0,0
51,155,0.40,107,0,0
39,25,0.20,0,0,0
32,200,6.50,565,0,0
33,101,2.70,233,0,0
40,19,0.40,0,0,0
36,188,6.50,0,0,0
52,8,0.30,0,0,0
54,59,2.30,152,0,0
26,72,2.60,0,1,0
39,55,1.50,0,0,0
46,24,0.67,0,0,0
57,19,1.30,0,0,0
59,71,2.30,150,0,0
52,54,1.50,0,0,0
52,28,0.30,0,0,0
50,25,0.40,0,0,0
41,51,0.60,0,0,0
43,125,2.40,0,0,1
25,88,1.80,319,0,0
40,125,2.20,0,0,0
35,79,2.10,182,0,0
60,31,0.40,0,0,0
57,131,2.70,394,0,0
44,70,0.20,230,0,0
61,38,0.90,82,0,0
33,83,2.50,0,1,0
45,59,2.40,0,1,0
45,121,4.70,0,0,0
64,42,0.70,137,0,0
50,32,1.80,109,0,0
28,29,0.80,135,0,0
37,40,1.10,0,0,0
62,25,0.30,0,0,0
29,21,0.40,89,0,0
49,79,0.70,151,0,0
46,52,2.10,221,0,0
60,61,1.70,229,0,0
55,25,0.20,0,0,0
33,155,7.40,0,0,1
53,25,0.40,0,0,0
50,80,4.90,0,0,0
28,55,1.70,0,0,0
42,23,0.00,0,0,0
33,60,1.20,0,0,0
40,54,0.70,0,0,0
31,44,0.80,0,0,0
41,33,0.00,0,0,0
52,45,2.00,121,0,0
65,55,1.67,89,0,0
48,134,5.00,0,0,0
45,44,0.60,0,0,0
26,149,7.20,154,0,0
64,22,0.20,0,0,0
41,74,2.33,0,0,0
43,128,5.30,84,0,1
60,62,2.20,0,0,0
62,9,0.10,94,0,0
46,9,0.70,0,0,0
36,15,0.30,119,0,0
31,28,0.80,0,0,0
43,83,0.50,0,0,0
46,73,0.80,117,0,0
50,42,1.10,151,0,0
52,34,0.70,114,0,0
27,32,1.00,0,0,0
34,68,2.80,0,0,0
49,82,2.90,267,0,0
52,19,0.70,0,0,0
37,60,2.80,181,0,0
53,192,1.70,601,0,0
54,119,2.00,0,1,1
29,190,4.50,0,0,0
35,34,1.50,0,0,0
32,44,0.20,0,1,0
38,23,0.20,0,0,0
44,171,0.70,567,1,1
44,43,0.30,0,0,0
48,139,0.00,0,1,0
46,118,5.70,0,1,0
35,113,0.80,0,0,1
56,98,3.90,0,0,1
49,70,2.90,0,0,0
57,42,2.10,0,0,0
35,143,8.60,0,0,0
44,185,2.70,0,0,1
38,28,0.40,100,0,0
57,45,1.50,181,1,0
35,78,2.60,0,0,0
29,121,1.30,0,0,0
58,59,1.60,0,0,0
40,64,2.67,0,0,0
51,15,0.00,114,0,0
61,10,0.10,0,0,0
46,61,0.40,0,0,0
55,50,1.50,0,0,0
35,79,2.10,0,0,0
60,35,0.20,0,0,0
28,11,0.50,0,0,0
43,128,4.70,0,0,0
61,55,0.90,0,0,0
48,79,0.70,0,0,0
65,18,0.40,0,1,0
45,91,1.70,0,0,0
36,9,0.20,0,0,0
45,62,2.20,0,0,0
60,59,1.60,231,0,0
47,25,0.10,148,0,0
32,54,1.30,0,0,0
48,112,5.10,86,1,1
33,125,0.00,0,0,0
49,194,8.30,0,0,1
56,161,5.80,0,0,1
59,35,0.20,171,0,0
56,113,2.70,352,0,0
30,25,0.30,0,0,0
59,45,2.00,0,0,0
38,119,7.80,221,0,0
47,30,0.40,115,0,0
54,79,3.80,0,0,0
34,178,0.80,0,0,1
41,23,0.30,118,0,0
47,171,1.40,284,0,0
44,74,1.90,0,0,0
43,103,1.00,180,0,0
31,99,4.00,0,0,0
28,43,1.30,0,0,0
55,23,0.40,88,0,0
42,91,0.10,199,0,0
53,93,2.70,256,0,0
30,154,6.00,0,0,0
65,21,0.10,0,0,0
43,65,2.20,0,0,0
56,15,0.10,0,0,0
25,52,2.60,159,0,0
35,30,1.30,0,1,0
50,42,1.60,0,0,0
36,20,0.30,97,0,0
34,60,2.20,0,0,0
32,54,1.80,167,0,0
51,60,2.60,97,0,0
52,41,1.00,0,0,0
65,30,0.70,0,0,0
51,21,1.00,0,0,0
37,105,0.80,0,0,0
35,65,2.80,240,0,0
67,20,0.40,80,0,0
30,179,4.90,142,0,1
62,161,2.90,0,1,0
42,82,3.70,0,0,0
48,43,1.20,112,0,0
61,61,2.80,0,0,0
36,90,1.80,0,0,0
48,90,2.60,334,0,0
65,21,0.40,0,0,0
25,118,5.40,0,0,0
55,44,2.00,0,0,0
63,110,4.10,0,0,1
31,99,1.80,268,0,0
43,98,1.10,0,0,0
28,69,0.70,80,0,0
37,82,0.90,218,0,0
27,112,2.50,389,0,0
62,123,2.90,0,0,0
51,78,2.67,0,0,0
56,59,0.80,159,0,0
56,78,1.70,0,0,0
44,49,1.90,89,0,0
46,82,2.67,0,0,0
56,125,0.60,342,1,1
56,185,2.90,0,0,0
57,163,7.40,0,0,0
31,19,1.10,104,1,0
65,115,1.70,0,0,0
31,81,2.00,0,1,0
36,93,2.80,0,0,0
56,111,0.30,372,1,1
52,184,8.10,0,0,0
42,50,2.20,0,0,0
55,55,1.70,0,0,0
49,13,0.40,101,0,0
51,29,0.10,0,0,0
26,72,2.60,0,0,0
32,83,2.60,0,0,0
54,98,0.10,0,0,0
50,43,0.10,0,0,0
59,34,0.20,0,0,0
61,10,0.40,0,0,0
43,201,6.67,0,0,0
39,85,1.20,107,0,0
56,50,1.40,0,0,0
38,91,0.00,0,0,0
25,112,2.00,241,0,0
42,98,0.40,275,0,0
42,115,0.30,0,0,0
50,22,0.50,112,0,0
56,101,1.70,0,0,0
43,83,3.80,112,0,0
60,52,0.50,0,0,0
42,191,4.80,0,1,1
57,134,0.90,198,0,1
48,54,1.60,186,0,0
37,69,2.10,0,0,0
57,64,1.60,0,0,0
62,53,1.67,142,0,0
39,118,6.00,246,1,1
38,19,1.40,120,0,0
54,31,0.40,0,0,0
45,63,0.80,245,0,0
39,25,1.40,0,0,0
45,22,0.20,0,0,0
62,78,1.80,0,0,0
43,81,0.30,218,0,0
30,41,2.40,0,0,0
35,62,2.30,0,0,0
58,35,1.20,0,0,0
44,30,0.60,0,0,0
56,51,1.00,0,0,0
28,140,2.00,0,0,0
64,73,2.40,185,0,0
63,40,1.20,0,0,0
44,69,0.80,0,0,0
34,191,4.80,0,1,1
50,82,3.00,0,0,0
51,181,3.30,589,1,1
30,38,1.90,0,0,0
55,23,0.20,0,0,0
57,55,1.80,0,0,0
43,58,3.20,0,0,0
61,29,0.50,0,0,0
49,39,2.60,0,0,0
52,39,1.90,83,1,0
57,30,1.50,151,0,0
53,58,2.00,0,0,0
52,62,1.80,231,0,0
39,62,2.40,86,0,0
58,19,1.20,0,0,0
36,38,1.50,0,0,0
45,84,2.00,0,0,0
30,78,2.60,0,0,0
49,22,0.20,83,0,0
44,81,2.00,277,0,0
43,32,0.50,0,0,0
42,89,0.80,184,0,0
29,121,3.30,0,0,0
28,42,1.50,0,0,0
50,130,1.00,0,0,0
44,30,0.00,0,0,0
52,114,4.90,0,0,0
28,155,6.33,0,0,0
62,50,1.10,0,0,0
34,34,1.50,111,0,0
45,94,0.50,0,0,0
52,114,2.40,0,0,0
43,89,0.50,108,0,0
54,49,1.40,0,0,0
64,115,2.00,0,0,0
27,148,1.50,397,0,0
42,72,1.10,203,0,0
28,114,2.10,0,0,0
47,11,0.00,78,0,0
39,63,0.20,242,0,0
29,113,0.20,0,0,0
39,80,1.80,0,0,0
41,54,0.50,0,0,0
37,32,1.40,0,0,0
41,11,1.00,0,0,0
45,141,2.40,0,0,0
52,84,3.00,0,0,0
58,18,0.10,110,0,0
31,20,0.30,0,0,0
26,55,1.70,175,0,0
31,31,0.40,79,0,0
42,114,0.40,0,0,0
56,52,2.00,0,1,0
52,18,0.30,120,0,0
59,55,1.80,0,0,0
32,29,0.20,76,0,0
46,30,0.50,0,0,0
52,38,0.80,0,0,0
30,122,3.10,0,0,0
32,183,6.00,0,0,0
35,41,2.40,0,0,0
49,38,1.40,0,0,0
54,61,1.80,0,0,0
56,103,4.00,0,0,1
48,80,2.40,0,0,0
28,22,0.10,0,0,0
44,128,3.25,0,0,1
30,142,4.20,359,0,1
44,124,4.70,0,0,0
30,44,1.90,143,0,0
47,170,6.50,0,1,1
64,75,0.10,0,1,0
48,78,2.00,0,0,0
63,31,1.10,125,0,0
25,99,1.90,323,0,0
61,41,1.50,0,0,0
46,39,0.00,0,0,0
57,51,1.40,0,0,0
40,52,0.80,113,0,0
49,169,5.67,167,1,1
30,141,0.80,0,0,0
41,93,0.80,218,0,0
42,14,1.00,0,0,0
63,160,2.10,0,0,0
43,44,0.20,0,1,0
59,33,0.20,0,0,0
46,103,4.80,0,0,1
33,71,1.80,236,0,0
55,55,0.20,151,0,0
36,113,0.20,0,0,1
47,79,2.00,185,0,0
59,80,0.70,0,0,0
38,179,0.00,380,0,0
42,9,0.00,0,0,0
30,61,2.00,0,0,0
63,111,3.90,207,1,0
60,80,0.50,0,0,0
62,32,0.20,0,0,0
49,83,0.30,0,0,0
59,91,1.90,329,0,0
36,29,1.00,0,0,0
46,19,0.67,0,0,0
35,52,1.00,0,0,0
50,150,7.30,0,0,0
51,32,0.40,0,0,0
41,91,0.50,0,0,0
45,180,8.50,535,0,1
41,121,0.30,0,0,0
57,25,0.20,0,0,0
51,102,0.30,0,0,0
52,44,0.90,107,0,0
43,161,8.00,0,1,1
63,134,4.00,0,0,1
28,43,1.80,0,0,0
43,94,1.10,0,0,0
41,29,0.80,98,0,0
34,38,0.20,0,0,0
28,120,0.80,170,0,0
58,85,2.00,161,1,0
39,89,1.90,0,0,0
49,25,1.40,0,0,0
33,20,1.30,83,0,0
37,125,3.90,0,0,0
33,18,0.60,0,0,0
28,173,6.70,222,0,0
54,34,0.10,0,0,0
63,159,4.90,111,0,1
57,55,2.50,219,1,0
56,32,0.40,0,0,0
54,65,1.80,0,0,0
29,83,1.50,0,0,0
41,30,1.40,0,0,0
58,180,2.90,0,0,0
61,13,0.30,0,0,0
30,35,0.80,0,0,0
62,95,0.50,0,0,0
52,83,0.00,0,0,0
29,39,0.20,137,0,0
46,54,0.70,154,0,0
52,81,1.30,293,0,0
40,53,2.00,0,0,0
49,119,7.30,398,0,0
34,160,8.00,0,0,1
35,21,1.00,0,0,0
26,40,1.00,0,0,0
65,69,0.10,0,0,0
52,45,1.30,0,0,0
32,55,2.00,0,0,0
31,38,0.20,0,0,0
36,44,1.00,101,0,0
50,45,0.60,117,0,0
36,84,0.80,0,0,0
51,188,6.90,343,0,1
39,29,2.00,151,0,0
53,95,2.70,0,0,0
50,79,2.90,307,0,0
31,41,2.00,0,0,0
53,19,0.40,84,0,0
48,75,3.60,0,0,0
57,64,2.50,208,0,0
47,174,3.20,0,0,1
55,54,2.30,93,0,0
37,14,0.10,113,0,0
59,94,3.80,272,0,0
53,10,0.40,0,0,0
31,145,0.80,84,0,0
35,203,10.00,0,0,1
25,81,1.60,0,0,0
37,153,6.50,0,0,0
40,58,0.20,0,0,0
31,49,1.80,0,0,0
62,132,2.90,0,0,0
41,85,0.20,229,0,0
56,85,2.67,0,0,0
47,178,6.50,0,0,1
28,104,2.50,0,0,0
60,40,1.60,0,0,0
27,103,1.90,120,0,0
57,25,1.00,0,0,0
62,69,1.70,0,0,0
57,30,1.40,0,0,0
44,70,2.67,0,0,0
31,15,0.90,0,0,0
31,125,1.30,0,0,0
39,50,0.50,0,0,0
41,44,0.30,0,0,0
41,38,2.20,180,0,0
55,64,0.80,119,0,0
28,9,0.10,0,0,0
35,44,0.90,89,0,0
44,93,0.80,101,0,0
44,83,0.40,141,0,0
40,179,0.00,0,0,0
65,40,1.10,0,0,0
35,58,0.70,232,0,0
55,74,2.67,0,0,0
55,15,0.20,0,0,0
59,11,1.00,0,0,0
39,41,2.00,176,0,0
50,68,1.50,120,0,0
45,28,0.75,0,0,0
50,115,1.20,0,0,1
65,83,0.10,247,0,0
36,40,1.10,166,0,0
57,113,0.10,0,0,0
53,89,0.80,0,0,0
28,38,1.60,0,0,0
55,62,1.50,0,0,0
56,65,1.70,109,0,0
33,168,5.67,0,1,1
57,40,1.70,0,0,0
27,30,1.00,80,0,0
27,20,1.00,0,0,0
54,58,3.20,0,0,0
48,150,7.30,193,0,0
62,54,0.80,0,0,0
41,19,0.30,105,0,0
62,30,0.10,128,0,0
40,123,5.20,0,0,0
32,45,2.40,0,0,0
62,154,2.90,0,0,0
35,93,2.70,0,0,0
25,71,0.20,78,0,0
50,83,3.10,0,0,1
61,99,4.80,255,0,1
43,55,2.20,0,0,0
52,38,0.90,95,0,0
39,74,0.90,155,0,0
33,69,1.80,0,0,0
27,104,2.50,184,0,0
27,38,1.00,154,0,0
32,25,0.90,0,0,0
65,162,1.30,0,0,0
55,64,2.60,0,0,0
52,30,0.70,0,0,0
39,52,0.50,0,0,0
35,42,1.50,0,0,0
39,79,1.80,219,0,0
34,34,1.70,164,0,0
30,123,3.10,0,0,0
37,160,3.30,0,0,0
41,51,2.33,0,0,0
31,108,4.00,0,0,0
37,158,2.30,0,1,1
49,68,1.50,0,0,0
58,42,1.60,0,0,0
45,32,0.75,105,0,0
40,22,1.40,0,0,0
34,29,2.00,0,0,0
62,183,3.40,0,0,1
54,69,1.60,0,0,0
26,92,0.20,0,0,0
54,40,1.00,0,0,0
29,9,0.50,86,0,0
48,128,0.60,0,0,0
27,110,0.20,294,0,0
42,171,8.00,0,0,0
25,13,1.00,95,0,0
45,25,0.10,102,0,0
34,123,1.60,0,0,1
51,33,0.20,83,0,0
51,189,4.75,0,0,1
60,34,0.30,0,0,0
59,58,0.00,0,0,0
49,51,1.30,98,0,0
50,29,1.30,0,0,0
41,111,0.40,0,0,0
49,43,1.90,0,0,0
50,130,0.60,311,0,0
63,20,0.40,76,0,0
63,101,2.80,0,0,0
33,48,2.20,207,0,0
38,180,2.80,158,0,1
64,92,0.00,185,0,0
36,33,0.90,0,0,0
58,51,1.90,0,0,0
39,31,1.40,94,0,0
46,83,2.70,0,0,0
61,45,0.80,0,0,0
53,89,0.80,146,0,0
28,193,4.00,0,0,1
64,89,3.80,0,0,0
48,162,3.30,446,1,1
38,9,0.30,0,0,0
52,58,2.00,223,0,0
65,80,0.80,0,0,0
59,73,1.70,0,0,0
45,41,0.30,0,0,0
53,74,2.00,0,0,0
38,29,1.40,0,0,0
54,25,0.40,115,0,0
25,98,5.40,0,0,0
61,59,1.70,0,0,0
48,43,1.90,0,0,0
46,72,1.40,149,0,0
36,183,3.00,0,1,1
46,134,5.70,146,0,0
59,140,0.50,262,0,0
59,39,1.80,0,0,0
36,35,0.40,0,0,0
63,141,6.90,0,0,0
51,23,0.50,0,0,0
30,134,0.00,0,0,0
48,35,1.40,0,0,0
55,42,2.50,0,0,0
41,81,0.20,167,0,0
26,14,0.40,94,0,0
41,45,1.80,172,0,0
54,79,1.70,150,0,0
57,53,0.80,120,0,0
54,33,0.70,0,0,0
35,190,3.10,266,0,1
60,60,2.50,103,0,0
63,8,0.80,97,0,0
41,38,1.00,150,0,0
46,154,5.00,0,0,0
31,54,2.20,0,0,0
58,41,1.40,0,0,0
59,25,0.30,75,0,0
46,53,1.70,109,0,0
33,79,0.10,0,0,0
56,13,0.90,76,1,0
47,130,1.40,0,0,0
59,93,0.70,0,0,0
24,82,0.80,0,0,0
39,15,0.30,92,0,0
30,150,5.00,0,0,1
55,131,0.70,0,0,1
47,28,1.50,0,0,0
35,9,0.70,0,0,0
47,88,1.40,0,0,0
38,143,4.10,0,0,0
38,168,1.30,0,0,1
27,105,3.00,0,0,1
42,62,2.10,0,0,0
26,51,2.60,0,0,0
60,101,4.40,0,0,0
27,90,0.80,0,0,0
27,83,2.10,0,0,0
40,21,0.00,0,0,0
40,115,3.40,0,0,0
29,172,4.40,0,0,1
30,32,1.00,0,0,0
30,204,4.50,0,0,0
47,34,0.60,0,1,0
33,30,2.00,132,0,0
57,31,1.30,0,0,0
38,90,2.70,0,0,0
54,79,2.60,0,0,0
47,22,0.60,0,0,0
48,114,2.40,0,0,1
62,42,0.50,128,0,0
30,29,0.20,90,0,0
35,72,2.60,0,0,0
59,68,1.80,95,0,0
38,78,0.70,0,0,0
47,90,2.70,323,0,0
57,170,2.10,0,0,1
42,14,0.10,0,0,0
39,129,1.90,0,0,0
53,39,1.00,87,0,0
27,82,0.20,0,0,0
59,31,0.40,0,0,0
48,9,0.50,0,0,0
62,15,0.10,91,0,0
66,70,2.20,0,0,0
38,84,0.70,0,0,0
42,155,7.00,0,0,0
47,89,0.80,0,0,0
27,170,4.70,0,0,1
32,185,6.70,0,1,0
37,82,2.20,0,0,0
56,60,1.70,0,0,0
39,58,2.40,0,0,0
36,29,1.33,81,0,0
32,32,0.30,0,0,0
62,115,3.40,0,0,0
48,83,2.40,0,0,0
58,54,0.30,0,0,0
27,112,1.80,0,0,0
52,182,1.40,0,0,1
54,112,6.80,0,0,0
31,129,5.90,319,1,1
60,23,0.80,112,0,0
34,198,3.00,422,0,0
46,84,2.00,0,0,0
41,39,0.50,0,0,0
62,129,1.30,0,0,0
31,113,2.00,315,0,0
41,35,0.75,114,0,0
55,85,0.10,0,0,0
45,73,2.90,0,0,0
51,70,0.80,0,0,0
27,130,4.40,192,0,1
30,39,1.50,0,0,0
31,72,1.80,242,0,0
61,68,2.30,0,0,0
40,35,1.40,0,0,0
45,61,0.70,0,1,0
45,69,1.90,0,0,0
37,59,3.60,0,0,0
34,99,4.50,217,0,0
43,201,10.00,0,0,1
42,130,7.50,0,0,0
56,72,2.00,0,0,0
33,44,1.20,0,0,0
36,91,1.50,289,0,0
62,92,0.50,310,0,0
58,55,0.80,168,0,0
65,20,0.50,102,0,0
65,89,4.10,299,1,1
52,59,1.50,239,0,0
64,8,0.10,87,0,0
51,85,4.90,0,0,0
59,94,4.30,76,1,0
52,22,0.40,0,0,0
55,74,3.20,0,0,0
46,59,2.67,0,0,0
61,12,0.60,0,0,0
35,8,0.40,0,0,0
56,74,1.60,0,0,0
31,184,3.40,0,1,1
44,34,0.00,0,0,0
53,63,0.80,0,0,0
36,123,5.60,0,1,1
27,85,1.60,0,0,0
36,109,0.50,0,1,1
40,31,0.60,0,0,0
39,61,2.40,90,0,0
59,88,1.60,0,0,0
43,22,0.30,0,0,0
30,63,2.20,0,0,0
26,80,0.20,0,0,0
48,78,2.10,0,0,0
50,45,0.10,93,0,0
33,51,2.10,0,0,0
32,111,1.50,0,0,0
34,45,2.80,153,0,0
33,184,4.80,0,0,1
32,41,1.00,112,0,0
55,69,1.30,0,1,0
58,23,0.20,0,0,0
47,160,6.67,0,0,0
30,61,0.80,251,1,0
42,110,6.10,182,0,0
40,50,0.60,0,0,0
33,49,2.40,0,0,0
46,185,7.50,428,0,1
63,52,1.10,0,0,0
62,53,2.80,0,0,0
43,125,3.50,0,0,1
31,72,1.60,0,0,0
28,51,1.80,0,0,0
64,23,0.50,0,0,0
27,41,1.90,0,0,0
33,41,2.00,108,0,0
39,138,4.67,0,0,1
44,138,3.30,0,0,0
53,14,0.80,0,0,0
42,145,8.00,505,0,0
44,25,1.00,0,0,0
34,43,1.70,142,0,0
47,93,0.20,309,0,0
53,90,0.30,217,0,0
62,41,1.00,154,0,0
61,169,6.10,106,1,1
42,63,2.20,0,0,0
48,23,0.67,95,0,0
38,140,0.50,0,0,1
41,75,1.50,0,0,0
57,13,0.90,78,0,0
31,10,0.50,81,0,0
39,100,0.80,0,0,0
48,85,1.10,203,0,0
55,73,2.67,219,0,0
29,130,6.70,0,0,0
47,65,2.70,0,0,0
61,59,1.70,148,0,0
60,31,1.00,0,0,0
34,134,4.00,0,0,0
45,11,0.20,106,0,0
60,32,0.30,80,0,0
25,53,1.60,0,0,0
41,28,0.70,0,0,0
63,44,1.00,0,0,0
63,40,0.80,118,0,0
43,40,0.60,0,0,0
58,163,0.50,400,0,0
50,82,1.30,0,0,0
38,89,1.40,0,0,0
54,78,1.60,0,0,0
61,55,0.90,197,0,0
29,34,0.40,0,0,0
39,108,3.67,301,0,1
33,58,2.20,0,0,0
23,73,2.60,0,0,0
56,54,2.10,0,0,0
54,45,0.90,0,0,0
37,123,2.30,0,1,1
38,93,5.20,267,0,0
34,102,2.20,0,0,0
53,39,1.50,0,0,0
65,114,3.40,0,0,0
62,29,0.30,0,0,0
51,30,0.60,144,0,0
31,22,0.60,0,0,0
64,38,0.30,186,0,0
39,41,1.70,0,0,0
28,161,1.70,422,1,1
60,38,0.50,0,0,0
47,25,0.90,0,0,0
25,70,2.60,218,0,0
44,201,8.80,0,0,0
51,42,0.60,0,0,0
31,64,1.20,0,0,0
32,28,1.10,0,0,0
51,119,4.90,208,0,0
25,28,1.00,0,0,0
43,60,2.10,0,0,0
54,23,1.50,0,0,0
34,164,7.40,0,0,1
54,39,0.80,0,0,0
42,19,0.00,85,0,0
46,72,0.80,0,0,0
62,41,0.90,0,0,0
31,32,0.30,130,0,0
30,69,0.80,0,0,0
52,23,0.40,0,0,0
35,44,0.20,0,0,0
60,32,0.40,165,0,0
58,25,0.30,123,0,0
24,80,1.60,0,0,0
40,83,0.80,230,0,0
49,133,7.30,0,0,0
43,89,0.10,307,0,0
33,81,4.50,187,1,0
36,44,1.10,85,0,0
62,119,2.00,0,0,0
57,39,0.90,147,0,0
64,40,1.00,0,0,0
52,79,0.80,183,0,0
54,30,0.70,0,0,0
40,179,2.60,0,0,1
30,178,6.70,0,0,0
55,82,3.80,0,0,0
39,50,2.40,0,0,0
55,64,1.90,0,0,0
28,129,1.50,0,0,0
44,68,2.90,0,0,0
46,30,1.40,112,0,0
61,48,1.50,0,0,0
61,130,1.30,257,0,0
45,40,0.50,0,0,0
38,105,1.90,0,0,0
29,41,0.20,0,0,0
52,168,6.50,118,0,1
38,80,2.70,0,0,0
28,134,3.10,0,0,0
34,49,2.50,0,0,0
35,63,1.80,0,0,0
46,70,1.90,212,0,0
63,32,0.70,141,0,0
33,14,0.90,114,0,0
38,111,6.10,326,0,0
53,38,2.80,144,0,0
28,121,2.00,341,0,0
44,90,2.60,0,0,0
58,178,6.00,0,0,1
38,20,0.40,79,0,0
48,61,1.70,229,0,0
33,43,0.80,0,0,0
66,39,1.90,0,0,0
59,60,2.10,234,0,0
40,63,3.00,0,0,0
36,8,0.20,81,0,0
62,52,1.30,0,0,0
51,92,3.00,0,1,1
58,111,1.40,298,0,0
52,71,1.40,0,0,0
41,25,0.10,91,0,0
31,34,1.90,156,0,0
28,74,2.60,0,0,0
57,120,2.00,0,0,0
61,50,1.30,0,0,0
60,10,1.00,0,0,0
56,45,2.50,113,0,0
49,29,1.80,0,0,0
63,145,6.90,0,0,0
49,100,6.30,0,0,0
49,24,0.40,0,0,0
32,60,1.20,0,0,0
26,50,0.60,0,0,0
27,43,1.10,0,0,0
57,79,4.40,0,0,0
29,44,0.10,0,0,0
56,31,1.50,0,0,0
59,14,1.00,107,0,0
53,19,0.80,106,0,0
54,111,1.10,0,0,1
56,90,1.90,0,0,0
50,21,0.70,129,0,0
51,104,4.20,0,0,1
53,75,1.90,0,0,0
37,175,7.80,297,0,0
32,98,4.20,171,1,1
49,41,0.10,153,0,0
34,171,2.20,569,0,1
54,79,1.60,0,0,0
64,24,0.60,0,0,0
58,90,3.60,0,0,1
25,39,2.40,0,0,0
50,9,0.00,0,0,0
38,15,0.10,90,0,0
48,80,2.70,0,0,0
41,63,0.70,79,0,0
32,20,0.50,102,0,0
46,43,2.10,0,1,0
39,65,1.50,0,0,0
39,91,1.70,151,0,0
63,53,0.80,0,0,0
58,110,1.70,0,0,0
28,82,1.50,103,0,0
36,23,0.20,0,0,0
43,172,6.67,0,0,0
36,88,2.70,0,0,0
44,71,0.80,0,0,0
31,180,2.90,144,0,1
45,39,2.10,184,0,0
39,94,1.50,0,0,0
43,25,1.00,0,0,0
40,10,0.00,102,0,0
30,42,1.00,184,0,0
58,142,3.90,0,0,0
46,34,1.30,0,0,0
35,139,4.60,0,0,0
30,154,4.50,207,0,0
34,40,2.00,89,0,0
62,33,1.50,140,0,0
58,80,1.60,0,0,0
45,10,0.67,100,0,0
42,41,0.50,0,0,0
60,30,1.30,118,0,0
55,78,0.80,190,0,0
45,164,5.00,0,0,0
52,23,0.40,0,0,0
31,149,6.00,0,0,0
60,25,0.70,0,0,0
33,42,2.10,0,0,0
37,71,2.50,185,0,0
59,114,4.20,0,0,1
51,70,2.80,0,0,0
47,149,6.10,0,0,1
60,55,2.50,0,0,0
61,29,1.30,0,0,0
64,123,3.80,0,0,0
46,152,7.40,374,1,1
31,8,0.70,0,0,0
57,69,0.70,245,0,0
48,161,7.90,310,0,1
48,79,0.20,0,0,0
35,105,4.60,0,0,0
33,39,2.30,0,0,0
47,163,5.00,0,0,0
46,9,0.20,0,0,0
44,71,2.00,0,0,0
42,51,2.10,0,0,0
50,32,1.40,167,0,0
52,161,4.30,0,1,1
53,60,0.20,0,0,0
37,35,1.00,0,0,0
64,41,1.20,0,0,0
46,73,1.70,216,0,0
57,49,1.50,214,1,0
61,79,2.00,194,0,0
42,120,7.50,0,0,0
40,60,3.20,0,0,0
33,78,0.60,0,0,0
50,40,1.10,131,0,0
52,110,5.40,204,1,1
35,160,5.70,0,0,1
57,68,0.70,191,0,0
56,49,1.60,103,0,0
44,65,2.50,0,0,0
23,55,2.40,145,0,0
33,62,2.30,98,0,0
48,152,0.00,0,0,0
45,42,2.50,0,0,0
54,39,0.70,0,0,0
42,111,3.00,0,1,1
47,82,2.10,0,0,0
61,108,3.40,0,0,0
53,59,0.80,0,0,0
56,61,2.50,193,0,0
33,78,2.00,0,0,0
44,18,0.10,0,0,0
63,113,1.70,0,0,0
47,62,2.67,0,0,0
50,81,4.90,248,0,0
49,13,0.40,106,0,0
34,75,2.80,194,0,0
40,33,0.80,89,0,0
38,179,4.10,0,0,0
51,69,2.00,0,0,0
28,45,1.00,0,0,0
52,59,3.00,0,0,0
39,81,2.80,0,0,0
29,133,5.40,212,0,0
54,81,0.00,0,0,0
63,14,0.40,86,0,0
40,28,0.80,0,0,0
36,93,2.20,0,0,0
45,191,2.60,123,0,1
61,155,2.90,0,0,0
26,155,7.20,0,0,0
33,68,1.30,0,0,0
64,52,1.10,226,0,0
43,51,0.70,0,0,0
24,44,1.60,180,0,0
30,121,3.10,408,0,0
60,49,2.20,204,0,0
50,42,1.00,78,0,0
40,144,4.10,0,0,0
31,72,2.60,0,0,0
30,44,1.50,109,0,0
60,43,0.90,175,0,0
39,74,0.10,144,0,0
66,145,2.50,0,0,0
65,158,2.10,0,0,0
54,78,4.90,0,0,0
54,154,2.40,352,0,1
35,105,4.50,0,0,0
32,100,0.60,0,0,0
63,58,0.00,0,0,0
60,113,0.90,406,0,0
43,10,0.10,0,0,0
59,142,2.70,0,0,0
62,128,2.50,0,0,0
30,131,0.50,0,0,1
54,88,1.00,122,0,0
30,101,0.60,0,0,0
31,70,1.75,0,1,0
44,122,0.30,0,0,0
32,70,1.50,0,0,0
63,148,4.30,0,0,1
57,43,2.10,166,0,0
60,31,1.50,0,0,0
37,35,0.80,0,0,0
53,81,2.60,0,0,0
51,19,1.40,98,0,0
30,98,1.80,129,1,0
28,101,2.10,0,0,0
50,81,0.40,0,0,0
52,135,0.60,452,0,0
56,34,0.70,0,0,0
40,104,3.40,249,0,0
64,29,0.70,0,0,0
61,119,5.40,0,0,1
46,82,1.70,0,0,0
55,62,0.20,0,0,0
45,85,2.10,0,0,0
40,8,0.10,0,0,0
63,78,1.70,0,0,0
57,44,0.50,0,0,0
38,122,8.00,0,0,0
37,22,0.10,114,0,0
31,39,2.20,0,0,0
50,55,1.60,0,0,0
42,144,6.10,158,0,0
51,71,2.60,0,0,0
38,191,3.00,0,0,0
53,22,0.50,100,0,0
43,158,2.40,0,0,0
35,131,0.30,0,1,1
49,75,2.80,160,0,0
28,69,0.70,170,0,0
51,39,0.80,0,0,0
39,34,1.70,0,0,0
31,32,1.70,0,0,0
44,129,5.70,0,0,0
46,158,5.40,432,0,1
42,54,1.80,0,0,0
41,34,2.00,0,0,0
23,45,0.60,0,0,0
59,68,2.30,0,0,0
47,53,1.50,0,0,0
48,32,0.10,0,0,0
58,173,7.20,0,0,1
58,31,0.40,0,0,0
54,72,3.70,144,0,0
49,30,0.40,157,1,0
63,138,2.50,0,0,0
62,18,1.50,127,0,0
45,69,2.80,220,0,0
39,58,2.10,247,0,0
58,63,1.50,0,0,0
56,43,0.30,0,0,0
29,28,0.20,0,0,0
33,38,2.10,133,0,0
55,72,0.30,147,0,0
56,64,0.90,0,0,0
36,70,2.60,165,0,0
53,12,0.30,0,0,0
57,159,0.50,0,0,0
35,103,4.50,0,0,0
43,42,0.30,0,0,0
54,48,2.10,142,0,0
29,49,1.50,0,0,0
39,89,0.40,0,0,0
32,22,0.70,0,0,0
51,10,0.20,86,0,0
50,38,1.30,120,0,0
54,49,2.10,95,0,0
38,30,1.40,0,0,0
32,82,2.60,240,1,0
62,82,0.80,312,0,0
57,24,0.10,0,0,0
47,32,0.60,156,0,0
51,34,0.90,111,0,0
54,195,4.75,477,0,1
26,61,2.20,119,0,0
37,22,0.10,0,0,0
27,40,1.00,0,0,0
63,50,2.80,205,0,0
62,35,0.70,0,0,0
59,64,0.30,0,0,0
32,49,2.30,0,0,0
35,44,1.00,192,0,0
56,65,3.70,0,0,0
55,13,0.70,0,0,0
31,84,2.90,105,0,0
54,28,0.20,101,0,0
58,108,4.40,0,0,0
48,59,0.00,144,0,0
48,163,2.40,396,0,0
33,183,8.80,582,0,1
36,69,4.00,0,0,0
41,115,7.00,0,0,0
55,130,6.50,0,0,1
63,185,7.90,358,0,1
53,118,0.30,0,0,0
38,163,4.10,0,0,0
46,140,6.30,380,0,0
59,91,0.70,0,0,0
56,61,1.30,0,0,0
59,168,4.10,0,0,1
39,69,0.90,0,0,0
47,22,0.20,104,0,0
47,53,0.30,213,0,0
53,25,1.00,0,1,0
36,115,2.20,0,0,1
34,31,1.10,85,1,0
36,83,2.80,0,0,0
60,152,6.90,0,0,0
45,30,0.10,0,0,0
27,34,0.20,0,0,0
47,44,1.40,0,0,0
44,182,7.60,0,0,0
54,44,1.50,117,0,0
57,122,6.00,153,1,0
52,35,1.80,0,0,0
51,91,0.80,0,0,0
57,30,2.00,0,0,0
65,53,2.50,0,0,0
58,28,0.30,0,0,0
64,85,3.40,200,0,0
52,28,0.70,90,0,0
58,41,0.40,177,0,0
52,154,5.00,0,1,1
43,41,0.30,0,0,0
56,33,1.50,0,0,0
37,182,5.80,0,0,1
53,59,0.80,0,0,0
27,129,3.30,0,0,0
53,35,0.90,136,0,0
42,185,2.20,0,1,1
58,45,1.30,201,0,0
36,62,0.10,145,0,0
53,183,8.20,467,1,1
48,14,0.10,0,0,0
54,53,2.20,0,0,0
26,48,2.60,169,0,0
50,128,0.40,0,0,0
31,105,4.00,331,0,0
35,40,0.90,0,0,0
63,10,0.40,0,0,0
29,102,3.30,303,0,0
57,31,0.10,0,0,0
30,30,0.80,158,0,0
33,21,0.60,0,0,0
62,44,0.30,0,0,0
35,48,2.50,164,0,0
37,21,0.20,0,0,0
37,84,2.20,0,0,0
35,64,0.70,230,0,0
35,82,2.50,138,0,0
59,39,1.30,0,0,0
53,45,0.80,0,0,0
45,133,5.70,0,1,1
46,152,1.40,0,0,0
40,12,1.00,91,0,0
42,32,1.50,149,0,0
25,74,2.60,204,0,0
39,54,1.10,159,0,0
30,181,4.10,0,1,1
58,75,0.00,0,0,0
41,95,0.10,240,0,0
37,190,7.30,565,1,1
36,90,2.80,0,0,0
27,20,1.00,134,0,0
60,64,2.20,0,0,0
62,85,1.70,98,0,0
67,105,1.70,0,0,0
44,21,0.20,0,0,0
24,78,1.80,0,0,0
45,158,6.67,132,0,0
58,125,4.30,219,0,0
61,81,1.80,0,0,0
54,183,8.10,0,0,0
28,54,0.60,0,0,0
49,79,3.60,212,0,0
35,38,1.50,136,0,0
36,172,1.00,295,0,1
34,184,7.50,0,0,1
36,158,7.80,114,0,0
35,188,0.90,282,0,1
27,20,0.50,0,0,0
42,60,0.20,151,0,0
65,113,2.40,0,0,0
29,70,0.00,0,0,0
65,84,0.00,0,0,0
59,23,0.20,0,0,0
46,141,3.30,0,1,0
59,110,4.40,264,0,0
52,31,1.80,0,0,0
60,22,1.30,80,0,0
43,91,5.20,0,0,0
65,82,2.40,252,0,0
50,23,0.30,0,0,0
48,35,0.10,0,0,0
49,114,2.50,0,0,1
58,18,0.10,0,0,0
24,80,1.60,238,0,0
58,74,2.30,0,0,0
45,122,4.10,0,0,1
42,73,2.33,0,0,0
64,40,1.10,0,0,0
49,55,0.10,0,0,0
55,69,2.70,0,0,0
40,92,1.40,0,0,0
28,48,2.10,0,0,0
57,113,0.60,327,0,1
50,58,1.30,0,0,0
40,109,2.20,0,0,0
55,39,1.00,0,0,0
53,33,1.90,144,0,0
48,18,0.20,0,0,0
59,63,1.60,0,0,0
58,43,2.80,0,0,0
38,70,2.00,0,0,0
49,19,0.90,0,0,0
60,39,1.30,140,0,0
54,81,0.80,0,0,0
28,34,1.30,0,0,0
27,140,5.90,175,1,1
42,114,0.30,0,0,0
52,55,3.20,151,0,0
54,21,0.10,76,0,0
56,50,2.80,0,0,0
58,41,1.50,0,0,0
56,190,2.20,0,1,1
64,8,0.30,0,0,0
35,55,1.67,0,0,0
45,40,1.30,0,0,0
57,22,0.10,0,0,0
35,44,1.67,0,0,0
46,102,4.50,0,0,1
30,54,1.80,235,0,0
44,130,3.20,0,0,1
39,75,2.33,0,0,0
42,42,1.70,0,0,0
34,133,3.80,0,0,0
46,40,1.20,0,0,0
55,34,1.50,101,0,0
28,142,0.80,0,0,0
35,64,2.30,0,1,0
60,44,1.60,170,0,0
50,95,0.30,262,0,0
52,49,1.40,0,0,0
51,12,0.20,0,0,0
51,98,1.30,0,0,0
59,42,0.40,0,0,0
53,44,0.60,0,0,0
43,124,5.20,0,0,0
31,175,6.70,0,0,0
32,22,0.30,0,0,0
41,78,2.67,99,0,0
31,54,1.00,109,0,0
41,154,7.00,0,0,0
47,42,2.70,0,0,0
37,195,6.50,635,0,0
53,80,3.00,0,0,0
49,81,2.00,0,0,0
62,89,2.00,0,0,0
33,61,2.60,0,0,0
54,25,0.40,0,0,0
27,43,0.10,163,0,0
60,122,2.60,352,0,0
29,160,4.30,385,0,0
56,83,1.60,0,0,0
55,79,0.00,0,0,0
45,30,0.50,0,0,0
33,145,4.30,437,0,0
45,151,3.30,328,0,0
44,14,0.10,98,0,0
37,19,0.20,0,0,0
42,55,0.70,135,0,0
26,132,2.40,0,0,1
33,182,8.60,0,0,0
61,78,0.50,0,0,0
31,42,2.40,0,0,0
54,44,2.30,187,0,0
62,195,5.20,522,1,1
61,53,0.50,0,0,0
66,65,2.40,0,0,0
38,43,0.20,0,0,0
55,38,1.50,0,0,0
60,50,1.80,0,0,0
23,81,1.80,0,0,0
29,41,1.90,0,0,0
35,73,2.30,0,0,0
53,31,0.40,104,0,0
32,84,0.60,0,0,0
38,95,1.90,0,0,0
44,162,1.30,301,0,1
43,60,2.20,115,0,0
54,121,1.10,0,0,1
52,43,1.00,165,1,0
31,38,1.80,182,1,0
47,82,2.90,276,0,0
42,52,1.90,0,0,0
57,43,1.50,168,0,0
33,82,2.60,0,1,0
35,161,4.10,0,0,0
56,24,0.70,0,0,0
57,102,2.60,0,0,0
25,53,2.40,0,0,0
53,85,1.20,0,0,0
59,111,4.40,0,0,0
56,90,0.30,0,0,0
54,94,1.10,188,0,0
48,63,3.60,0,0,0
55,153,2.80,0,1,1
33,39,2.00,0,0,0
46,205,8.80,181,0,0
42,142,3.40,496,0,0
49,163,0.40,0,0,0
42,113,1.00,0,0,0
46,64,2.90,0,0,0
65,20,0.10,0,0,0
50,179,1.00,0,0,0
54,91,4.50,90,0,0
42,103,3.33,0,1,1
57,80,1.60,0,0,0
61,38,0.30,0,0,0
60,44,0.20,0,0,0
40,164,4.30,0,0,1
33,81,1.60,0,0,0
37,95,1.70,83,0,0
52,44,1.90,0,0,0
33,88,1.60,0,0,0
62,148,7.00,0,0,1
62,169,5.00,184,1,1
63,11,0.80,102,0,0
55,92,3.00,158,0,0
33,74,2.60,0,0,0
25,72,0.80,0,0,0
55,63,2.67,0,0,0
29,172,4.50,415,0,0
45,183,1.40,0,0,0
60,40,2.50,166,0,0
44,68,2.90,0,0,0
48,78,3.60,0,0,0
57,68,3.70,184,0,0
58,49,1.40,99,0,0
58,39,2.30,0,0,0
44,151,3.50,392,0,0
54,159,0.50,461,0,0
59,89,1.90,0,0,0
63,105,1.70,244,0,0
61,78,2.00,0,0,0
58,128,2.70,344,0,0
44,81,0.80,228,0,0
53,50,0.10,152,0,0
63,38,0.10,178,0,0
41,119,6.10,263,0,0
50,110,1.80,0,0,0
51,29,1.40,102,0,0
47,19,0.40,0,0,0
43,130,4.70,221,0,1
46,38,2.40,130,0,0
50,31,0.30,0,0,0
33,14,0.70,105,0,0
27,158,0.40,0,1,1
34,39,0.20,115,0,0
34,141,4.90,0,0,1
28,33,1.00,167,0,0
29,92,0.60,0,0,0
52,78,3.00,0,0,0
47,42,2.70,0,0,0
41,15,0.30,83,0,0
58,48,2.80,0,0,0
37,63,2.30,0,0,0
57,149,4.70,0,0,0
63,49,0.80,103,0,0
60,125,3.90,0,0,0
50,58,1.30,0,0,0
60,48,1.50,0,0,0
54,75,3.20,0,0,0
28,114,0.20,0,0,0
45,134,5.50,0,1,1
28,111,2.30,0,0,0
54,62,3.80,149,0,0
42,45,0.70,0,0,0
30,113,0.20,0,0,0
61,128,2.60,0,0,0
64,168,5.70,0,0,1
38,81,4.00,206,0,0
39,75,0.10,297,0,0
54,21,0.10,0,0,0
59,83,4.40,0,0,0
39,121,3.50,368,0,0
63,40,1.67,0,0,0
31,101,2.90,170,0,0
56,90,4.50,0,0,0
47,68,2.67,0,0,0
28,74,1.80,221,0,0
32,74,0.10,257,0,0
54,51,3.20,0,0,0
29,149,1.50,0,0,0
39,31,1.40,88,0,0
26,85,1.60,0,0,0
29,62,1.75,0,0,0
46,44,0.30,110,0,0
38,63,0.50,190,1,0
55,23,0.30,0,0,0
48,40,2.20,87,0,0
36,78,4.50,204,0,0
39,40,0.90,129,0,0
40,78,2.40,0,1,0
26,129,0.70,0,0,1
55,71,0.30,0,0,0
61,23,0.30,0,0,0
57,15,0.30,0,0,0
56,28,1.30,138,0,0
31,23,1.00,95,0,0
61,19,1.50,0,0,0
58,42,1.40,158,0,0
43,113,0.40,325,0,0
29,34,0.40,0,0,0
50,19,0.50,104,0,0
49,43,1.60,0,0,0
43,179,1.20,0,1,1
58,44,2.20,0,0,0
41,21,0.10,0,0,0
65,115,2.50,174,0,0
52,81,3.80,0,0,0
55,91,2.80,0,0,0
49,30,0.90,0,0,0
52,55,1.40,0,0,0
56,48,2.10,0,0,0
30,23,0.30,121,0,0
36,21,0.10,0,0,0
41,55,1.70,0,0,0
42,21,1.00,0,0,0
60,40,2.20,0,0,0
44,30,0.30,0,0,0
34,78,0.60,0,0,0
56,65,3.20,0,0,0
31,50,2.10,209,0,0
29,55,2.00,0,0,0
31,111,0.20,0,0,0
36,21,0.10,0,0,0
42,65,0.50,256,0,0
64,114,0.80,0,0,0
61,54,0.90,179,0,0
35,75,1.70,0,0,0
28,13,0.40,0,0,0
38,54,0.60,218,0,0
44,22,1.00,126,0,0
45,198,2.80,0,0,0
46,18,0.20,0,0,0
57,74,0.70,0,0,0
40,61,0.20,0,0,0
38,64,1.80,0,0,0
39,10,0.30,0,0,0
23,82,1.80,0,0,0
47,61,2.70,168,0,0
32,83,2.50,148,0,0
30,73,2.60,0,0,0
54,22,0.40,89,0,0
25,91,1.80,321,0,0
60,65,2.20,94,1,0
61,13,0.50,0,0,0
36,103,4.60,255,0,0
52,95,0.30,0,0,0
33,31,1.00,0,0,0
57,131,0.60,0,0,1
34,175,1.10,0,1,1
50,38,0.10,0,0,0
43,104,1.00,0,0,0
34,114,3.30,0,0,1
26,38,1.70,0,0,0
26,30,1.30,0,0,0
48,19,0.10,106,0,0
49,25,1.00,0,0,0
47,124,5.00,0,0,1
43,20,0.50,0,0,0
40,83,1.00,0,0,0
31,18,0.30,0,0,0
27,99,3.00,149,0,1
55,62,0.30,0,0,0
54,24,0.10,0,0,0
23,13,1.00,84,0,0
54,64,0.80,0,0,0
57,62,2.67,240,0,0
41,158,4.70,0,1,1
28,88,5.40,0,0,0
33,28,0.80,0,0,0
51,52,1.00,0,0,0
28,82,0.00,0,0,0
63,140,6.90,97,0,0
29,80,0.80,0,0,0
62,58,1.20,228,0,0
51,180,1.70,0,0,0
52,55,1.60,227,0,0
43,65,2.67,100,0,0
39,62,2.33,0,0,0
35,23,0.30,0,0,0
34,35,1.70,0,0,0
49,35,0.20,0,0,0
43,74,0.40,0,0,0
48,14,0.40,0,0,0
30,83,1.50,199,0,0
46,71,1.90,0,0,0
43,53,0.70,130,0,0
27,103,0.60,84,0,0
39,109,1.70,0,0,0
58,60,1.90,94,0,0
44,12,0.67,0,0,0
39,141,8.00,0,0,0
35,128,3.80,0,0,0
41,98,1.00,296,0,0
43,41,0.50,0,0,0
55,90,4.50,0,0,0
32,31,0.30,0,0,0
56,74,3.00,0,0,0
30,83,1.80,0,0,0
65,35,0.50,0,0,0
31,140,4.00,0,0,0
41,65,0.50,0,0,0
55,35,1.40,0,0,0
37,73,1.80,0,0,0
34,29,1.50,0,0,0
34,55,2.00,147,0,0
33,20,0.70,0,0,0
48,70,2.80,0,0,0
28,81,0.20,0,0,0
30,25,0.30,0,0,0
44,119,7.50,239,0,0
61,49,1.70,185,0,0
59,38,1.40,0,0,0
33,80,1.50,0,0,0
56,84,4.30,0,0,0
53,61,1.60,0,0,0
42,173,1.50,373,1,1
43,60,2.50,0,0,0
35,83,4.50,0,0,0
61,59,2.80,0,0,0
39,32,2.00,116,0,0
61,33,0.10,0,0,0
40,19,0.20,0,0,0
34,14,0.30,0,0,0
65,94,4.10,120,1,1
40,154,6.10,325,0,0
39,33,2.00,0,0,0
61,28,0.20,135,0,0
40,44,1.80,0,0,0
49,81,0.80,0,0,0
43,29,0.50,0,0,0
45,58,0.30,0,0,0
52,38,0.90,0,0,0
32,82,1.50,0,0,0
31,18,0.40,0,0,0
27,45,1.70,0,0,0
33,64,3.40,0,0,0
65,48,2.40,0,0,0
62,24,0.30,0,0,0
55,65,2.00,0,0,0
46,111,0.00,329,0,0
37,114,0.60,0,0,0
60,39,1.60,0,0,0
44,19,0.75,0,0,0
35,22,0.10,0,1,0
52,49,1.10,0,0,0
30,40,0.30,0,0,0
62,63,1.60,118,0,0
41,55,2.80,0,0,0
38,33,2.00,0,0,0
52,31,1.50,0,0,0
48,24,0.20,0,0,0
47,81,3.60,0,0,0
41,81,0.80,223,0,0
44,113,3.30,0,0,0
31,92,3.30,0,0,0
50,81,1.20,0,0,0
36,101,1.20,0,0,0
52,78,3.00,0,0,0
62,78,0.00,0,0,0
55,35,1.50,118,0,0
61,9,0.30,0,0,0
34,82,2.00,0,0,0
34,41,2.50,0,0,0
59,84,1.80,0,0,0
41,42,2.20,185,0,0
33,54,2.30,0,0,0
55,84,0.00,0,0,0
64,131,3.80,0,0,0
44,85,3.80,0,0,0
32,84,3.40,0,0,0
67,114,2.40,0,0,0
40,61,0.50,0,0,0
57,39,2.20,0,0,0
59,21,1.00,120,0,0
43,111,5.40,0,0,1
58,68,2.80,113,0,0
50,179,3.60,0,0,1
52,93,4.10,0,0,1
35,85,1.80,0,0,0
40,180,4.10,0,0,0
31,110,1.50,0,0,0
32,65,1.20,268,0,0
55,159,3.90,0,0,1
43,81,3.20,0,0,0
31,132,3.80,0,0,0
26,44,2.00,0,0,0
58,98,2.60,0,0,0
51,62,1.50,0,0,0
45,91,4.70,0,0,0
56,29,0.70,87,0,0
25,101,2.10,0,0,0
38,65,0.70,0,0,0
62,58,2.80,0,0,0
39,32,0.80,0,0,0
56,140,0.50,292,0,1
50,44,0.30,187,0,0
52,113,0.10,0,0,0
53,38,1.30,0,0,0
25,13,0.40,0,0,0
44,62,2.50,0,0,0
42,29,2.00,0,0,0
42,141,4.00,0,0,1
63,132,4.40,0,0,1
57,23,0.30,0,0,0
56,11,0.30,89,0,0
60,90,1.90,0,0,0
62,43,1.90,0,0,0
48,59,2.60,0,0,0
37,28,0.80,0,0,0
55,28,0.70,82,0,0
42,108,1.00,383,0,0
39,78,2.80,0,0,0
47,65,2.40,0,0,0
34,25,1.00,0,0,0
48,108,3.80,0,0,0
52,43,0.20,0,0,0
53,95,1.00,0,0,0
49,24,0.30,0,0,0
47,190,8.80,0,0,0
48,24,0.90,0,0,0
38,41,1.70,0,0,0
48,80,1.10,0,0,0
56,63,2.00,0,0,0
65,79,2.00,0,0,0
46,105,3.20,0,0,1
60,153,2.00,0,0,1
50,114,0.60,0,0,0
41,120,5.20,0,0,0
41,104,4.00,0,1,0
60,20,1.30,0,0,0
57,41,1.40,0,0,0
48,35,1.30,0,0,0
53,174,2.90,0,0,1
42,164,1.30,0,1,1
45,22,0.10,0,0,0
35,132,3.80,82,0,0
34,32,1.10,0,0,0
67,21,0.10,0,0,0
36,49,1.67,0,0,0
37,79,0.10,280,0,0
40,30,0.80,86,0,0
35,118,7.80,358,0,0
60,11,0.70,0,0,0
59,61,2.00,0,0,0
35,43,1.20,0,0,0
27,141,5.10,354,0,1
29,54,1.80,0,0,0
35,33,0.30,0,0,0
38,84,1.20,121,0,0
62,125,1.00,0,0,1
43,110,3.40,0,0,0
35,14,1.00,0,1,0
41,65,2.80,0,0,0
65,78,2.00,0,1,0
61,18,0.30,0,0,0
55,95,4.50,275,0,0
28,95,1.80,0,0,0
52,191,1.70,0,0,0
34,19,0.67,83,0,0
49,19,0.60,0,0,0
42,39,0.30,0,0,0
49,93,2.40,0,0,0
49,115,4.60,0,0,1
32,112,2.70,408,1,0
59,40,0.40,0,0,0
43,45,0.60,0,0,0
48,133,5.00,0,0,0
31,85,1.60,87,0,0
30,18,0.30,0,0,0
58,54,1.30,0,0,0
41,41,2.40,105,0,0
38,21,0.67,0,0,0
33,152,6.00,0,0,0
51,53,1.60,0,0,0
45,163,5.33,0,1,1
34,84,0.10,0,0,0
39,59,0.90,199,0,0
44,33,0.50,0,0,0
55,81,4.90,209,0,0
28,182,7.20,442,1,1
57,61,2.20,0,0,0
43,88,1.10,0,0,0
46,170,2.80,0,0,0
35,83,0.70,315,0,0
25,44,0.60,0,0,0
65,83,2.00,0,0,0
64,21,0.80,76,0,0
39,143,3.50,0,0,0
62,103,2.80,0,1,0
46,135,4.10,213,0,1
36,162,8.60,153,0,0
42,73,0.40,0,0,0
35,142,0.80,0,0,1
63,25,0.20,0,0,0
45,115,3.30,85,0,0
27,88,0.80,238,0,0
29,73,0.30,0,0,0
55,94,0.80,221,0,0
32,58,1.00,0,0,0
37,81,0.90,0,0,0
25,113,2.10,0,0,0
41,35,1.40,135,0,0
52,65,0.00,0,0,0
31,170,6.70,137,0,0
40,62,2.40,0,0,0
54,54,2.10,97,0,0
48,39,1.20,0,0,0
39,28,1.40,118,0,0
64,95,0.00,0,0,0
54,82,3.70,0,0,1
39,21,0.60,101,0,0
55,50,2.10,0,0,0
42,34,2.00,0,0,0
58,19,0.70,0,0,0
45,71,1.90,0,0,0
29,113,2.00,84,0,0
36,9,0.20,0,0,0
63,118,2.00,427,0,0
55,79,4.90,0,0,0
54,72,1.40,0,0,0
61,18,1.30,0,0,0
36,93,2.20,0,0,0
61,62,0.00,244,0,0
39,23,1.00,0,0,0
57,40,1.40,0,1,0
35,34,1.70,87,0,0
66,114,0.80,0,0,0
49,125,2.40,0,0,0
48,41,1.40,0,0,0
61,38,1.00,0,0,0
44,45,0.00,0,0,0
23,12,1.00,90,0,0
31,115,1.50,189,0,0
39,175,8.00,0,0,0
45,24,0.90,0,0,0
39,28,1.40,108,0,0
64,32,0.30,0,0,0
64,63,1.70,184,0,0
47,32,1.00,0,0,0
34,60,1.30,0,0,0
56,53,1.60,78,0,0
33,58,1.30,0,0,0
56,42,2.50,0,0,0
57,39,0.70,0,0,0
43,72,2.80,271,0,0
43,80,0.10,0,1,0
26,39,0.60,0,0,0
64,18,0.30,0,1,0
43,30,0.50,0,0,0
44,54,2.80,202,0,0
60,128,0.90,0,0,0
37,38,1.50,116,0,0
56,120,7.40,186,0,0
54,25,0.10,109,0,0
43,85,1.90,110,0,0
57,135,4.80,0,1,1
29,14,0.50,0,0,0
54,70,1.60,251,0,0
61,23,0.40,0,0,0
29,31,0.30,0,0,0
47,132,0.30,0,0,0
43,28,0.50,0,0,0
46,125,4.70,0,0,1
55,91,2.80,0,0,0
48,191,2.80,231,0,0
26,88,1.80,0,0,0
63,84,2.40,0,0,0
57,64,2.00,142,0,0
58,28,0.50,146,0,0
28,149,0.80,0,0,0
61,172,4.25,0,1,1
65,42,1.90,0,0,0
33,53,1.00,96,0,0
63,149,0.20,364,0,1
43,113,1.80,0,0,0
26,79,2.50,0,0,0
57,175,0.50,429,0,0
50,38,1.40,0,0,0
54,120,3.00,431,0,1
59,52,0.70,0,0,0
49,42,0.70,0,0,0
54,13,0.30,0,0,0
65,141,6.90,0,0,0
34,131,4.33,156,0,0
31,133,1.50,0,0,1
31,64,2.50,0,0,0
64,49,1.50,0,0,0
52,34,0.30,0,0,0
57,91,4.30,81,0,0
60,195,4.70,0,0,0
45,53,2.50,112,0,0
39,39,0.80,0,0,0
25,20,1.00,0,0,0
29,104,1.80,0,0,0
40,51,1.10,131,0,0
36,154,6.40,0,0,1
33,38,1.33,115,0,0
51,12,0.40,0,0,0
35,28,0.60,0,0,0
54,33,0.40,0,0,0
29,31,1.50,0,0,0
32,44,1.80,192,0,0
37,49,2.00,192,0,0
55,134,0.30,0,0,0
30,182,0.80,94,0,1
49,114,0.30,286,0,0
51,90,2.80,0,0,0
65,105,1.70,0,0,0
32,58,2.00,90,0,0
29,53,2.10,0,0,0
46,15,0.60,0,0,0
64,103,0.80,0,0,0
27,58,1.80,154,1,0
50,83,2.67,0,1,0
33,125,4.30,0,0,1
38,61,0.90,0,0,0
38,69,2.33,0,0,0
37,89,1.50,0,0,0
46,70,2.90,0,0,0
31,39,1.00,0,0,0
35,41,1.20,0,0,0
50,148,0.40,508,0,0
45,38,0.60,148,0,0
30,95,3.90,146,0,1
60,129,6.00,0,0,0
31,84,1.80,0,0,0
60,29,1.30,0,0,0
36,30,0.80,0,0,0
64,90,0.00,134,0,0
29,150,0.80,0,0,0
58,15,0.90,0,0,0
59,13,0.90,0,0,0
58,9,0.20,0,0,0
35,24,1.10,0,0,0
43,41,2.20,0,0,0
33,25,1.00,0,0,0
54,49,2.80,0,0,0
38,58,0.90,128,0,0
38,141,0.00,0,0,0
57,50,2.10,211,0,0
34,61,2.00,0,0,0
52,65,1.20,0,0,0
50,112,0.30,229,0,0
60,19,0.30,0,0,0
26,23,0.10,0,0,0
56,60,2.20,0,0,0
39,30,0.30,0,0,0
45,144,5.40,210,0,1
30,118,3.00,0,0,1
37,194,0.00,0,0,0
45,109,1.10,0,0,0
48,174,2.40,0,0,0
65,34,1.10,119,0,0
46,84,0.70,0,0,0
40,41,2.00,0,0,0
33,92,1.60,0,0,0
40,19,0.75,116,0,0
60,55,0.50,172,0,0
51,22,0.50,0,0,0
41,155,7.00,0,0,0
37,72,2.00,0,0,0
35,81,2.70,0,0,0
35,30,1.70,0,0,0
46,54,2.90,189,0,0
60,60,2.50,0,0,0
51,68,1.50,0,0,0
31,65,2.20,126,0,0
30,31,1.00,142,0,0
32,169,6.50,272,1,1
53,139,0.90,0,0,1
33,29,0.60,0,0,0
40,43,1.10,0,0,0
57,80,2.80,0,0,0
51,43,1.30,123,0,0
30,194,4.50,0,0,0
41,24,0.80,0,0,0
54,32,0.60,0,0,0
42,153,5.60,416,0,1
30,30,0.40,0,0,0
60,165,5.60,0,0,1
56,64,0.30,0,0,0
63,15,0.60,83,0,0
56,70,0.30,0,0,0
39,32,2.00,0,0,0
29,128,4.10,209,0,1
28,84,2.90,102,1,0
41,62,2.20,0,0,0
28,33,1.00,0,0,0
49,65,0.00,0,0,0
30,33,1.50,85,0,0
63,15,0.80,115,0,0
45,45,1.00,0,0,0
40,132,3.90,0,0,0
28,29,0.10,0,0,0
62,65,0.00,0,0,0
38,52,2.40,147,0,0
32,64,0.10,0,0,0
58,73,2.30,224,0,0
33,20,0.67,0,0,0
60,44,0.30,192,0,0
34,79,2.50,0,0,0
38,104,1.80,79,0,0
44,88,4.70,0,0,0
56,51,2.00,0,0,0
37,61,0.90,0,0,0
45,23,0.10,91,1,0
44,38,2.10,95,0,0
37,75,2.60,0,0,0
47,42,0.10,0,0,0
51,45,0.10,0,0,0
63,59,0.50,0,0,0
61,130,2.60,0,0,1
43,9,0.00,96,0,0
41,62,0.90,0,0,0
59,202,4.70,553,0,0
29,162,4.30,0,0,0
32,93,1.60,79,0,0
64,145,0.90,0,0,0
50,99,4.60,368,1,1
35,148,5.80,0,0,1
34,154,5.40,0,0,1
58,149,6.00,0,0,0
41,69,1.50,78,0,0
37,30,0.30,146,0,0
35,48,1.00,0,0,0
45,42,0.30,0,0,0
53,132,0.30,403,0,0
53,81,1.70,193,0,0
54,60,3.80,0,0,0
28,45,1.70,95,0,0
58,70,1.40,0,0,0
47,71,2.90,0,0,0
24,28,1.00,0,0,0
27,83,0.20,0,0,0
42,131,3.40,0,0,0
50,82,0.00,0,0,0
41,79,4.00,225,0,0
46,51,1.90,0,0,0
46,111,6.30,0,0,0
51,93,0.30,0,0,0
59,73,2.30,0,0,0
58,24,0.50,0,0,0
37,64,0.90,0,0,0
39,104,1.00,242,0,0
47,38,1.90,0,0,0
51,191,8.10,0,0,0
64,53,1.67,0,0,0
59,74,2.30,0,0,0
55,21,0.70,0,0,0
57,80,1.60,144,0,0
59,41,2.50,174,0,0
42,79,3.70,0,0,0
34,141,6.90,260,0,1
41,32,1.00,0,0,0
43,38,2.00,0,0,0
53,85,1.80,0,0,0
47,93,0.80,107,0,0
49,140,1.90,0,0,1
35,69,2.20,0,0,0
52,32,2.00,0,0,0
53,61,0.90,177,0,0
48,125,2.40,0,0,0
35,30,1.00,0,0,0
52,104,2.40,0,0,0
60,24,0.10,0,0,0
33,22,0.40,0,0,0
38,59,2.40,0,0,0
29,120,4.10,0,1,1
35,164,0.00,500,0,0
26,60,1.60,0,1,0
48,43,1.90,0,0,0
43,70,2.33,0,0,0
60,51,2.80,0,0,0
27,59,1.60,0,0,0
38,129,0.30,75,0,1
40,22,1.40,0,0,0
38,29,0.40,0,0,0
50,18,0.40,0,0,0
38,65,0.50,0,0,0
34,65,1.30,0,0,0
42,38,0.20,0,0,0
60,110,2.00,0,0,0
62,22,1.50,111,0,0
59,43,0.30,0,0,0
49,30,0.60,0,0,0
49,134,6.30,0,0,0
36,32,1.30,0,0,0
33,139,4.30,0,0,0
43,45,0.70,0,0,0
53,62,3.00,0,0,0
57,51,1.70,103,0,0
53,93,0.80,313,0,0
60,122,1.30,0,0,0
34,45,1.33,0,0,0
51,179,8.10,0,0,0
36,64,2.80,205,0,0
63,41,1.10,0,0,0
37,58,0.60,0,0,0
57,64,2.20,0,0,0
52,28,1.70,0,0,0
38,21,0.67,0,0,0
61,60,2.80,0,0,0
31,78,0.20,0,0,0
39,59,0.50,0,0,0
38,59,0.50,0,1,0
46,83,1.40,0,0,0
48,128,5.70,0,0,0
58,95,2.60,0,0,0
50,160,4.30,410,0,1
67,78,2.40,0,0,0
36,184,5.10,0,0,1
30,30,1.00,0,0,0
58,51,1.60,123,0,0
43,35,0.60,0,0,0
31,74,4.00,0,0,0
37,43,1.20,0,0,0
49,23,1.00,0,0,0
27,20,0.40,99,0,0
50,112,0.60,0,0,0
46,74,0.70,0,0,0
49,65,0.40,232,0,0
29,124,0.20,0,0,0
55,65,2.50,0,0,0
61,73,2.00,285,0,0
45,8,0.10,0,0,0
33,53,2.30,76,0,0
63,131,2.60,229,0,1
32,13,0.30,0,1,0
42,60,2.40,98,0,0
51,45,1.60,82,0,0
44,39,2.10,119,0,0
33,78,2.00,0,0,0
39,43,0.50,0,0,0
56,31,0.30,109,1,0
28,118,2.40,161,0,1
43,82,0.10,0,0,0
30,112,2.50,0,0,0
34,10,0.40,0,0,0
26,18,0.90,95,0,0
58,72,0.30,0,0,0
43,72,0.20,0,0,0
40,78,5.20,0,0,0
54,78,1.80,0,0,0
44,30,0.50,0,0,0
54,45,1.40,0,0,0
39,80,0.40,0,0,0
59,174,4.70,0,0,0
53,51,3.20,0,0,0
32,181,6.00,0,1,0
40,78,1.40,194,0,0
54,79,1.60,0,0,0
27,119,5.40,118,0,0
63,49,1.20,109,1,0
26,83,3.90,0,0,1
33,100,2.70,126,0,0
43,70,2.33,0,0,0
57,52,0.50,0,0,0
26,12,1.00,0,0,0
55,82,1.30,219,0,0
30,34,0.30,0,0,0
63,112,2.40,0,0,0
55,42,1.00,0,0,0
35,83,2.20,0,0,0
45,142,1.40,0,0,1
47,199,6.67,0,0,0
31,29,1.50,121,0,0
56,70,1.40,273,0,0
49,25,0.70,0,0,0
53,84,1.10,0,0,0
62,81,4.40,0,0,0
63,15,0.40,0,0,0
26,54,0.30,0,0,0
59,108,3.80,304,0,1
40,83,2.67,0,0,0
42,62,0.70,170,1,0
29,134,3.30,204,0,0
40,75,2.33,79,0,0
31,109,2.00,341,0,0
35,152,3.00,0,0,0
62,83,2.40,0,0,0
51,52,1.80,0,0,0
32,31,2.00,0,0,0
27,135,2.70,449,0,1
62,98,0.90,151,0,0
66,14,0.60,0,0,0
53,64,2.60,0,0,0
49,109,6.80,0,0,0
65,118,1.30,333,1,0
30,80,2.20,0,0,0
60,51,1.40,0,0,0
30,115,3.80,0,0,1
54,83,2.40,0,0,0
54,90,0.30,0,0,0
37,28,1.70,0,1,0
32,82,2.50,221,0,0
51,24,0.40,0,0,0
46,71,1.70,0,0,0
41,80,0.30,0,0,0
62,109,1.70,0,0,0
54,140,2.90,0,0,0
52,39,0.20,0,0,0
51,39,1.20,98,0,0
24,50,2.40,0,0,0
61,31,0.30,0,0,0
55,35,1.00,144,0,0
37,44,0.20,0,0,0
64,35,0.50,0,0,0
34,20,0.30,106,0,0
31,10,0.70,0,0,0
42,83,2.00,0,0,0
47,203,8.80,0,0,0
29,84,0.80,0,0,0
34,41,0.80,0,0,0
36,164,7.80,0,0,0
34,152,6.50,0,0,0
26,62,1.60,0,0,0
48,12,1.00,89,0,0
47,28,0.60,0,0,0
39,52,2.00,0,0,0
62,19,1.30,97,0,0
34,35,1.30,0,0,0
43,28,0.30,96,0,0
55,70,2.00,0,0,0
65,140,0.90,0,0,0
26,102,2.30,0,0,0
57,50,2.00,0,0,0
32,61,2.30,205,0,0
35,188,3.70,259,0,1
63,178,9.00,0,0,1
49,44,0.90,194,0,0
23,12,1.00,0,0,0
30,69,3.40,188,0,0
43,132,5.00,0,0,0
39,128,3.90,196,0,0
31,44,0.80,122,0,0
65,44,0.50,0,0,0
34,34,2.00,0,0,0
37,132,3.90,0,0,0
62,158,2.10,0,0,0
33,83,0.10,0,0,0
48,28,1.40,75,0,0
33,131,2.20,0,0,1
45,31,0.50,0,0,0
44,40,0.00,0,0,0
37,71,1.80,127,0,0
31,42,2.00,0,0,0
56,35,0.10,114,0,0
30,81,0.20,0,0,0
61,91,2.00,0,0,0
32,129,5.20,0,0,1
51,75,2.70,0,0,0
26,54,0.60,230,0,0
31,43,1.50,0,0,0
43,94,1.10,0,0,0
57,84,1.30,0,0,0
42,34,2.00,0,0,0
48,15,0.80,0,0,0
46,99,3.80,194,0,0
33,15,0.40,82,1,0
45,83,2.00,0,0,0
31,83,1.80,0,0,0
42,143,1.70,0,0,0
56,81,2.60,0,0,0
63,39,1.90,0,0,0
42,158,0.40,277,0,1
50,62,1.40,0,0,0
31,64,0.10,0,0,0
65,29,1.50,0,0,0
60,64,2.50,0,0,0
34,21,0.70,0,0,0
62,142,2.80,0,0,1
56,64,2.50,0,0,0
51,40,1.80,0,0,0
44,61,2.70,0,0,0
41,44,0.30,0,0,0
43,78,2.67,161,0,0
25,25,0.90,0,0,0
40,125,1.90,0,0,0
53,63,1.00,0,0,0
54,54,1.60,185,0,0
36,92,0.00,184,0,0
26,119,0.60,381,0,0
35,40,2.40,0,0,0
29,41,1.00,0,0,0
35,81,0.00,0,0,0
28,101,2.50,270,0,0
48,25,0.50,0,0,0
46,55,1.50,0,0,0
31,43,2.10,166,0,0
40,98,1.80,98,0,0
27,112,2.30,402,0,0
32,69,4.00,102,0,0
67,79,1.70,215,1,0
24,118,7.20,0,0,0
45,81,2.67,251,0,0
26,19,0.10,121,0,0
42,139,2.90,0,0,1
65,63,0.50,0,0,0
59,102,1.40,0,0,0
30,40,1.70,0,0,0
32,44,0.30,81,0,0
36,59,2.00,216,0,0
48,224,6.67,0,1,0
56,64,2.30,0,0,0
44,129,3.30,0,0,0
60,43,1.40,0,0,0
51,12,0.40,0,1,0
34,53,2.60,0,0,0
45,39,2.10,0,0,0
47,65,0.00,0,0,0
29,18,0.40,94,0,0
52,55,1.60,0,0,0
61,60,2.50,0,0,0
40,42,0.30,187,0,0
24,44,0.10,0,0,0
33,111,1.30,0,0,0
33,62,1.00,0,0,0
52,44,0.80,148,0,0
40,69,1.50,0,0,0
45,62,0.80,172,0,0
27,35,1.80,0,0,0
38,91,2.80,0,0,0
50,12,0.20,96,0,0
41,89,0.10,292,0,0
60,65,1.70,0,0,0
64,179,4.50,400,0,1
34,82,1.50,0,1,0
30,48,1.20,0,0,0
31,20,1.50,0,0,0
41,91,2.80,330,0,0
61,122,6.00,0,0,0
42,22,1.40,0,0,0
48,43,1.30,0,0,0
59,38,1.70,0,0,0
57,61,2.67,0,0,0
37,33,0.40,0,0,0
53,145,2.90,345,0,0
53,170,1.00,0,0,0
26,55,0.70,0,0,0
39,40,2.50,0,0,0
35,68,0.00,126,0,0
59,53,2.50,0,0,0
43,63,0.80,0,0,0
39,123,2.20,92,0,0
49,13,0.00,0,0,0
47,12,0.20,102,0,0
41,53,2.50,102,0,0
57,79,2.70,294,0,0
42,89,0.10,170,0,0
61,188,9.30,0,0,1
56,62,1.40,0,0,0
29,123,5.60,428,0,1
25,40,2.40,0,0,0
32,119,5.00,0,0,1
37,123,3.10,253,1,1
31,23,0.40,0,0,0
38,62,1.50,255,0,0
40,69,2.10,106,0,0
61,124,3.90,0,0,0
50,52,0.10,0,0,0
32,134,3.10,0,0,0
62,58,0.80,0,0,0
62,45,0.50,200,0,0
40,75,1.10,0,0,0
59,23,0.40,78,0,0
43,123,1.30,0,0,1
62,48,2.20,0,0,0
48,145,0.30,140,0,0
29,31,1.00,0,0,0
58,38,2.20,0,0,0
43,78,1.90,0,0,0
39,94,1.90,0,0,0
33,84,2.90,0,0,0
40,22,0.60,0,0,0
28,78,0.20,0,0,0
38,75,2.33,0,0,0
65,71,2.20,0,0,0
35,24,0.50,0,0,0
29,112,4.33,0,0,0
61,53,2.80,167,0,0
46,41,0.50,0,0,0
50,25,0.50,0,0,0
60,42,2.50,194,0,0
54,51,1.00,113,1,0
43,19,0.30,0,0,0
38,90,0.00,258,1,0
46,89,1.40,0,0,0
64,22,0.50,0,1,0
24,119,1.50,0,0,0
39,93,3.60,0,0,1
34,18,0.30,0,0,0
65,32,1.10,120,0,0
38,182,2.60,0,1,1
62,19,0.20,0,0,0
59,85,3.40,0,1,1
49,90,1.40,0,0,0
57,59,3.70,134,0,0
64,84,2.00,0,0,0
47,95,3.90,0,0,1
30,13,0.90,0,0,0
42,88,0.80,0,0,0
53,34,0.60,0,0,0
50,11,0.60,0,0,0
62,80,1.70,0,0,0
34,41,1.33,0,0,0
47,90,0.80,0,0,0
62,93,3.00,0,1,1
61,81,1.90,0,0,0
59,60,2.80,0,0,0
47,39,0.60,0,0,0
65,22,0.70,0,0,0
56,32,0.80,79,0,0
56,28,1.20,0,0,0
31,35,1.00,0,0,0
61,154,7.50,351,1,1
42,189,7.60,0,0,0
44,40,1.90,84,0,0
47,88,1.70,0,0,0
30,124,0.60,0,0,0
62,23,0.30,0,0,0
56,23,0.70,0,0,0
25,139,2.00,0,0,0
53,173,2.70,427,0,1
26,42,1.30,153,0,0
59,161,2.90,160,0,0
62,28,0.70,0,0,0
58,191,5.20,194,0,1
40,42,0.30,106,0,0
35,81,4.00,0,0,0
51,175,0.70,312,0,1
41,82,0.10,0,0,0
51,53,1.80,0,0,0
27,142,5.50,0,0,1
46,42,1.90,0,0,0
46,64,2.90,189,0,0
31,90,1.30,0,0,0
58,44,0.80,0,0,0
42,29,0.30,0,0,0
59,93,1.60,0,0,0
54,69,1.40,132,0,0
35,82,1.70,0,0,0
34,180,6.50,0,1,1
46,13,0.70,0,0,0
52,72,0.00,178,0,0
55,54,1.70,0,0,0
34,104,4.60,0,0,0
57,44,1.90,157,0,0
45,40,0.20,0,1,0
29,190,4.50,246,0,0
49,64,2.60,0,0,0
36,9,0.30,99,0,0
57,38,0.70,0,0,0
25,72,2.60,0,0,0
43,82,5.20,79,0,0
27,48,1.60,119,0,0
54,82,2.60,294,0,0
53,14,1.00,83,0,0
55,162,2.90,0,0,0
43,54,1.70,0,0,0
35,90,0.00,0,0,0
59,64,1.70,0,0,0
42,65,2.10,0,0,0
51,113,6.30,0,0,0
57,38,2.10,0,0,0
39,65,1.50,0,0,0
53,39,1.50,0,0,0
31,174,6.70,0,0,0
33,59,1.75,0,0,0
38,43,1.70,0,0,0
47,24,0.10,0,0,0
63,50,0.00,166,0,0
44,68,3.70,0,0,0
61,61,2.00,0,0,0
52,21,0.50,0,0,0
59,21,0.50,0,0,0
56,31,1.30,0,0,0
58,70,0.70,0,0,0
30,25,1.00,135,0,0
42,78,1.00,0,0,0
51,19,0.20,0,0,0
60,23,0.30,0,0,0
30,40,0.80,0,0,0
49,22,0.30,0,0,0
26,71,1.80,0,0,0
36,58,3.60,0,0,0
65,75,2.20,0,0,0
27,40,2.00,110,0,0
60,155,1.50,0,0,1
32,83,2.20,0,0,0
46,99,1.10,0,0,0
60,59,0.00,0,0,0
28,53,2.40,0,0,0
50,11,0.20,0,0,0
52,179,4.20,0,0,1
29,71,1.75,0,0,0
30,85,2.10,0,0,0
42,49,2.10,0,0,0
32,122,1.30,0,0,0
40,171,3.30,0,0,0
49,138,2.20,0,0,1
53,8,0.40,0,0,0
42,59,0.40,0,0,0
38,49,2.80,0,0,0
60,92,2.00,0,0,0
27,75,0.00,0,0,0
61,60,2.80,0,0,0
27,41,1.70,0,0,0
45,40,0.60,0,0,0
41,81,0.40,146,0,0
44,52,0.80,196,0,0
38,25,1.00,0,0,0
39,139,3.40,353,0,0
48,54,1.20,0,0,0
47,81,2.90,0,0,0
64,73,2.20,0,0,0
27,30,1.00,0,0,0
66,59,2.40,0,0,0
43,21,1.50,0,0,0
34,65,0.70,104,0,0
28,41,1.10,161,0,0
52,52,0.10,121,0,0
45,84,1.10,180,0,0
24,135,7.20,0,0,0
39,18,0.20,0,0,0
40,34,0.70,0,0,0
30,85,1.80,0,0,0
49,23,1.40,0,0,0
53,65,2.80,0,0,0
56,195,2.90,0,0,0
50,40,2.60,89,0,0
53,141,0.20,0,0,1
60,95,0.70,322,0,0
58,23,1.30,131,0,0
43,82,1.80,0,0,0
46,53,1.90,0,0,0
29,10,0.40,87,0,0
56,75,1.90,125,0,0
48,23,0.40,122,0,0
61,133,2.60,0,0,0
41,129,3.40,0,0,0
35,85,0.10,131,0,0
48,168,2.80,308,0,0
43,83,2.00,0,0,0
37,52,1.10,0,0,0
47,114,0.60,0,1,0
29,81,2.90,0,0,0
63,32,1.50,0,0,0
43,63,2.10,0,0,0
57,70,1.60,0,0,0
55,20,0.30,0,0,0
47,138,3.30,0,0,0
58,63,1.60,0,0,0
53,85,1.30,118,0,0
59,180,6.50,0,1,1
46,80,2.00,0,0,0
41,53,0.70,0,0,0
46,72,1.70,75,0,0
44,123,5.90,0,1,1
44,91,0.80,0,0,0
50,148,6.80,0,0,0
51,163,1.30,0,0,1
55,28,0.10,149,0,0
37,193,8.60,0,0,0
34,22,0.90,0,0,0
59,74,0.70,0,0,0
45,70,1.90,0,0,0
30,11,0.10,0,0,0
32,61,2.60,0,0,0
61,41,0.80,0,0,0
54,108,1.90,0,0,1
35,23,1.10,0,0,0
63,135,3.80,183,0,1
66,30,0.70,86,0,0
48,144,3.50,0,0,1
60,139,0.40,0,0,1
41,143,2.70,209,0,1
31,44,1.20,0,0,0
58,49,2.50,0,0,0
67,75,0.10,182,0,0
35,43,0.30,0,0,0
40,59,0.50,0,0,0
42,154,4.90,0,1,1
44,75,0.70,0,0,0
47,75,2.60,0,0,0
59,88,1.60,278,0,0
29,91,3.40,0,0,1
36,11,0.67,0,1,0
47,22,0.40,0,0,0
55,49,0.80,220,0,0
41,140,3.50,342,0,0
51,99,2.40,0,0,0
26,82,2.50,199,0,0
33,10,1.00,81,0,0
30,109,2.20,103,0,0
30,45,1.30,0,0,0
45,93,1.70,0,0,0
40,89,3.90,216,1,1
42,39,1.00,132,0,0
50,21,0.20,89,0,0
62,31,0.20,0,0,0
63,31,0.50,0,0,0
43,52,2.20,0,0,0
49,13,0.90,0,0,0
51,21,0.40,76,0,0
61,50,1.70,189,0,0
43,81,0.20,0,0,0
43,74,1.90,0,0,0
61,89,0.50,0,0,0
35,82,0.90,0,0,0
59,88,1.90,0,0,0
40,61,2.10,0,0,0
61,139,3.90,0,0,0
48,29,1.30,0,0,0
37,51,2.10,0,0,0
56,58,1.80,241,0,0
35,21,1.40,125,0,0
35,43,1.67,0,0,0
40,104,1.80,0,0,0
50,9,0.50,98,0,0
49,39,1.90,0,0,0
46,89,2.70,0,1,0
64,21,0.30,0,0,0
60,173,3.10,0,0,1
45,29,0.30,105,0,0
52,43,0.20,0,0,0
58,30,0.40,0,0,0
54,39,0.10,0,0,0
48,83,0.40,248,0,0
51,58,0.70,223,0,0
53,8,0.50,0,0,0
57,39,1.00,0,0,0
43,204,8.80,0,0,0
37,45,1.80,0,0,0
32,111,3.80,0,0,0
34,83,2.00,148,0,0
54,83,3.00,0,0,0
62,115,2.80,202,0,0
56,60,1.80,227,0,0
39,53,1.80,0,0,0
32,134,3.30,0,0,0
50,91,0.80,0,0,0
27,91,0.20,0,0,0
37,128,3.90,0,0,0
60,78,4.40,0,0,0
43,161,7.60,464,0,0
62,60,2.20,0,0,0
39,161,4.10,509,0,0
34,40,2.00,0,0,0
46,68,0.20,0,0,0
46,74,0.70,0,0,0
51,55,2.00,93,0,0
44,145,3.50,0,0,0
60,24,1.50,0,0,0
65,10,0.80,0,0,0
58,138,3.90,0,0,0
37,63,2.10,0,0,0
52,54,0.10,0,0,0
42,62,0.90,0,0,0
54,81,0.10,0,0,0
54,61,3.00,0,0,0
51,68,1.60,0,0,0
59,78,2.80,0,0,0
41,165,7.60,157,0,0
43,48,2.20,0,0,0
52,155,7.20,0,0,1
52,158,3.70,251,0,1
57,52,1.40,0,0,0
53,18,0.80,0,0,0
58,42,1.70,0,0,0
59,18,0.20,0,0,0
57,40,0.30,0,1,0
27,44,0.60,0,1,0
42,11,0.20,87,0,0
52,194,5.70,0,0,1
49,108,2.40,0,0,0
47,12,0.50,0,0,0
45,19,1.50,94,0,0
25,150,6.33,0,0,0
47,89,1.90,0,0,0
44,83,3.80,0,0,0
30,79,2.00,0,0,0
63,102,3.40,0,0,0
50,155,7.30,0,0,0
40,138,3.50,0,0,0
56,51,1.70,0,0,0
39,80,1.80,86,0,0
42,135,3.30,0,1,0
28,34,1.50,162,0,0
26,195,6.33,0,1,1
58,62,2.20,217,1,0
38,173,3.30,243,0,0
23,149,7.20,0,0,0
53,20,0.20,131,0,0
54,42,2.50,0,0,0
42,28,0.60,0,0,0
54,95,1.90,0,0,0
66,95,0.00,0,0,0
46,34,0.10,124,0,0
63,191,4.30,205,0,1
63,41,1.50,173,0,0
58,150,7.40,481,0,0
65,91,0.00,146,0,0
35,84,2.20,0,0,0
33,73,3.40,140,0,0
43,122,0.30,0,0,0
30,73,2.60,133,0,0
61,20,0.30,0,0,0
49,130,1.10,281,1,1
52,85,3.40,0,0,1
45,134,3.30,0,0,0
64,98,1.80,80,0,0
26,54,1.60,0,0,0
35,41,2.00,0,0,0
45,128,6.00,0,0,1
44,132,2.60,308,0,1
34,188,2.90,0,0,1
65,170,6.10,0,1,1
32,14,0.90,111,0,0
41,93,2.80,0,0,0
52,79,2.70,0,0,0
35,79,2.20,0,0,0
51,62,1.80,119,0,0
30,95,0.20,0,0,0
58,60,1.30,0,0,0
49,75,1.50,0,0,0
63,85,0.10,0,0,0
40,143,4.10,0,0,0
27,34,2.00,112,0,0
38,44,1.70,0,0,0
52,31,0.90,151,0,0
49,13,0.80,111,0,0
59,52,1.50,0,0,0
32,42,0.20,102,0,0
30,102,2.10,139,0,0
64,143,6.40,0,1,1
59,10,0.70,0,0,0
62,44,1.10,0,0,0
61,158,6.00,306,1,0
53,12,1.00,0,0,0
51,59,1.20,139,0,0
55,92,1.90,0,0,0
36,82,2.80,0,0,0
44,44,0.00,0,0,0
26,182,3.20,0,0,1
54,121,0.40,0,0,0
35,38,1.70,0,0,0
34,92,2.70,0,1,0
28,53,1.60,0,0,0
32,45,2.30,83,0,0
38,63,3.60,0,0,0
53,181,8.10,0,0,0
26,184,4.20,577,1,1
45,33,0.50,136,1,0
58,22,0.20,0,0,0
59,99,2.70,0,0,0
45,44,1.00,193,0,0
64,101,3.40,0,0,0
30,32,2.00,0,0,0
40,59,2.67,0,0,0
61,25,0.50,0,0,0
40,140,5.60,0,0,1
40,29,0.75,0,0,0
43,35,0.70,0,0,0
39,141,6.30,0,1,1
35,75,2.00,79,0,0
38,58,2.80,0,0,0
67,41,1.10,0,0,0
55,42,2.00,196,0,0
28,55,1.10,0,0,0
30,18,0.30,84,0,0
59,75,2.30,0,0,0
26,85,2.50,0,0,0
52,43,1.10,0,0,0
40,149,3.90,319,0,0
31,25,1.00,0,1,0
50,19,0.40,103,0,0
27,18,0.40,0,0,0
64,13,0.60,0,0,0
34,41,2.40,0,0,0
30,139,4.30,0,0,0
39,62,2.33,131,1,0
34,51,2.00,130,0,0
40,71,3.00,272,0,0
33,145,2.70,0,0,1
38,45,1.20,138,0,0
42,53,1.90,0,0,0
37,64,1.50,0,0,0
33,39,0.80,0,0,0
60,38,2.20,0,0,0
28,85,2.50,0,0,0
45,61,2.70,0,0,0
56,23,1.20,127,0,0
53,122,2.40,330,0,0
37,72,0.70,0,0,0
47,123,7.30,0,0,0
58,40,1.60,0,1,0
52,62,2.80,0,0,0
46,113,3.30,0,0,0
52,81,3.80,0,0,0
24,59,1.60,0,0,0
57,25,0.70,103,0,0
66,25,0.60,0,0,0
30,14,0.50,0,0,0
48,19,0.10,0,0,0
63,61,2.50,0,0,0
48,21,0.10,0,0,0
34,44,1.33,0,0,0
60,42,1.50,0,0,0
55,52,1.40,207,0,0
50,112,0.00,0,0,0
29,34,0.40,0,0,0
61,83,1.70,245,0,0
50,24,0.40,137,0,0
37,71,1.70,0,0,0
64,181,2.30,0,1,1
43,75,0.20,102,0,0
39,153,3.00,0,0,0
23,75,1.80,0,0,0
34,19,0.40,0,0,0
29,31,1.50,0,0,0
33,178,8.50,0,1,1
60,65,1.50,220,0,0
49,8,0.30,97,0,0
54,92,1.10,0,0,0
59,145,1.80,198,0,1
42,85,3.70,272,0,0
62,149,4.70,0,0,0
63,9,0.60,100,0,0
57,164,3.80,422,1,1
61,40,0.50,100,0,0
35,54,2.50,0,0,0
26,164,4.00,301,0,1
33,140,4.60,0,0,0
31,18,0.40,0,0,0
51,12,1.00,0,0,0
55,140,2.70,0,0,0
38,24,0.80,0,0,0
38,60,1.80,0,0,0
53,50,0.80,0,0,0
62,44,1.90,0,0,0
35,51,2.20,110,0,0
46,34,1.30,116,0,0
60,33,0.50,0,0,0
63,63,1.50,0,0,0
43,22,0.00,0,0,0
33,104,3.60,0,0,1
43,75,0.30,0,0,0
62,75,1.70,0,0,0
48,62,3.60,83,0,0
38,48,1.80,169,0,0
36,73,2.80,0,0,0
49,135,1.40,82,0,0
61,61,2.20,117,0,0
49,78,2.00,0,0,0
59,40,0.90,0,0,0
30,44,0.20,0,0,0
44,45,2.50,0,0,0
67,18,0.40,0,0,0
59,53,2.30,174,0,0
37,11,0.10,0,0,0
50,38,0.60,0,0,0
56,28,1.50,0,1,0
29,35,0.30,88,1,0
55,81,1.70,171,0,0
48,90,0.80,205,0,0
32,115,4.00,0,0,0
47,78,0.20,0,0,0
46,30,1.90,0,0,0
33,39,0.80,0,0,0
39,69,0.10,0,0,0
60,29,0.20,79,0,0
39,54,2.20,0,0,0
34,60,2.80,0,1,0
55,99,0.10,0,0,0
67,51,2.20,0,0,0
40,53,0.50,0,1,0
44,111,5.30,0,0,1
56,79,0.80,302,0,0
50,90,2.80,0,0,0
31,18,0.30,124,0,0
66,73,2.40,0,0,0
43,59,0.80,91,0,0
58,40,0.30,0,0,0
33,41,1.50,0,1,0
33,53,2.10,0,0,0
32,128,4.33,0,0,0
55,145,6.00,0,0,1
25,35,1.00,0,0,0
40,28,0.80,0,0,0
54,155,1.00,256,0,0
36,195,3.00,0,0,0
35,50,2.20,0,0,0
44,48,0.80,0,0,0
38,81,3.60,0,0,0
30,50,1.50,0,0,0
39,21,0.20,0,0,0
35,142,0.00,0,0,0
41,64,0.40,0,0,0
56,91,3.00,0,0,0
52,74,2.60,0,0,0
29,182,3.70,0,0,1
38,82,2.67,0,0,0
51,45,2.60,0,0,0
45,85,3.20,0,0,0
51,133,0.60,328,0,0
53,22,0.50,0,0,0
50,24,0.50,0,0,0
59,38,2.20,178,1,0
57,80,0.00,0,0,0
45,33,0.50,108,0,0
27,41,1.80,147,0,0
40,90,1.10,0,0,0
39,89,2.80,153,0,0
26,8,0.90,0,0,0
27,85,1.90,0,0,0
55,53,1.70,0,0,0
64,20,0.10,0,0,0
41,9,1.00,0,0,0
46,25,0.60,0,0,0
43,114,1.70,0,0,0
24,41,1.00,0,0,0
29,49,2.10,0,0,0
58,12,0.70,0,0,0
45,50,2.50,0,0,0
53,30,0.20,0,0,0
45,32,0.60,77,0,0
32,41,2.00,0,0,0
56,25,0.10,0,0,0
31,29,0.30,0,0,0
29,50,1.70,0,0,0
48,79,0.70,0,0,0
36,110,3.80,0,0,0
36,40,1.67,129,0,0
41,18,0.60,0,0,0
48,48,0.30,0,0,0
27,40,1.00,0,0,0
33,19,1.00,92,0,0
31,35,1.33,131,0,0
48,133,3.10,0,0,1
59,19,0.50,0,0,0
41,83,2.67,0,0,0
42,39,2.10,0,0,0
62,38,0.50,0,0,0
62,63,2.50,0,0,0
51,85,2.00,0,0,0
48,14,1.00,0,0,0
56,64,1.50,0,0,0
62,124,3.80,405,0,0
53,20,0.20,0,1,0
62,33,0.10,0,0,0
28,80,2.50,0,0,0
61,35,0.20,0,0,0
48,74,0.70,0,0,0
50,32,0.70,0,0,0
58,73,0.70,241,0,0
53,41,0.80,0,0,0
65,18,1.50,0,0,0
27,28,1.50,0,0,0
50,64,2.67,0,0,0
50,44,0.70,192,0,0
41,109,1.00,0,0,0
43,71,0.30,179,0,0
55,79,1.10,0,0,0
33,30,1.00,0,0,0
44,82,0.40,0,0,0
47,101,2.00,270,0,0
43,13,0.10,0,1,0
59,59,1.40,0,0,0
65,64,1.50,0,0,0
28,188,4.50,0,0,0
58,28,0.30,148,0,0
33,120,4.20,76,0,1
24,131,5.40,0,0,0
46,19,0.50,97,0,0
26,44,1.30,0,0,0
47,49,2.20,0,0,0
32,99,4.50,249,0,0
58,95,3.00,0,0,0
32,81,1.80,0,0,0
46,73,0.80,264,1,0
35,193,6.50,0,0,0
53,115,0.50,0,0,1
55,41,0.60,0,0,0
63,80,1.70,0,0,0
45,90,1.10,0,0,0
58,41,0.20,81,0,0
50,102,6.30,0,0,0
37,59,1.50,0,0,0
25,69,0.30,0,0,0
52,83,3.10,0,0,1
26,49,2.40,0,0,0
35,180,3.60,571,1,1
58,61,2.20,0,0,0
37,59,0.20,0,0,0
35,85,2.10,0,0,0
31,13,0.50,0,0,0
58,151,0.60,0,0,1
43,44,1.00,0,0,0
43,53,0.80,154,0,0
54,133,5.00,0,0,1
53,31,0.90,78,0,0
32,101,2.20,0,0,0
37,61,2.80,0,0,0
34,68,2.60,0,0,0
51,21,0.80,0,0,0
49,149,0.40,0,0,0
54,75,1.40,0,0,0
37,55,2.50,0,0,0
57,81,3.70,226,0,0
37,179,8.60,0,0,0
32,81,3.40,0,0,1
48,42,1.20,0,0,0
44,199,6.67,0,0,0
50,18,0.50,0,0,0
44,28,0.30,0,0,0
54,80,2.60,143,0,0
37,79,3.60,104,0,0
34,52,1.00,0,0,0
32,18,0.30,0,0,0
63,52,1.70,218,0,0
56,15,0.70,102,0,0
37,84,0.70,0,0,0
66,114,0.80,0,0,0
38,41,0.50,0,0,0
35,29,0.90,126,0,0
61,23,0.10,96,0,0
52,84,2.40,0,0,0
57,60,1.70,0,1,0
47,13,0.67,0,0,0
50,45,0.60,0,0,0
36,83,2.80,0,0,0
45,102,4.70,81,0,1
58,58,2.30,169,0,0
27,134,1.70,307,0,1
27,130,2.90,0,0,1
48,148,3.30,0,1,0
46,92,0.20,0,0,0
32,142,6.20,120,1,1
54,62,0.70,0,0,0
31,50,1.50,0,0,0
42,29,0.60,0,0,0
30,85,2.50,293,1,0
41,78,0.40,0,0,0
44,85,1.90,0,0,0
37,89,1.70,0,0,0
51,33,0.90,0,0,0
30,42,2.10,0,0,0
36,31,1.70,124,0,0
65,143,6.60,0,0,1
33,35,0.80,0,0,0
58,22,0.10,0,0,0
34,45,1.70,84,0,0
38,119,3.30,0,0,0
59,43,1.30,0,0,0
37,75,0.90,0,0,0
59,121,4.30,0,0,0
47,63,0.80,0,0,0
48,58,1.70,0,0,0
38,184,8.00,0,0,1
34,155,6.50,0,0,0
44,69,2.67,0,0,0
33,188,7.00,581,0,1
47,38,0.60,0,0,0
41,9,0.30,0,0,0
36,69,2.10,0,0,0
28,199,6.33,0,0,0
59,38,0.80,0,0,0
43,129,5.00,0,0,0
56,59,1.90,0,0,0
28,115,1.90,200,0,0
62,83,0.10,0,0,0
40,65,3.20,0,0,0
34,72,2.30,124,0,0
52,72,1.60,0,0,0
40,63,0.50,221,0,0
27,64,1.80,0,0,0
52,194,1.70,0,0,0
39,104,4.00,0,1,0
52,180,1.70,550,0,0
50,18,1.00,88,0,0
40,93,2.80,328,1,0
35,32,1.33,137,0,0
39,68,2.10,0,0,0
25,38,1.60,0,0,0
33,115,2.70,283,0,0
26,161,7.20,0,0,0
46,154,2.80,94,0,0
27,68,0.00,0,0,0
55,44,1.00,0,0,0
52,149,0.40,0,0,0
59,103,2.60,0,0,0
63,41,1.30,0,0,0
61,113,2.80,0,0,0
58,48,1.30,0,0,0
29,69,1.80,0,0,0
51,43,1.10,164,0,0
59,19,0.30,0,0,0
41,65,2.10,0,0,0
59,32,0.40,0,0,0
52,20,0.30,0,0,0
39,25,0.80,0,0,0
45,70,2.80,0,0,0
59,70,2.30,0,0,0
49,103,2.00,167,0,0
48,162,1.40,400,0,1
61,61,2.80,153,0,0
31,170,6.00,0,0,0
42,49,2.80,0,0,0
35,108,2.75,0,0,1
57,62,2.00,0,0,0
54,102,1.70,0,0,0
61,141,0.70,0,1,1
60,8,1.00,0,0,0
59,91,1.60,0,0,0
62,10,0.50,0,0,0
26,35,1.70,119,0,0
41,71,0.30,0,0,0
65,59,2.40,0,0,0
25,14,0.90,0,0,0
25,122,0.20,0,0,0
27,81,1.50,307,1,0
65,35,0.50,150,0,0
60,83,1.40,75,0,0
29,121,1.50,0,0,0
32,35,1.00,0,0,0
32,140,6.60,0,1,1
41,88,2.80,0,0,0
52,70,1.10,0,0,0
40,63,1.50,0,0,0
39,125,3.50,0,0,0
34,21,1.00,0,0,0
34,75,1.80,0,0,0
34,38,1.33,0,0,0
41,58,2.67,0,0,0
59,31,0.40,0,0,0
40,18,1.50,0,0,0
52,29,1.50,159,0,0
37,29,1.40,0,0,0
39,69,0.10,247,0,0
49,121,4.90,0,0,0
63,64,1.80,147,0,0
34,84,2.20,323,0,0
51,65,0.70,0,0,0
61,85,1.80,0,0,0
56,44,1.50,153,0,0
62,174,4.70,0,0,0
56,178,2.90,0,0,0
58,55,2.50,0,0,0
58,25,0.90,90,0,0
50,21,0.20,0,0,0
44,72,0.30,0,0,0
49,129,0.30,0,0,0
31,18,0.40,0,0,0
49,91,1.40,0,0,0
43,38,0.50,144,0,0
31,21,1.00,0,0,0
66,38,1.10,0,0,0
41,154,1.70,0,0,0
39,178,4.10,207,0,0
46,85,0.20,0,1,0
57,93,1.60,161,0,0
59,151,6.00,0,0,0
30,78,2.20,236,0,0
26,135,1.50,0,0,0
46,40,0.30,116,0,0
66,80,0.10,0,0,0
50,18,0.00,0,0,0
61,74,0.70,0,0,0
37,94,1.80,232,0,0
51,173,0.50,0,0,1
56,88,1.00,0,0,0
58,82,4.30,263,0,0
41,54,2.10,0,0,0
35,45,0.90,101,0,0
38,39,2.00,0,0,0
26,20,1.00,116,0,0
35,93,1.80,0,0,0
36,85,1.20,0,0,0
26,95,0.80,0,0,0
53,48,1.90,0,0,0
56,22,1.20,0,0,0
44,33,0.75,171,0,0
47,40,2.10,156,0,0
32,30,0.40,78,0,0
52,22,0.80,0,0,0
39,20,0.60,0,0,0
47,49,2.50,0,0,0
35,25,0.10,0,0,0
26,150,7.20,0,0,0
43,32,0.30,0,0,0
52,9,0.20,0,0,0
30,23,0.90,0,0,0
36,18,1.00,0,0,0
48,42,0.60,121,0,0
36,39,2.00,153,0,0
58,84,1.60,0,0,0
35,101,3.80,150,0,1
59,43,0.40,0,0,0
36,28,1.00,130,0,0
45,59,2.50,155,0,0
56,29,1.50,146,0,0
46,39,1.30,101,0,0
26,42,1.30,0,0,0
37,24,1.00,0,0,0
44,62,0.30,0,0,0
44,33,0.30,142,0,0
33,73,2.50,135,0,0
34,88,0.00,121,0,0
35,58,2.80,0,0,0
48,48,2.10,0,0,0
58,40,2.80,0,0,0
30,160,4.30,249,0,0
62,39,1.50,0,0,0
40,53,2.00,0,0,0
42,32,0.50,0,0,0
43,32,0.60,0,0,0
58,11,0.30,96,0,0
36,123,3.00,0,0,1
29,184,2.20,612,0,1
49,60,0.70,142,0,0
60,41,2.20,0,0,0
58,99,1.40,0,0,0
50,83,3.00,0,0,0
46,134,3.30,0,0,0
45,85,1.70,0,0,0
32,41,0.90,179,0,0
42,44,0.30,0,1,0
30,62,0.10,0,0,0
60,149,4.70,0,0,0
46,115,4.20,0,1,1
32,25,1.00,0,0,0
56,84,1.60,0,0,0
56,81,0.00,225,0,0
30,181,4.30,230,0,0
52,62,1.80,0,0,0
31,11,0.50,80,0,0
37,60,2.10,217,0,0
30,42,2.10,144,0,0
29,83,2.20,0,0,0
49,109,0.60,0,0,0
49,70,0.30,217,0,0
65,25,0.40,113,0,0
54,72,1.40,218,0,0
36,183,0.00,0,0,0
56,44,2.50,0,0,0
34,52,0.20,0,0,0
33,18,0.40,0,0,0
59,40,0.40,135,0,0
49,174,4.60,590,0,1
61,41,2.50,0,0,0
31,81,2.50,313,0,0
45,128,4.70,0,0,0
35,135,4.80,0,0,1
37,65,2.40,260,0,0
58,145,0.50,119,0,0
49,65,1.00,0,0,0
63,119,2.90,0,0,0
55,124,0.30,0,0,0
38,33,1.50,0,0,0
45,41,0.20,0,0,0
44,105,4.70,0,0,0
58,130,2.70,0,0,0
56,80,1.30,0,0,0
37,115,0.80,0,0,0
50,62,0.80,0,0,0
34,165,7.00,541,0,1
51,34,0.60,128,0,0
49,18,0.40,121,0,0
33,44,0.30,0,0,0
61,25,0.80,142,0,0
41,52,2.20,0,0,0
50,133,1.40,342,0,1
41,71,3.20,0,0,0
38,61,0.20,0,0,0
51,62,3.20,118,0,0
63,33,0.10,0,0,0
55,28,2.00,0,0,0
46,53,1.90,187,0,0
27,69,0.70,0,0,0
59,165,6.00,0,0,0
26,75,0.30,0,0,0
61,54,1.50,0,0,0
44,142,1.50,0,0,1
53,53,0.10,0,0,0
34,41,1.00,0,0,0
40,43,1.70,98,0,0
56,79,2.67,0,0,0
57,24,0.20,140,0,0
43,73,2.33,0,1,0
38,129,4.10,0,1,1
60,50,2.20,0,0,0
54,28,0.80,0,0,0
51,64,1.80,0,0,0
41,49,0.90,0,1,0
25,121,5.40,158,0,0
58,58,2.00,0,0,0
61,51,1.40,0,0,0
56,61,0.90,0,1,0
43,35,0.30,120,0,0
42,39,2.00,0,1,0
48,74,1.40,0,0,0
45,201,2.80,0,0,0
40,81,0.40,0,0,0
43,44,2.40,0,0,0
52,19,1.40,96,0,0
54,85,1.30,299,0,0
26,74,2.20,0,0,0
26,54,1.10,0,0,0
33,58,2.50,0,0,0
40,18,0.10,119,0,0
64,88,3.80,243,0,0
62,19,0.50,89,0,0
54,49,2.20,128,0,0
34,101,0.60,0,0,0
40,138,6.10,0,0,0
41,25,0.10,0,0,0
48,120,0.00,0,0,0
46,153,7.50,0,0,0
51,28,1.30,94,0,0
30,110,2.90,0,0,0
65,94,2.00,0,0,0
49,48,1.30,0,0,0
29,123,0.60,0,0,0
36,33,1.20,82,0,0
50,42,0.70,110,0,0
41,68,3.00,0,0,0
42,28,1.50,91,0,0
37,42,0.50,0,0,0
31,28,0.30,0,0,0
40,73,3.00,0,0,0
36,89,2.70,0,0,0
64,82,3.40,0,0,0
37,83,1.70,0,0,0
43,121,0.70,0,1,1
57,28,1.20,98,0,0
62,39,0.30,0,0,0
63,110,1.80,109,0,0
57,55,1.40,0,0,0
59,111,4.30,0,0,0
47,94,4.70,0,0,0
26,85,1.60,0,0,0
59,81,1.40,0,0,0
45,94,0.50,0,0,0
33,162,8.60,0,1,0
61,80,1.70,0,0,0
54,70,2.00,116,0,0
46,19,0.50,0,0,0
28,112,1.60,0,0,1
52,109,2.40,308,1,0
26,12,0.10,0,0,0
49,33,1.70,0,0,0
42,49,1.70,106,0,0
51,42,1.30,0,0,0
39,41,0.30,108,0,0
44,43,0.70,0,0,0
29,64,0.00,249,0,0
47,19,1.00,0,0,0
53,65,2.20,0,0,0
29,53,1.80,0,0,0
47,32,1.50,75,0,0
45,22,1.50,0,0,0
63,39,0.70,0,0,0
39,59,0.20,0,0,0
29,50,1.75,0,0,0
50,19,0.90,0,0,0
51,55,1.60,197,0,0
58,81,3.00,0,0,0
39,108,1.20,0,0,0
46,122,3.00,0,1,1
32,98,4.50,306,0,0
53,110,4.90,0,0,0
29,33,1.80,78,0,0
41,34,0.70,143,0,0
41,69,0.10,0,0,0
58,41,2.50,0,0,0
45,60,0.40,250,0,0
37,95,1.70,0,0,0
58,73,1.40,0,0,0
58,41,2.20,148,0,0
31,68,4.00,0,0,0
59,64,1.70,0,0,0
38,29,1.00,0,0,0
29,31,1.80,0,0,0
40,54,0.80,0,0,0
57,63,2.00,0,0,0
50,92,2.60,213,0,0
29,135,5.30,0,1,1
34,195,3.00,122,0,0
36,45,0.20,0,0,0
51,72,2.90,0,0,0
27,98,2.30,0,0,0
48,30,1.70,162,0,0
32,78,2.90,0,0,0
48,43,1.70,159,0,0
34,85,2.50,136,0,0
24,38,1.00,0,0,0
55,58,2.00,219,0,0
51,92,1.90,100,0,0
30,13,0.50,0,0,0
45,218,6.67,0,0,0
64,75,2.00,0,0,0
29,40,1.90,0,0,0
30,15,0.40,85,0,0
63,24,0.30,0,0,0
65,49,0.50,0,0,0
28,83,0.80,0,0,0
