Account length,International plan,Voice mail plan,Customer service calls,Churn
128,0,1,1,1
107,0,1,1,1
137,0,0,0,1
84,1,0,2,1
75,1,0,3,1
118,1,0,0,1
121,0,1,3,1
147,1,0,0,1
141,1,1,0,1
74,0,0,0,1
168,0,0,1,1
95,0,0,3,1
62,0,0,4,1
85,0,1,1,1
93,0,0,3,1
76,0,1,1,1
73,0,0,1,1
147,0,0,0,1
77,0,0,5,0
130,0,0,0,1
132,0,0,0,1
174,0,0,3,1
57,0,1,0,1
54,0,0,3,1
20,0,0,0,1
142,0,0,2,1
75,0,0,1,1
172,0,0,3,1
12,0,0,1,0
57,0,1,0,1
72,0,1,3,1
78,0,0,1,1
136,1,1,3,1
149,0,0,1,1
98,0,0,3,1
135,1,1,0,0
34,0,0,2,1
160,0,0,3,1
64,0,0,1,1
59,0,1,2,1
142,0,0,2,1
97,0,1,1,1
52,0,0,3,1
60,0,0,1,1
96,0,0,2,1
87,0,0,5,0
81,0,0,1,1
141,0,0,1,1
121,0,1,3,0
125,0,0,1,1
174,0,0,1,1
116,0,1,2,1
149,0,1,3,1
38,0,0,2,1
40,0,1,2,1
43,1,0,0,1
113,1,0,0,1
126,0,0,1,1
150,0,0,4,0
138,0,0,3,1
162,0,1,0,1
147,0,0,3,1
90,0,0,1,1
50,0,0,1,1
82,0,0,0,0
144,0,0,4,0
70,0,0,1,1
144,0,0,1,1
116,1,0,3,1
55,0,1,3,1
70,0,1,1,1
106,0,0,2,0
94,0,0,4,0
111,0,0,1,1
74,0,1,2,1
128,0,0,1,0
82,0,0,1,1
80,0,0,1,1
78,0,0,3,1
90,0,0,3,1
104,0,0,1,1
99,0,0,4,1
120,0,0,1,0
98,0,1,4,1
135,0,0,0,1
122,0,0,1,1
95,0,0,4,1
93,0,1,1,1
157,0,0,3,1
120,0,0,1,1
103,0,0,2,1
98,0,0,4,1
125,0,0,1,1
36,1,1,0,0
64,0,0,1,1
74,0,0,1,0
112,0,1,2,1
46,0,0,1,1
41,0,1,0,1
121,0,0,3,1
193,0,0,1,1
130,0,0,2,1
85,0,0,1,1
162,0,0,4,0
61,0,1,4,0
92,0,0,2,1
131,0,1,3,1
90,0,0,3,1
78,0,0,1,1
82,0,0,4,1
163,0,0,1,1
91,1,0,3,1
75,0,1,5,1
91,0,0,3,1
127,0,1,1,1
113,0,1,2,1
110,0,0,1,1
120,0,1,0,1
157,0,1,3,1
103,0,0,1,1
117,1,0,2,0
140,0,0,3,1
83,1,0,1,1
145,0,1,2,1
113,0,0,1,1
56,0,0,1,1
96,0,0,5,1
151,0,0,0,1
83,0,0,0,0
139,0,1,0,1
115,0,1,1,1
87,0,0,0,1
141,0,0,0,1
141,0,1,3,1
62,0,0,1,1
146,0,0,1,1
92,0,1,2,1
185,0,1,1,1
148,0,0,1,1
94,0,1,1,1
68,0,0,1,1
179,0,0,0,1
94,0,0,2,1
62,0,0,0,1
116,0,0,3,1
70,0,0,3,1
94,1,1,4,1
126,0,0,5,0
67,0,1,2,1
19,0,0,2,1
170,1,0,3,1
73,0,0,1,1
106,0,0,1,1
164,0,0,1,1
51,0,0,1,1
107,0,0,0,1
130,0,0,1,1
80,0,0,2,1
94,0,0,0,1
118,0,1,1,1
117,0,1,1,1
78,0,0,0,1
131,1,1,4,0
63,0,0,0,1
53,0,1,3,1
62,0,0,2,1
97,0,0,3,1
105,0,0,2,1
157,0,0,1,1
66,0,1,1,1
38,0,0,3,1
106,0,0,3,1
99,0,0,3,1
144,1,0,0,1
82,0,1,1,1
86,0,1,1,1
70,1,0,2,0
93,0,0,3,1
93,0,0,0,1
120,0,0,3,1
136,0,0,1,0
106,0,0,0,1
81,0,0,3,1
127,0,1,1,1
35,0,0,2,1
88,0,0,2,1
123,0,0,3,1
126,0,1,2,1
104,0,1,4,1
93,1,0,0,0
63,1,1,1,1
100,0,0,3,1
53,0,0,0,1
92,1,0,1,1
110,0,1,2,1
110,0,0,3,1
73,0,0,1,1
138,0,0,0,1
137,1,0,2,0
36,0,0,1,1
85,0,0,3,1
108,0,0,0,0
22,0,0,0,1
107,0,1,0,1
51,0,0,0,1
33,0,1,4,0
106,0,0,4,1
82,0,0,3,1
97,1,0,0,1
108,0,0,1,1
114,0,0,1,1
59,0,0,1,1
24,0,1,1,1
151,0,0,1,1
117,0,0,1,1
114,0,1,1,1
114,0,1,4,1
119,0,0,3,1
118,1,0,2,1
101,0,0,0,1
117,0,0,1,1
49,0,1,3,1
139,0,0,3,1
92,0,1,1,1
148,1,0,0,1
131,0,1,2,1
146,1,0,3,1
48,0,1,1,1
86,0,1,1,1
71,0,0,3,1
137,0,0,2,1
137,0,0,2,1
167,0,0,0,1
132,0,0,0,1
94,0,0,1,1
96,0,1,1,1
166,0,0,1,1
74,0,0,2,1
36,0,0,0,1
113,0,0,4,1
67,0,0,2,1
158,0,0,1,1
136,0,0,1,1
196,0,0,2,1
113,0,0,1,0
112,0,0,0,1
209,0,0,3,1
62,0,0,1,0
110,0,1,1,1
16,0,0,0,1
73,0,0,0,1
128,0,0,0,1
39,0,0,1,1
103,0,1,2,1
119,0,1,3,1
173,0,1,3,1
128,1,1,2,0
86,0,0,0,1
114,0,1,1,1
104,0,0,0,1
148,0,0,1,1
129,0,0,3,1
100,0,1,0,1
143,0,1,1,1
76,0,0,0,1
158,0,0,0,1
116,0,0,3,1
54,0,0,1,0
86,0,0,7,0
108,0,0,0,1
66,0,0,1,1
151,0,1,1,1
99,0,0,0,1
55,0,0,2,1
78,0,0,0,1
89,0,0,1,0
101,0,0,1,1
44,0,1,0,1
98,0,1,2,1
64,0,1,1,1
141,0,0,3,1
81,0,1,1,1
162,0,0,1,1
83,0,1,3,1
100,0,0,4,0
59,0,0,4,1
179,1,1,4,1
79,0,0,1,1
117,0,0,2,1
31,0,0,1,1
122,0,1,2,1
37,1,1,1,1
90,0,1,1,1
159,1,0,1,0
39,0,1,1,1
194,0,0,0,1
154,0,0,1,0
112,0,0,4,1
45,0,0,1,1
132,0,0,1,1
128,0,0,0,1
56,0,0,2,1
151,1,0,0,0
32,0,0,2,1
90,0,0,2,1
138,0,0,2,1
79,0,0,1,1
95,1,0,1,0
127,0,0,2,1
137,0,0,3,1
97,0,0,1,1
149,1,0,0,1
117,1,1,1,1
84,0,0,2,1
137,0,0,4,1
99,0,0,3,1
85,0,0,1,1
150,0,0,3,1
43,0,0,1,1
98,0,0,5,1
112,0,0,2,1
16,0,0,0,0
98,0,1,0,1
84,0,0,1,1
66,0,0,1,0
98,0,1,1,1
74,0,0,0,1
119,0,0,1,1
73,0,0,4,1
92,1,0,0,1
21,0,0,0,1
122,0,0,4,0
133,1,0,1,1
145,0,0,2,1
25,0,0,2,1
126,0,0,3,1
76,0,0,0,1
113,0,0,2,0
224,1,0,1,0
128,0,1,1,1
115,0,0,2,1
141,0,1,2,1
51,0,0,1,1
100,0,0,0,1
96,0,1,3,1
163,0,0,1,1
67,0,1,1,1
49,0,0,2,1
46,0,0,2,0
148,0,0,1,1
112,0,0,1,1
78,0,0,2,1
61,0,1,0,1
58,0,1,1,1
155,0,0,1,1
100,0,0,0,0
113,0,0,1,1
135,0,1,1,1
99,0,0,0,1
59,0,1,1,1
135,0,0,1,1
85,1,0,2,1
88,0,0,3,1
55,0,0,2,1
75,0,0,1,1
86,0,1,0,1
97,0,0,1,0
88,0,0,1,0
54,0,0,2,1
11,0,1,3,1
109,0,0,0,1
90,0,0,1,1
91,0,0,0,1
105,0,1,0,1
71,1,0,3,0
132,0,1,3,0
112,0,0,1,1
41,0,1,2,1
44,0,0,1,1
78,0,0,3,1
149,0,0,1,1
72,0,1,4,0
74,0,0,3,1
50,0,0,1,1
141,0,1,3,1
140,0,0,1,1
99,0,0,2,1
166,0,0,1,1
74,0,0,0,1
117,0,0,2,1
85,0,0,3,1
36,0,1,0,1
76,0,0,0,1
165,0,0,1,1
130,0,0,1,1
92,1,0,2,0
18,0,0,1,1
161,1,0,2,1
93,0,1,2,1
144,0,0,2,1
95,0,0,1,1
124,0,1,1,1
93,1,0,1,0
109,1,1,0,1
80,0,0,0,1
41,0,0,1,1
136,0,1,2,1
143,0,1,1,1
118,0,1,5,0
193,0,1,1,1
73,0,0,3,1
62,0,0,2,1
30,0,1,0,1
60,1,1,0,0
148,0,1,1,1
96,0,0,2,1
87,0,0,1,1
41,0,0,3,1
112,0,0,1,1
88,0,0,4,0
122,0,1,7,1
61,0,0,2,1
176,0,0,2,1
30,0,0,0,1
46,0,0,2,1
100,1,0,0,1
47,0,1,2,1
77,0,0,2,1
98,0,1,2,1
125,0,1,1,1
194,0,0,1,1
128,0,1,1,1
190,0,1,0,1
59,0,0,2,1
47,0,1,1,1
152,1,1,9,0
95,0,1,1,1
31,0,1,0,1
121,0,1,4,1
111,0,0,4,0
44,0,0,3,0
61,1,0,2,1
65,0,0,2,1
74,0,1,2,1
123,0,0,0,1
58,0,1,1,1
74,0,0,2,0
125,0,0,2,1
53,0,1,0,1
99,0,1,1,1
99,0,0,1,1
66,0,1,2,1
97,0,0,3,1
85,1,0,2,1
108,0,0,2,1
133,1,1,2,0
51,0,0,1,1
186,0,1,2,1
44,1,0,1,1
64,0,1,3,1
114,0,1,1,1
92,0,0,3,1
110,0,0,2,1
90,0,1,1,1
72,0,1,1,1
113,0,0,1,0
171,0,1,3,1
104,0,0,1,1
165,0,0,1,1
104,0,0,0,0
110,0,0,1,1
90,1,0,1,1
114,0,0,1,1
109,0,0,2,1
92,0,0,2,1
82,0,1,2,1
90,0,0,2,1
87,0,1,1,1
124,0,0,3,1
84,0,0,1,1
75,0,1,0,1
102,0,0,2,1
62,1,0,0,0
143,0,0,1,1
53,0,0,3,1
112,0,0,2,0
129,0,0,0,1
28,0,0,0,1
90,0,0,1,1
151,0,0,4,1
41,0,1,2,1
48,0,1,1,1
153,0,0,1,1
110,1,0,0,0
163,0,0,1,1
126,0,0,1,1
126,0,0,0,1
97,0,0,3,1
95,1,1,0,0
87,0,0,4,1
97,0,0,1,1
76,0,0,0,0
140,0,0,0,1
169,0,0,0,1
68,0,1,3,1
122,0,1,2,1
36,0,0,2,1
120,0,1,5,1
64,0,1,0,1
13,0,1,1,1
106,0,0,0,1
74,0,0,1,1
83,0,0,0,1
49,0,0,0,1
111,0,1,1,1
50,0,1,3,1
88,0,0,1,1
131,0,1,0,1
79,0,0,3,0
140,0,0,2,1
105,0,0,1,1
87,0,1,3,1
96,0,1,1,1
130,0,0,2,1
34,0,0,0,1
139,0,0,1,1
63,0,0,0,1
152,0,0,3,1
147,0,0,1,1
112,0,1,2,1
120,0,0,2,1
171,0,0,1,1
101,0,1,0,1
151,0,0,0,1
60,0,0,3,1
42,0,0,0,1
84,0,0,1,1
65,0,0,0,1
75,1,0,1,0
189,0,1,3,1
63,0,1,1,1
108,0,0,1,1
71,0,0,1,1
137,0,0,1,1
82,0,0,4,1
96,0,0,1,1
37,0,0,0,1
98,0,0,0,1
121,0,0,0,1
94,0,0,0,1
99,0,0,1,1
163,0,1,1,1
161,0,0,3,1
99,0,0,1,1
108,0,0,1,1
84,0,1,3,1
139,0,0,2,1
69,0,0,3,1
129,0,0,4,1
106,0,0,2,1
168,0,1,2,1
57,1,1,2,1
67,0,0,1,1
127,0,0,1,1
78,0,0,2,1
100,0,1,0,1
113,0,0,1,1
78,0,0,3,1
129,0,1,1,1
57,0,0,2,1
82,0,0,1,1
94,0,0,3,0
90,0,0,2,1
48,0,0,2,1
85,0,1,2,1
93,1,1,1,1
169,1,0,3,1
68,0,0,5,0
91,1,0,2,0
68,0,0,1,1
101,0,0,1,1
67,0,1,1,1
66,0,0,0,1
116,0,1,5,1
158,0,0,1,1
78,0,0,1,1
119,0,1,1,1
120,0,0,1,1
155,0,0,1,1
106,0,0,1,1
146,0,1,3,1
101,0,1,0,1
22,0,1,3,1
41,0,0,1,1
69,0,0,2,1
33,0,0,2,1
112,0,0,1,1
136,0,1,2,1
128,0,0,1,1
27,0,0,2,1
161,1,0,1,1
120,0,1,0,1
113,0,0,2,1
122,1,0,0,0
148,0,1,2,1
74,0,0,3,1
106,0,0,1,1
179,0,0,1,1
77,0,0,0,1
127,1,0,1,0
80,0,0,1,1
61,0,1,0,1
135,1,1,2,1
115,0,1,6,1
107,1,0,2,1
112,1,0,1,1
103,1,0,3,1
69,0,0,3,1
85,0,0,0,1
24,0,0,2,0
90,0,0,2,1
137,0,0,3,1
69,1,1,1,0
45,0,0,2,1
73,0,0,1,1
92,0,0,1,1
113,0,1,1,1
135,0,1,2,1
100,0,1,1,1
96,0,1,1,1
108,0,0,1,1
84,0,0,0,1
134,0,0,1,1
72,0,0,0,1
83,0,0,0,1
137,0,0,0,1
56,0,1,1,1
61,1,1,0,1
171,0,1,1,1
58,0,0,0,1
156,0,0,1,1
166,0,0,0,1
75,0,0,2,0
83,0,0,1,1
243,0,0,2,1
150,0,0,1,1
92,0,1,2,1
80,0,0,0,1
134,0,0,1,1
77,0,1,1,1
147,0,0,2,1
74,0,0,1,1
138,1,0,1,1
64,0,0,2,1
120,0,0,2,1
121,1,0,3,0
88,0,0,2,1
104,0,0,3,1
27,0,0,1,1
81,0,1,0,1
64,1,1,0,1
107,0,1,1,1
88,0,1,1,1
111,0,0,3,1
77,0,0,5,1
67,1,0,2,1
102,0,0,1,1
146,0,1,1,1
96,0,0,1,0
149,0,0,0,1
129,0,0,2,1
166,0,0,0,1
149,0,0,3,1
70,0,0,3,1
66,0,0,2,1
160,0,0,1,1
129,0,1,1,1
93,0,0,3,0
169,0,0,2,1
58,0,0,1,1
45,0,0,1,1
155,0,0,3,1
52,0,0,4,1
119,0,1,0,1
86,0,0,1,1
42,0,0,0,1
123,0,0,0,1
98,0,0,4,0
149,0,1,1,1
160,0,0,1,1
103,0,0,5,1
132,0,1,1,1
137,0,0,1,1
129,1,0,1,1
62,0,0,1,1
32,0,0,1,1
86,0,0,3,1
130,0,0,1,1
42,0,0,1,1
73,0,0,2,1
66,0,1,2,1
103,0,1,0,1
128,0,0,1,1
104,0,0,2,1
103,0,0,0,1
87,0,0,1,1
109,0,1,1,0
97,0,0,4,0
106,0,0,2,1
125,0,0,2,1
108,0,1,0,1
125,0,0,1,1
72,1,1,0,1
23,0,0,2,0
149,0,0,7,1
73,0,0,0,1
61,0,0,1,0
161,0,0,4,0
118,0,1,1,1
23,0,0,6,1
127,0,1,0,1
42,0,1,0,1
118,0,0,5,0
45,0,0,2,1
50,0,1,1,1
179,0,0,0,0
152,0,0,2,1
105,0,0,2,1
72,0,0,0,1
52,0,0,1,1
125,0,0,1,1
143,0,0,1,1
65,0,0,1,1
80,0,0,1,1
43,0,0,1,1
143,0,0,0,1
81,0,1,0,1
205,0,1,2,1
24,0,0,1,1
74,0,0,0,1
74,0,0,1,1
74,1,0,1,0
200,0,0,1,1
86,0,0,4,1
91,0,1,0,1
130,0,0,1,1
56,0,0,2,1
117,0,0,0,1
126,0,0,0,1
132,0,0,1,1
81,0,1,4,0
122,0,0,2,1
46,0,0,2,0
99,0,0,1,1
87,0,0,1,1
108,0,0,1,1
53,0,0,3,1
144,1,0,0,1
91,0,1,3,1
58,0,0,2,1
5,0,0,3,1
97,0,0,0,1
142,0,1,1,1
9,0,1,1,1
73,0,0,0,1
43,0,0,0,1
122,0,1,1,0
93,0,0,0,1
85,0,0,1,1
87,0,0,1,1
137,0,0,0,1
21,0,1,6,1
104,0,0,0,1
93,0,1,4,0
63,0,0,4,0
161,0,0,0,1
103,0,1,1,1
84,0,1,1,1
92,0,0,1,1
77,0,0,1,1
64,1,0,1,0
159,0,1,1,1
110,1,1,1,0
138,0,0,3,1
178,0,0,1,1
38,0,1,0,1
45,0,1,1,1
70,0,0,0,1
147,0,1,3,1
94,0,0,1,1
179,0,0,0,1
59,0,0,0,1
165,0,0,0,1
133,0,0,2,0
140,0,0,1,1
93,0,1,2,1
64,0,1,1,1
48,0,0,2,1
181,0,0,1,1
168,0,1,2,1
155,0,0,3,1
11,0,0,2,1
182,0,0,2,1
102,0,0,0,1
122,0,0,0,1
41,0,0,1,1
132,0,0,2,1
76,0,0,1,0
115,0,1,2,1
154,0,0,0,1
100,0,0,2,1
146,1,0,1,1
67,0,1,2,1
161,1,0,1,0
70,0,0,1,1
99,0,1,2,0
87,0,0,1,1
87,0,0,1,1
70,0,0,2,1
119,0,1,3,1
87,1,0,0,1
112,0,0,5,0
75,0,0,2,1
150,0,0,4,1
161,0,1,0,1
91,1,1,0,1
124,0,0,3,1
158,0,0,0,1
102,0,0,0,1
85,0,0,0,1
79,0,0,1,1
139,0,1,2,1
103,0,0,0,1
98,1,0,1,1
78,0,0,2,1
50,0,0,1,1
86,0,1,1,1
92,0,0,0,1
174,0,0,1,1
124,0,0,1,1
190,0,1,1,1
101,0,0,1,1
185,1,1,2,1
68,0,1,0,1
117,0,1,0,1
118,0,0,1,1
124,0,0,0,1
22,0,0,1,1
75,0,0,1,1
164,0,1,1,1
177,0,0,2,1
110,0,0,0,1
158,0,0,1,1
114,0,0,0,1
64,0,1,1,1
111,0,0,3,1
60,0,0,2,1
113,0,0,3,1
109,0,0,1,1
105,0,1,0,1
85,0,0,2,1
131,0,0,0,1
59,0,0,2,1
148,0,0,1,1
210,0,0,2,1
106,0,0,1,1
57,0,1,1,1
98,0,0,1,1
157,0,0,3,1
116,0,1,1,1
30,0,0,2,1
111,0,0,4,0
52,0,0,0,1
135,0,1,2,0
86,0,0,3,1
151,0,0,3,1
117,0,0,2,1
82,0,0,0,1
152,0,0,1,1
108,0,1,1,1
98,0,0,1,0
47,0,0,3,1
189,0,0,3,1
159,0,0,1,0
11,0,1,2,1
111,0,0,2,1
99,0,1,2,1
114,1,1,2,1
71,0,0,2,1
100,0,1,1,1
83,0,1,1,1
64,0,0,5,0
105,0,0,1,1
144,0,1,2,1
106,1,1,1,0
19,0,1,1,1
46,0,0,1,1
127,0,0,2,1
9,0,1,1,1
157,0,0,1,1
105,0,0,6,0
31,0,0,0,1
95,0,1,0,1
132,0,0,5,0
119,0,1,0,1
16,0,0,1,1
99,0,0,1,1
76,0,1,1,1
167,0,0,4,0
129,0,0,1,1
116,0,0,1,1
60,1,0,1,1
47,0,1,0,1
40,1,0,3,1
173,0,0,0,1
157,0,1,1,1
66,0,1,2,1
50,1,1,0,1
72,0,0,3,1
130,0,0,1,1
143,0,0,1,1
32,0,0,1,1
166,0,0,2,1
72,0,1,1,1
134,0,1,0,1
13,0,0,4,1
90,0,0,3,1
111,0,1,3,1
101,0,1,1,1
72,0,0,0,1
67,0,1,1,1
172,0,0,3,0
154,0,1,2,1
69,0,0,2,1
123,0,0,3,1
130,0,1,0,1
142,0,1,2,1
87,0,1,0,1
149,0,0,0,1
146,1,0,2,1
88,1,0,4,0
48,0,0,1,1
135,0,0,1,1
100,0,0,1,1
98,0,0,4,1
75,0,1,2,1
180,0,1,1,1
100,0,1,1,1
119,0,1,2,1
155,0,1,1,1
78,1,0,1,0
153,0,0,1,1
154,0,0,3,1
48,0,0,1,1
94,0,0,1,1
139,0,0,1,1
126,0,0,1,1
122,0,0,2,1
131,0,1,3,1
36,0,0,1,1
180,0,0,2,1
25,0,0,2,1
120,0,0,1,1
109,0,0,2,1
162,0,1,0,1
124,0,1,1,1
177,0,0,2,1
91,0,0,1,1
105,0,0,0,0
24,0,0,0,0
86,0,0,2,1
91,0,0,0,1
147,1,1,3,1
108,0,1,4,0
159,0,0,5,1
136,1,0,3,1
45,0,1,1,1
122,0,0,2,1
138,0,0,5,1
132,0,0,1,1
58,0,0,2,1
81,0,0,1,1
87,0,0,3,1
116,0,0,2,1
62,0,1,2,0
98,0,0,2,1
107,1,0,2,1
30,0,0,3,1
40,0,1,1,0
72,0,0,1,1
95,0,1,1,1
42,0,0,0,1
86,0,0,1,1
55,0,1,4,0
74,0,0,0,1
81,1,1,1,1
81,0,0,4,1
28,0,0,6,0
111,0,0,0,1
3,0,1,2,1
68,0,1,1,1
163,0,0,0,0
87,0,0,2,1
58,0,0,0,0
109,0,0,0,1
111,0,0,4,1
144,0,0,2,1
135,0,0,5,0
109,0,1,4,1
107,0,1,1,1
149,0,0,2,1
56,0,0,1,1
129,0,0,0,1
92,0,0,0,1
67,0,1,1,1
120,0,0,0,1
76,0,0,0,1
79,0,0,2,1
98,0,1,2,1
141,0,1,1,1
46,0,0,3,1
137,0,0,3,1
171,0,0,1,0
10,0,0,1,1
88,0,0,3,1
82,0,0,3,0
139,0,0,3,1
87,0,0,0,1
137,1,0,2,1
45,0,0,1,0
103,0,0,1,1
100,0,0,2,1
110,0,0,3,1
124,0,0,2,1
10,0,0,2,1
89,0,1,2,1
121,0,0,2,1
101,0,0,3,1
103,0,1,2,1
51,0,0,1,1
2,1,0,2,0
111,0,0,0,1
118,0,0,2,1
17,0,1,6,0
130,0,0,2,1
137,0,0,2,1
185,0,1,2,1
101,0,0,3,1
95,0,1,3,1
126,0,0,1,0
124,0,0,3,1
97,1,0,0,0
28,0,0,2,1
90,1,0,4,0
190,0,0,1,1
52,0,1,2,1
73,0,0,0,1
98,0,0,4,0
106,1,0,1,0
111,0,0,0,1
59,0,0,1,1
71,0,1,2,1
55,0,0,0,0
13,0,0,1,1
136,0,1,0,1
123,0,0,0,1
105,0,0,2,1
50,0,1,3,1
118,0,0,1,1
73,0,0,1,0
35,0,0,2,1
64,0,0,1,1
63,0,0,3,1
117,0,1,3,1
115,0,0,1,0
162,0,0,1,1
89,0,0,3,1
94,1,0,1,1
129,0,0,4,1
96,0,0,1,1
108,0,0,4,0
97,0,1,0,1
84,0,1,0,1
65,0,0,4,0
131,0,1,1,1
58,1,1,1,1
54,0,0,1,1
125,0,1,2,1
72,0,1,2,1
141,0,0,3,1
113,0,0,0,1
20,0,1,0,1
212,0,0,1,1
99,1,0,4,1
94,0,0,1,1
40,0,0,1,1
86,0,1,3,1
101,0,0,3,0
105,0,0,1,1
140,1,1,4,1
101,0,0,1,1
98,0,1,1,1
104,0,0,4,1
115,0,0,3,1
70,0,0,1,1
126,0,0,0,1
87,0,1,3,1
86,0,0,1,1
1,0,1,0,1
133,0,0,1,1
103,0,0,1,1
131,0,1,1,1
99,0,0,0,1
27,0,0,3,1
141,0,0,1,1
29,1,1,2,1
65,0,0,2,1
81,1,0,3,0
37,0,1,0,1
107,0,1,1,1
127,1,1,1,1
78,0,0,0,1
176,0,0,2,1
96,1,0,2,1
11,0,1,1,1
48,0,1,1,1
47,0,1,2,1
89,1,1,0,0
83,0,1,1,1
126,1,1,4,1
60,0,0,2,1
122,0,0,0,1
136,0,0,1,1
172,0,1,1,1
102,0,0,1,0
113,1,0,1,1
79,0,0,3,1
55,0,1,1,1
160,0,0,0,1
110,0,0,4,1
192,0,0,4,1
93,0,0,0,1
101,0,1,2,1
77,0,0,2,1
105,0,1,2,1
133,0,1,2,0
131,0,0,1,1
106,0,1,1,1
118,0,0,1,1
125,0,0,1,1
95,0,0,0,1
80,0,0,3,1
145,0,0,0,1
37,0,0,2,1
87,0,0,1,1
69,0,0,3,1
83,0,0,1,1
195,0,0,0,1
67,1,1,0,0
75,0,1,3,1
123,0,1,0,1
41,0,1,1,1
75,0,0,0,1
76,1,0,1,0
86,1,0,1,1
140,0,0,0,1
70,0,0,3,1
118,0,0,2,1
66,0,1,1,1
78,0,0,0,1
129,0,1,2,1
6,0,0,3,1
107,1,0,1,1
107,1,0,3,0
138,0,0,1,1
103,0,0,0,1
116,0,1,0,1
189,0,0,2,1
161,0,0,2,1
1,0,0,1,1
89,0,0,1,1
64,0,0,1,1
126,0,1,4,0
129,0,0,2,1
128,0,1,0,1
114,0,0,1,1
50,0,0,0,1
86,0,0,3,1
96,0,0,1,1
57,1,1,2,1
65,0,0,2,1
136,0,0,2,1
116,0,0,1,1
93,0,0,3,1
142,0,1,3,1
92,0,0,1,1
70,0,0,1,1
22,0,1,1,1
37,0,0,2,1
51,0,0,1,1
174,0,0,2,1
68,0,0,1,0
130,0,0,1,1
134,0,0,2,1
108,0,1,2,1
103,0,0,3,1
62,0,0,1,1
162,0,0,2,1
42,0,0,1,1
155,0,1,2,1
36,0,0,0,1
143,0,0,0,0
81,0,0,1,0
138,1,0,4,0
103,0,1,0,0
127,1,0,2,0
136,0,0,1,0
99,0,0,2,1
95,0,0,0,1
118,1,1,4,0
113,0,0,5,0
128,1,0,0,1
117,0,0,3,1
48,0,1,3,1
81,1,0,0,1
140,0,0,1,1
107,0,1,2,1
56,0,0,1,1
159,0,0,1,1
102,0,0,1,1
106,0,0,2,1
225,0,0,0,0
86,0,0,0,1
169,0,0,1,1
122,0,1,2,1
52,0,1,2,1
79,0,1,2,1
135,0,0,2,1
37,0,0,0,1
161,0,1,1,1
123,0,0,0,1
80,0,1,2,1
94,0,0,0,1
105,0,1,1,1
73,0,1,0,1
112,0,0,2,1
179,0,0,1,1
57,0,0,1,1
127,0,1,1,1
122,1,1,1,1
33,0,1,1,1
94,0,0,3,1
100,0,0,1,1
106,0,0,2,1
148,0,1,2,1
120,0,1,0,1
91,0,1,1,1
86,0,0,1,1
78,0,1,0,1
94,0,0,1,1
85,0,0,2,0
89,0,0,1,1
128,0,0,1,1
115,1,0,1,1
76,0,0,1,1
75,0,1,1,1
82,0,1,2,1
87,0,0,1,1
115,0,1,0,1
99,1,0,0,0
121,1,1,3,1
54,0,1,2,1
95,0,0,0,1
163,0,1,2,1
57,0,0,0,1
104,1,0,4,1
83,0,1,0,1
141,0,0,2,1
95,0,0,3,1
184,0,0,1,0
74,0,0,2,1
67,0,0,0,1
104,1,0,0,1
149,0,0,4,0
154,0,1,0,1
138,0,1,0,1
117,0,0,1,1
130,0,0,1,1
73,0,0,2,1
100,0,1,0,1
149,0,0,1,1
29,0,0,2,1
131,0,0,1,1
153,0,0,2,1
84,0,0,2,1
133,0,0,2,1
87,0,0,0,1
72,0,0,2,1
65,0,1,1,1
74,0,0,2,1
116,0,0,6,0
68,0,0,2,1
68,0,0,3,1
54,1,0,1,1
107,0,0,3,1
173,0,0,0,0
110,0,0,1,1
102,0,0,0,1
91,0,1,1,1
64,1,0,1,0
176,0,1,1,1
84,0,1,1,1
138,0,0,3,1
101,0,1,1,1
136,0,0,2,1
111,0,0,2,1
132,0,1,0,1
128,0,0,3,1
92,0,1,1,1
197,1,0,5,0
99,0,1,2,1
106,0,1,3,1
78,0,0,0,1
98,0,0,1,1
17,0,1,1,1
56,0,1,1,1
84,0,0,2,1
95,0,0,2,1
76,1,0,1,0
93,0,0,0,1
83,0,0,2,1
123,0,0,1,1
64,0,0,1,1
82,0,0,0,0
110,0,0,1,1
47,0,1,2,1
115,0,0,2,1
69,0,0,3,1
90,0,0,3,1
98,0,0,3,1
90,0,1,1,1
174,0,1,1,1
79,0,0,1,0
99,0,0,7,0
114,0,0,2,1
141,0,0,1,1
132,0,0,1,1
133,0,0,0,1
133,0,0,4,1
93,0,1,2,1
140,0,0,4,0
144,0,0,1,0
24,0,1,3,1
54,0,0,1,1
50,0,0,5,0
92,0,1,4,1
96,0,0,3,1
102,0,0,4,1
99,0,0,3,1
36,0,1,1,1
70,0,0,1,1
109,1,0,2,0
100,0,0,2,1
80,0,0,2,1
100,0,0,1,1
50,0,0,1,1
105,0,0,1,1
113,0,1,4,1
111,0,1,2,1
161,0,0,2,1
70,0,0,0,0
97,0,1,3,1
130,0,0,0,1
92,0,0,1,1
119,0,0,0,1
115,0,0,1,0
127,0,1,0,1
153,0,1,0,1
79,0,0,1,1
35,0,0,1,1
68,0,0,0,1
60,0,0,1,0
71,0,1,1,1
124,0,0,3,1
23,0,0,1,0
225,0,0,1,1
181,1,0,0,0
63,0,0,2,1
54,1,0,2,0
80,1,1,1,1
118,1,1,1,1
42,1,0,2,1
134,0,0,0,1
66,0,1,0,1
66,0,0,2,1
127,0,1,1,1
146,0,0,0,1
93,0,1,1,1
77,0,0,0,0
111,0,0,4,0
115,0,1,2,1
115,1,0,2,0
114,0,0,2,1
106,0,0,0,1
59,0,0,1,1
87,1,1,1,1
21,0,0,1,1
142,0,1,0,1
149,0,0,3,0
54,0,1,2,1
88,0,0,1,1
85,0,1,1,1
51,1,0,0,0
45,0,1,2,1
146,0,1,1,1
63,0,1,1,1
72,0,0,1,1
130,0,0,0,1
97,0,0,1,1
54,0,0,1,0
160,0,1,1,1
79,0,0,1,1
92,0,1,0,1
59,0,0,1,1
132,0,0,1,1
93,0,0,2,1
147,0,1,5,1
101,0,0,1,1
125,1,0,0,0
63,0,0,3,1
107,0,0,0,1
117,0,0,1,1
124,0,0,0,1
115,0,0,3,1
156,1,0,1,1
89,0,0,0,1
72,0,0,0,1
53,0,0,2,1
116,0,0,2,1
78,0,0,3,1
56,0,0,1,1
123,0,1,1,1
116,0,1,2,1
102,0,0,3,1
95,0,0,2,1
102,0,0,2,1
89,0,1,1,1
50,0,0,1,1
93,0,1,7,1
68,0,0,1,1
70,0,0,2,1
138,0,1,0,1
112,0,1,0,1
117,1,0,1,0
1,0,1,1,1
70,0,0,1,1
52,0,1,2,1
105,0,0,2,1
77,0,1,4,0
80,1,0,2,0
120,0,1,1,1
54,0,1,2,1
148,1,0,2,1
119,0,0,2,0
85,0,0,5,0
101,0,1,1,1
172,0,0,0,1
80,0,0,1,1
67,0,0,2,1
86,0,0,1,1
107,0,0,1,0
133,0,0,0,1
116,0,0,0,1
63,0,0,0,1
119,1,1,0,0
133,1,0,0,0
94,1,0,1,1
69,0,0,0,1
146,0,0,7,0
142,1,1,0,1
123,0,0,3,1
101,0,0,1,0
43,0,0,0,1
69,0,0,0,1
15,1,0,2,1
67,0,0,2,1
99,0,0,1,1
46,0,0,1,1
55,1,0,1,1
39,0,0,1,0
92,0,0,2,1
56,0,0,4,0
76,0,0,0,0
132,1,1,2,1
51,1,1,2,1
27,0,0,1,1
224,0,0,3,1
105,1,1,0,0
117,0,0,2,1
146,0,0,3,1
147,1,0,0,0
68,0,0,2,0
68,0,0,3,1
159,0,0,2,0
134,0,1,1,1
113,0,0,1,1
132,0,0,1,1
93,1,1,1,0
174,0,1,4,0
61,0,0,2,1
91,0,1,1,1
88,0,1,2,1
88,0,1,2,1
182,0,0,0,1
118,0,0,4,1
103,0,0,8,0
65,0,0,2,1
61,0,1,3,1
172,0,0,1,1
72,0,0,1,1
113,0,0,2,1
67,0,0,1,1
136,0,0,3,1
71,0,0,4,1
134,0,0,1,1
84,0,0,2,1
39,0,0,2,1
110,0,0,3,1
102,0,0,1,1
70,0,0,0,1
142,0,0,1,1
17,0,0,1,1
119,0,0,1,0
108,1,1,3,0
90,0,0,2,1
100,0,1,1,1
155,0,1,1,1
113,0,0,2,0
123,0,0,1,1
145,0,0,1,1
42,0,0,2,1
125,0,0,0,1
131,0,1,1,1
107,0,0,1,1
48,0,0,1,1
76,0,0,0,1
128,0,0,1,1
73,0,0,0,1
52,0,0,4,0
124,0,0,1,1
137,0,0,0,1
107,0,1,3,1
147,0,0,1,1
116,0,0,3,1
60,0,1,2,1
38,0,0,0,1
63,0,0,3,1
94,0,0,3,1
131,0,0,0,1
158,0,0,1,1
139,0,0,1,0
140,0,0,3,1
52,0,1,1,1
103,0,0,5,1
85,0,1,5,1
71,0,0,2,1
177,0,1,1,1
49,1,0,2,0
106,1,0,3,0
60,0,0,1,1
43,0,0,4,1
125,0,0,0,1
114,0,1,3,1
112,0,0,3,0
101,0,1,2,1
70,0,0,0,1
59,0,0,0,1
59,0,0,1,1
99,0,0,2,1
150,0,0,1,1
81,0,0,2,1
86,0,0,0,1
84,0,0,0,1
118,0,1,1,1
89,0,0,1,1
93,0,0,3,1
85,0,0,2,1
160,0,0,0,1
28,0,0,3,1
73,0,0,1,0
156,0,0,3,1
33,1,0,1,1
77,0,0,4,1
119,0,0,1,1
91,0,1,3,1
102,0,0,3,1
86,0,1,3,1
82,0,0,0,1
89,0,0,0,1
86,0,0,3,1
92,0,0,2,1
87,0,0,3,1
64,0,0,0,1
80,0,0,3,1
165,0,1,3,1
153,0,1,1,1
108,0,0,2,1
104,0,1,1,1
115,0,0,1,1
87,0,0,1,1
119,0,0,2,1
69,0,0,1,1
93,0,0,1,0
154,1,0,0,0
57,0,1,1,1
130,0,0,5,1
151,0,0,2,1
162,0,0,2,0
60,0,0,1,1
81,0,0,3,1
136,0,0,1,0
121,0,1,1,1
105,0,1,2,1
105,0,1,2,1
51,0,1,1,1
64,0,0,3,1
80,1,1,0,1
56,0,0,4,1
120,0,0,1,1
103,0,0,3,1
164,0,1,3,1
116,0,1,2,1
121,0,0,1,1
183,0,0,2,1
104,0,0,0,1
90,0,0,1,1
82,0,0,1,1
9,0,1,2,1
97,0,0,0,1
127,0,1,0,1
125,0,1,0,1
140,0,0,1,1
90,0,0,2,1
67,0,0,2,1
113,0,0,1,1
121,0,1,0,1
93,0,0,4,1
121,0,0,1,1
53,0,0,0,0
75,0,0,1,1
132,0,0,2,1
162,0,0,3,1
140,0,0,1,1
91,0,0,2,1
73,0,1,2,1
95,1,0,4,0
145,0,0,0,1
100,0,0,1,1
122,0,0,2,1
109,0,0,0,1
82,0,0,1,1
65,0,1,0,1
52,0,0,3,1
136,0,1,2,1
75,0,0,1,1
146,0,0,1,1
105,0,0,4,1
48,0,0,2,1
45,0,0,1,1
106,0,1,2,1
33,0,0,2,1
106,0,0,0,1
141,0,0,0,1
94,0,1,0,1
65,0,0,2,1
85,0,0,1,1
71,0,0,3,0
112,0,1,0,1
110,0,0,0,1
111,0,0,2,1
74,0,0,2,0
105,0,0,2,1
40,0,0,0,1
128,1,1,0,0
123,0,0,2,0
122,0,0,0,1
114,0,1,3,1
102,0,1,2,1
126,0,0,0,1
150,0,0,4,0
60,0,0,2,0
138,1,0,0,0
29,0,0,1,1
111,0,0,4,1
37,1,0,0,0
81,0,0,1,1
46,0,0,1,1
125,0,0,1,1
43,0,0,3,1
94,0,0,1,1
46,0,0,3,1
73,0,1,2,1
146,0,1,2,1
93,0,0,1,1
52,0,1,1,1
202,0,0,3,1
129,0,1,2,1
94,0,0,1,1
100,0,0,0,1
43,0,0,1,1
130,0,0,0,1
124,0,0,3,1
92,1,0,3,0
48,0,0,4,1
98,0,1,2,1
100,0,0,1,0
79,0,0,3,1
164,0,0,1,1
89,1,0,0,1
126,0,0,3,0
96,0,0,1,1
120,0,1,0,1
212,0,0,2,0
72,0,0,2,1
155,1,1,1,1
89,0,0,2,1
126,1,0,2,1
172,0,0,2,0
143,0,0,2,1
166,1,0,0,0
132,0,0,1,1
94,1,0,1,0
99,0,0,0,1
136,0,1,1,1
119,0,0,1,1
115,1,0,3,0
160,0,0,2,1
166,0,0,2,1
120,0,0,1,1
173,0,0,1,1
156,0,0,0,1
70,0,0,0,1
41,0,0,1,1
132,0,0,0,1
47,1,0,0,0
160,0,0,1,1
180,0,0,3,1
93,0,0,2,1
109,0,0,2,1
80,0,0,0,1
54,0,1,2,1
121,0,0,2,1
157,0,1,1,1
170,0,1,0,1
138,0,0,3,1
92,0,1,1,1
167,0,0,4,0
91,0,0,2,1
127,0,0,3,1
88,0,1,1,1
123,0,0,2,1
136,1,1,2,1
68,0,1,1,1
132,0,1,0,1
133,0,0,2,1
127,0,0,0,1
121,0,0,1,1
116,0,0,2,1
97,1,0,4,0
43,0,0,2,1
110,0,0,3,1
67,0,0,1,1
166,0,0,0,1
129,0,0,1,1
103,1,0,3,1
71,0,0,0,0
112,0,1,4,1
8,0,1,1,1
98,0,0,0,0
90,0,0,1,1
13,0,0,0,0
58,0,0,2,1
137,0,1,2,1
116,0,0,5,0
94,0,1,3,1
87,0,0,3,1
120,0,0,2,1
97,0,1,0,1
134,0,0,6,1
68,0,0,2,1
93,0,0,1,1
120,0,0,1,1
41,0,0,2,1
80,0,0,2,1
83,0,1,2,1
109,1,0,2,1
66,0,1,3,1
89,0,0,1,1
117,0,1,1,1
128,0,0,2,1
88,0,0,4,0
22,0,0,2,1
78,0,0,0,1
56,0,1,1,1
192,0,0,2,1
70,0,0,2,1
148,0,0,1,1
119,0,0,1,1
80,0,0,0,1
113,0,0,3,1
75,0,0,1,1
80,0,0,1,1
148,0,0,1,1
97,0,1,1,1
166,0,0,0,1
94,0,0,1,1
85,0,1,1,1
80,1,0,1,0
210,0,1,3,1
88,1,1,1,1
154,0,1,1,1
32,0,1,1,1
18,0,0,3,1
126,0,1,0,1
144,0,1,1,1
86,0,1,0,1
138,0,1,0,1
146,0,0,3,1
74,0,0,2,1
48,0,0,2,1
74,0,1,4,1
105,1,0,0,1
157,0,0,3,1
217,0,0,0,1
68,0,0,1,1
80,0,0,1,1
38,0,1,2,1
107,0,1,0,1
140,0,0,3,1
98,0,0,5,0
114,0,0,2,1
46,0,0,1,1
118,0,1,0,1
37,0,0,3,1
34,0,0,0,1
113,0,0,3,0
69,0,0,0,1
59,1,1,1,1
59,0,0,0,1
190,0,0,0,1
109,0,0,1,1
136,0,0,2,1
86,0,0,1,1
100,0,1,0,1
106,0,0,0,1
129,0,0,2,1
205,0,0,2,1
93,0,1,0,1
99,0,0,1,1
71,0,0,1,1
4,1,0,0,1
148,0,1,3,1
141,0,0,1,1
56,0,0,0,1
43,0,1,3,1
42,0,0,2,1
135,1,0,1,1
106,0,0,3,1
106,0,0,0,1
83,0,1,3,1
110,0,0,1,1
109,0,1,5,1
124,0,0,4,0
110,0,0,2,0
124,0,0,0,1
82,0,0,6,0
137,0,0,1,1
69,0,0,1,1
16,0,0,2,1
119,0,0,3,1
124,1,0,3,0
122,0,1,1,1
139,0,0,4,1
67,0,0,2,1
84,0,0,1,1
101,0,1,0,1
40,0,0,0,1
61,0,0,2,1
120,1,0,1,0
95,0,0,1,1
98,0,0,0,1
114,0,0,2,1
22,0,0,0,1
176,0,0,0,1
152,0,0,2,1
118,0,0,0,1
101,1,0,1,1
118,0,0,2,1
105,0,0,2,0
71,0,0,0,1
71,0,1,1,1
68,0,0,2,1
66,0,0,3,1
101,0,0,3,1
116,0,0,0,1
54,0,1,0,1
112,0,1,1,1
122,0,1,1,1
74,0,0,3,1
90,0,0,1,1
112,0,0,4,0
85,0,0,4,1
100,0,0,1,1
114,0,0,2,1
83,0,0,0,1
157,1,0,0,1
51,0,0,2,1
42,0,0,1,0
101,0,1,1,0
112,0,0,3,1
56,0,0,2,1
53,0,0,9,0
64,0,1,1,1
123,0,0,0,1
68,0,1,2,1
40,1,0,0,1
132,0,0,0,1
120,1,0,2,0
108,0,1,6,0
161,0,0,1,0
130,0,0,0,0
130,0,1,2,1
90,0,0,1,1
139,0,1,0,1
57,0,0,3,1
128,0,0,4,1
107,0,0,1,0
177,0,0,1,1
121,0,0,1,1
99,1,1,0,1
77,0,1,5,0
21,0,0,2,1
56,0,0,1,1
92,0,1,1,0
81,0,0,2,1
139,1,1,1,0
68,0,0,1,1
183,0,1,2,1
165,0,0,1,1
89,0,0,1,0
59,0,0,0,1
16,1,0,0,1
114,0,0,5,0
113,0,0,2,1
120,0,0,2,1
115,0,0,0,1
100,1,0,2,0
1,0,0,0,1
97,0,1,1,1
55,0,1,2,1
75,0,0,1,1
83,0,0,2,1
40,0,0,6,0
101,0,1,2,1
120,0,1,0,1
183,0,1,1,1
75,0,0,4,0
80,0,0,2,1
88,0,0,0,1
112,0,1,1,1
63,0,0,1,1
105,0,1,4,0
177,0,0,1,1
118,0,0,0,1
82,0,1,3,1
74,0,0,0,1
125,0,0,2,1
138,0,0,3,1
119,0,0,3,1
137,0,0,1,1
182,0,0,2,0
134,0,1,1,1
45,0,0,1,1
163,0,1,1,1
105,0,0,4,1
119,0,0,2,1
78,0,0,0,1
125,0,1,1,1
88,0,0,3,1
83,0,1,0,1
3,1,0,1,1
48,0,0,3,1
129,0,0,1,0
66,0,1,0,1
80,0,1,0,1
84,0,0,1,1
96,0,0,1,1
123,0,1,1,1
116,1,1,3,0
105,1,0,3,1
80,0,0,1,1
157,0,0,2,1
67,0,1,2,1
79,0,1,1,1
76,0,0,0,1
94,0,0,0,1
109,0,0,1,1
138,0,0,2,1
73,0,0,0,1
21,0,0,5,0
103,0,0,1,1
79,0,1,2,1
89,0,0,1,1
120,0,0,1,1
121,0,1,1,1
101,0,0,0,1
115,0,0,2,1
168,0,0,2,1
70,0,0,3,1
138,0,0,1,1
43,0,0,0,1
117,0,1,2,1
108,0,0,2,1
118,0,0,2,1
62,0,1,0,1
86,0,0,2,1
44,0,0,0,1
111,0,0,5,0
127,0,1,2,1
151,1,0,0,1
137,0,0,1,1
106,0,0,2,1
88,0,0,3,1
106,0,0,1,1
57,1,0,0,0
184,0,0,2,1
109,0,0,3,1
127,0,0,2,1
174,0,0,2,1
92,0,0,2,0
81,0,0,1,1
119,0,0,0,0
122,0,0,3,1
34,0,0,1,1
90,0,1,1,1
73,0,0,2,1
19,0,0,1,0
120,0,1,1,1
160,0,0,3,1
141,0,0,0,1
72,0,0,2,1
117,0,1,1,1
79,1,0,2,1
87,0,0,1,1
102,0,0,1,1
49,0,0,1,1
67,0,0,6,1
107,0,0,2,1
118,0,0,2,1
120,0,0,0,1
94,0,0,0,1
115,0,1,1,1
61,0,0,1,1
110,0,0,1,1
104,0,0,1,1
16,0,0,1,1
147,0,0,2,1
102,1,0,3,1
64,0,1,1,1
103,0,0,2,1
152,0,0,1,0
124,0,0,1,0
97,0,0,1,1
131,0,0,1,0
57,0,1,2,1
157,0,0,2,1
194,0,0,0,1
66,0,0,1,1
123,0,0,4,0
116,0,0,2,1
63,0,0,1,1
64,0,0,3,1
96,0,0,3,1
105,0,0,3,1
53,0,1,2,1
129,0,1,3,1
93,0,0,0,1
115,1,0,1,0
25,0,0,1,0
73,0,0,1,1
97,0,0,0,0
148,0,0,1,1
85,0,1,1,1
86,1,0,2,0
78,0,1,2,1
106,0,0,3,1
145,0,0,1,0
91,0,0,3,1
116,0,1,1,1
69,0,1,1,1
135,0,0,0,1
73,0,0,2,1
48,0,0,1,1
125,1,0,0,0
100,0,0,1,1
64,0,0,2,1
116,1,1,1,1
147,1,1,3,0
84,0,1,4,1
86,0,1,4,1
134,0,0,2,1
105,0,0,0,0
88,0,0,2,1
86,0,0,1,1
141,0,1,1,0
148,0,0,2,1
163,0,1,2,1
89,0,1,1,1
63,0,0,0,1
102,0,0,2,1
104,0,0,2,1
63,0,1,1,1
105,0,1,3,1
68,1,1,1,1
63,1,1,1,1
91,1,0,2,0
101,0,0,5,1
116,0,0,0,0
131,0,1,1,1
84,0,0,1,1
104,0,0,2,1
108,0,0,3,1
111,0,0,0,1
155,0,1,1,1
66,0,0,1,1
64,0,0,1,1
69,0,0,2,1
101,0,0,0,1
15,0,0,2,1
88,0,0,4,0
197,0,0,0,1
50,1,0,2,0
172,0,0,2,1
188,1,1,1,0
85,1,0,3,1
103,1,0,1,0
136,0,1,3,1
155,0,1,0,1
145,0,0,2,1
116,0,1,2,1
152,0,0,2,1
65,1,0,0,0
180,0,0,3,0
67,0,0,0,1
60,0,0,0,1
44,0,0,4,0
25,0,0,2,1
145,0,0,1,1
122,0,1,2,1
121,0,0,0,0
55,1,0,0,1
77,0,0,1,1
12,0,0,2,1
64,0,0,3,1
92,0,1,2,1
125,1,1,1,0
160,0,0,1,1
79,0,0,0,1
36,0,0,3,1
138,1,0,1,1
72,0,0,2,1
74,0,0,3,0
134,0,1,0,1
145,0,0,1,1
136,0,0,0,1
66,1,0,3,1
152,0,1,1,1
162,0,0,1,1
72,0,0,2,1
101,0,0,4,1
125,0,0,0,1
46,0,0,2,1
132,0,0,1,0
193,0,1,0,1
63,0,0,0,0
124,0,0,1,1
144,0,0,0,1
97,0,1,1,1
137,0,1,2,1
142,0,1,0,1
119,0,1,1,1
158,0,0,1,1
50,0,0,1,1
98,0,0,2,1
101,0,1,2,1
51,0,0,0,1
117,0,0,2,1
92,1,0,0,1
86,0,0,2,1
122,0,0,2,1
156,0,1,1,1
127,0,0,0,0
130,1,0,5,0
158,0,0,2,1
145,1,1,1,1
90,1,1,0,0
127,0,1,3,1
109,0,0,1,1
88,0,0,1,1
101,0,1,0,1
21,0,0,1,1
145,0,1,2,1
33,0,0,1,1
61,0,1,2,0
107,0,0,3,1
147,0,0,0,0
95,0,0,1,1
128,0,0,0,1
134,0,0,2,1
96,0,1,1,1
107,0,0,0,1
123,0,0,2,1
35,0,0,2,1
137,1,0,0,0
88,0,0,1,1
116,0,1,3,1
123,0,1,2,1
146,1,0,1,1
106,0,1,3,1
121,0,1,1,1
137,0,0,1,1
67,0,1,1,1
161,0,0,4,0
62,1,1,0,0
120,0,1,1,1
130,0,1,0,1
20,0,0,2,1
112,0,0,0,1
77,0,0,3,1
109,0,0,2,1
108,0,0,3,1
79,0,1,1,1
38,0,0,5,0
109,0,1,6,0
78,0,0,1,1
134,0,0,0,1
47,0,1,2,1
59,0,1,0,1
151,0,0,0,1
129,0,0,1,1
107,0,1,2,1
137,1,0,0,0
76,0,0,1,1
24,0,0,0,1
169,0,0,2,1
30,0,0,1,1
70,0,0,3,1
52,1,0,0,0
3,0,0,4,1
38,0,0,2,1
104,0,0,3,1
27,0,0,1,1
13,0,0,2,1
52,0,0,2,1
114,0,1,1,1
156,0,0,1,1
62,0,0,2,1
52,0,0,3,1
146,0,0,1,1
120,0,1,2,1
90,0,0,1,1
147,1,0,1,1
159,0,0,0,0
74,0,1,4,1
87,0,0,2,1
99,0,0,2,1
131,0,0,2,1
89,0,0,5,0
123,1,0,4,0
130,0,1,1,1
99,0,0,1,1
36,0,0,1,1
87,0,0,3,1
139,0,0,2,1
189,0,0,1,1
96,0,1,3,1
112,0,0,2,1
108,0,1,0,1
121,0,1,0,1
116,0,0,1,1
161,0,0,1,1
19,1,0,0,1
119,1,1,0,1
125,0,0,0,1
156,0,0,1,1
109,0,0,2,1
95,0,0,2,1
90,0,0,1,1
105,0,1,2,1
101,0,0,1,1
95,0,0,1,1
123,0,0,0,1
141,0,1,1,1
75,0,1,4,1
126,0,1,0,1
153,0,0,0,1
97,0,1,2,0
115,0,0,2,1
17,1,0,0,0
105,0,1,1,1
121,0,0,2,1
125,0,0,2,1
124,0,0,2,1
123,0,1,3,1
124,0,0,3,1
133,0,0,2,1
1,0,1,1,1
107,0,0,1,1
91,0,1,1,1
178,1,0,2,0
123,0,0,1,1
170,0,0,1,0
135,0,0,1,1
134,0,1,2,1
93,0,0,1,0
138,0,0,0,1
159,0,0,0,1
103,0,1,1,1
150,0,1,0,1
37,0,0,3,1
33,1,0,0,1
55,0,0,1,1
107,0,0,2,1
78,0,0,1,0
85,0,1,4,0
61,0,1,2,1
97,0,1,5,1
136,1,0,2,1
135,0,0,3,1
87,0,1,1,1
148,0,0,2,0
99,0,0,2,1
123,0,0,2,1
127,1,0,1,1
151,0,0,0,1
185,0,0,1,1
58,0,0,4,1
58,0,0,4,1
108,0,0,0,1
132,0,0,1,1
80,0,0,2,1
110,0,0,2,1
168,0,0,2,0
125,0,1,1,1
170,0,0,2,1
71,0,0,3,1
124,0,0,1,1
68,0,0,2,1
97,0,0,1,1
98,1,0,1,1
24,0,0,2,0
136,0,0,0,1
44,0,0,0,0
96,0,1,0,1
24,0,0,1,1
112,0,1,4,1
117,1,0,1,0
137,0,1,0,1
95,0,0,0,1
145,0,0,1,0
56,1,0,1,1
133,0,0,0,0
53,0,0,2,1
123,0,0,5,0
62,0,0,1,1
55,0,1,1,1
125,0,0,1,1
1,0,0,5,0
98,0,1,6,0
105,0,0,1,1
99,0,0,3,0
177,0,0,1,1
160,0,0,1,0
90,0,1,1,1
148,1,0,0,0
147,0,1,2,0
80,0,0,0,1
122,1,0,1,1
132,0,0,0,1
83,0,0,1,1
99,0,0,7,0
84,0,0,3,0
46,0,0,1,1
87,0,0,2,1
73,0,0,1,1
7,0,0,3,1
89,0,1,2,1
131,1,0,3,0
105,0,0,3,1
47,0,1,1,1
161,0,0,1,1
69,0,1,2,1
87,0,1,0,1
71,0,0,0,1
76,0,0,1,1
87,0,0,3,1
117,0,0,1,1
177,0,0,3,0
95,0,0,1,1
66,0,0,2,1
110,0,0,1,1
133,0,1,5,1
185,0,0,2,1
91,0,0,1,1
131,0,0,2,1
153,0,0,0,1
132,0,1,2,1
141,0,0,5,1
105,0,0,2,1
169,0,0,3,0
127,0,1,1,1
123,0,1,0,1
103,0,1,4,0
101,0,0,1,1
123,0,1,2,1
78,0,1,6,1
101,0,1,4,1
129,0,0,1,1
67,0,1,0,1
37,0,0,3,1
173,0,0,1,1
135,0,0,1,1
75,0,1,1,1
88,0,0,4,0
112,0,0,3,1
113,0,0,0,1
121,0,1,2,1
90,0,0,0,1
39,0,0,0,1
176,0,0,1,1
105,0,0,1,1
57,0,0,2,0
110,0,0,1,1
95,0,0,0,1
147,0,0,3,1
101,0,0,4,0
115,0,0,1,1
103,0,0,2,1
82,0,0,0,1
141,0,0,0,1
149,0,0,2,1
119,0,0,1,1
112,0,0,3,1
116,0,1,2,1
94,0,0,3,1
90,0,0,2,1
114,0,1,0,1
63,0,1,1,1
122,0,1,3,1
62,0,0,0,1
78,0,1,2,1
148,0,1,1,1
154,0,0,3,0
110,0,1,1,1
75,0,0,0,0
84,0,1,2,1
113,0,0,1,1
181,0,1,2,1
51,0,0,2,1
102,0,1,0,1
107,0,0,1,1
88,0,0,5,0
82,0,0,0,1
204,0,0,6,1
174,0,0,0,1
129,0,0,2,1
190,1,0,3,1
54,1,0,3,1
78,0,0,0,1
100,0,1,1,1
70,0,1,3,1
117,0,0,1,1
68,0,0,0,1
27,0,0,2,0
91,0,0,1,1
181,0,1,1,1
118,0,1,3,1
112,0,0,2,1
93,0,0,0,1
102,0,0,0,1
93,0,0,0,1
107,0,1,1,1
115,0,0,2,1
63,0,1,0,1
119,0,1,1,1
73,0,0,1,1
98,0,1,2,1
139,1,0,0,1
31,0,1,1,1
129,0,1,1,1
115,0,0,7,0
108,0,0,2,0
102,0,0,4,1
149,0,0,1,1
131,0,1,1,1
83,0,0,0,1
96,0,1,2,1
98,0,0,1,1
3,0,0,3,1
77,0,1,0,1
75,0,1,3,1
40,0,0,4,0
16,0,0,3,1
115,0,1,2,1
108,0,1,3,1
107,0,0,5,1
161,0,0,2,0
147,0,0,2,1
107,0,0,3,1
58,0,0,3,1
91,0,0,2,1
13,0,0,2,1
93,0,1,1,1
95,0,0,2,1
104,0,0,3,1
35,0,0,5,0
62,0,0,3,1
143,0,0,1,1
60,1,0,0,0
41,0,0,1,1
56,0,0,0,0
94,0,0,2,1
73,0,1,2,1
127,1,0,4,0
33,0,0,3,1
148,0,0,2,1
81,0,0,0,1
122,0,1,2,1
52,0,0,1,1
91,0,1,1,1
54,0,0,2,0
152,0,0,1,1
201,0,0,1,0
78,0,0,4,0
67,0,0,0,1
100,0,0,1,1
41,0,0,3,1
133,0,0,3,1
36,0,1,2,1
51,0,1,0,1
122,0,0,0,1
110,0,0,1,1
91,1,0,1,1
121,0,0,5,1
109,0,0,3,1
72,0,0,0,1
108,0,0,3,1
148,1,0,1,1
76,1,0,0,0
103,0,0,6,0
87,0,0,0,0
35,0,1,2,1
77,0,1,2,1
124,0,0,1,1
30,0,0,0,1
53,0,1,2,1
100,1,0,1,1
59,0,1,1,1
143,0,0,3,1
111,0,0,1,0
143,0,0,1,1
68,1,1,3,0
93,1,0,1,1
103,0,0,2,1
144,0,1,0,1
93,0,0,1,1
149,1,0,3,1
23,0,1,1,1
221,0,1,0,1
164,0,1,1,1
104,0,1,2,1
150,0,1,2,1
184,0,1,0,1
61,1,1,3,1
115,0,0,3,0
33,0,0,2,1
100,0,0,2,0
75,0,1,1,1
121,0,1,0,1
142,1,0,1,1
121,0,0,3,0
87,0,1,2,1
34,0,0,1,1
177,1,0,1,0
58,0,1,0,1
113,1,0,5,0
89,0,0,3,1
77,1,1,0,0
146,0,0,4,0
93,0,0,0,1
160,0,0,0,1
55,0,0,0,1
88,0,0,2,1
63,0,0,0,1
57,0,1,1,1
138,1,0,2,0
115,0,0,3,1
171,0,0,2,1
127,0,0,1,1
61,0,0,1,1
131,0,0,1,1
88,0,0,1,1
130,0,0,2,1
89,0,1,0,1
82,0,0,3,0
115,0,0,1,1
117,1,0,1,1
60,0,0,2,1
62,0,0,2,1
131,0,0,3,1
65,0,0,1,1
142,0,1,1,1
134,0,0,2,1
139,0,1,2,1
76,0,0,4,0
100,0,0,1,1
99,0,1,3,1
106,0,1,0,1
170,0,1,4,0
78,0,0,1,1
39,0,0,1,1
119,1,1,1,0
95,0,0,0,1
116,0,0,1,1
110,0,0,1,1
74,0,0,1,1
148,0,1,1,1
83,0,0,1,1
73,0,0,2,1
111,0,1,1,1
75,1,0,1,1
71,1,0,4,0
58,0,1,2,1
172,0,0,4,1
45,0,0,1,1
100,1,0,4,1
94,0,0,2,1
128,0,0,2,1
181,0,0,2,1
127,0,0,1,1
89,0,0,1,1
149,0,1,0,1
103,0,1,0,1
163,1,0,1,1
52,0,0,2,1
89,0,0,3,1
122,1,0,4,0
62,0,0,4,0
117,0,0,5,0
78,0,0,2,1
96,0,0,1,1
79,0,0,2,1
192,0,1,2,1
68,0,0,3,1
28,0,0,2,1
74,0,1,0,1
